timestamp,window_start,window_end,best_lag,pearson
2026-07-23T23:50:13.916738+00:00,2020-01-01,2020-03-30,20,-0.484861
2026-07-23T23:50:13.957965+00:00,2020-01-02,2020-03-31,20,-0.44598
2026-07-23T23:50:13.999089+00:00,2020-01-03,2020-04-01,20,-0.401635
2026-07-23T23:50:14.039794+00:00,2020-01-04,2020-04-02,20,-0.363088
2026-07-23T23:50:14.079910+00:00,2020-01-05,2020-04-03,-16,-0.321554
2026-07-23T23:50:14.119178+00:00,2020-01-06,2020-04-04,-17,-0.368313
2026-07-23T23:50:14.158202+00:00,2020-01-07,2020-04-05,-17,-0.37645
2026-07-23T23:50:14.197486+00:00,2020-01-08,2020-04-06,-17,-0.374931
2026-07-23T23:50:14.237088+00:00,2020-01-09,2020-04-07,-17,-0.376383
2026-07-23T23:50:14.276119+00:00,2020-01-10,2020-04-08,-18,-0.457667
2026-07-23T23:50:14.316293+00:00,2020-01-11,2020-04-09,-18,-0.469621
2026-07-23T23:50:14.355295+00:00,2020-01-12,2020-04-10,-18,-0.472038
2026-07-23T23:50:14.395098+00:00,2020-01-13,2020-04-11,-18,-0.475035
2026-07-23T23:50:14.434912+00:00,2020-01-14,2020-04-12,-18,-0.478252
2026-07-23T23:50:14.474886+00:00,2020-01-15,2020-04-13,-18,-0.481275
2026-07-23T23:50:14.513867+00:00,2020-01-16,2020-04-14,-18,-0.483706
2026-07-23T23:50:14.553467+00:00,2020-01-17,2020-04-15,-18,-0.485252
2026-07-23T23:50:14.593301+00:00,2020-01-18,2020-04-16,-18,-0.4858
2026-07-23T23:50:14.633164+00:00,2020-01-19,2020-04-17,-18,-0.475806
2026-07-23T23:50:14.673028+00:00,2020-01-20,2020-04-18,-18,-0.468471
2026-07-23T23:50:14.712052+00:00,2020-01-21,2020-04-19,-19,-0.474454
2026-07-23T23:50:14.750870+00:00,2020-01-22,2020-04-20,-19,-0.476178
2026-07-23T23:50:14.791109+00:00,2020-01-23,2020-04-21,-19,-0.485195
2026-07-23T23:50:14.830952+00:00,2020-01-24,2020-04-22,-19,-0.495007
2026-07-23T23:50:14.871112+00:00,2020-01-25,2020-04-23,-18,-0.471747
2026-07-23T23:50:14.910170+00:00,2020-01-26,2020-04-24,-18,-0.45291
2026-07-23T23:50:14.949760+00:00,2020-01-27,2020-04-25,-18,-0.413633
2026-07-23T23:50:14.988977+00:00,2020-01-28,2020-04-26,-27,-0.384892
2026-07-23T23:50:15.029150+00:00,2020-01-29,2020-04-27,-18,-0.351971
2026-07-23T23:50:15.069017+00:00,2020-01-30,2020-04-28,-18,-0.326805
2026-07-23T23:50:15.107718+00:00,2020-01-31,2020-04-29,-18,-0.298417
2026-07-23T23:50:15.146322+00:00,2020-02-01,2020-04-30,14,0.272213
2026-07-23T23:50:15.186378+00:00,2020-02-02,2020-05-01,14,0.290195
2026-07-23T23:50:15.226134+00:00,2020-02-03,2020-05-02,14,0.307008
2026-07-23T23:50:15.266244+00:00,2020-02-04,2020-05-03,14,0.324499
2026-07-23T23:50:15.305203+00:00,2020-02-05,2020-05-04,14,0.339264
2026-07-23T23:50:15.345251+00:00,2020-02-06,2020-05-05,14,0.343316
2026-07-23T23:50:15.385130+00:00,2020-02-07,2020-05-06,14,0.344735
2026-07-23T23:50:15.424871+00:00,2020-02-08,2020-05-07,14,0.342847
2026-07-23T23:50:15.464453+00:00,2020-02-09,2020-05-08,14,0.336942
2026-07-23T23:50:15.503465+00:00,2020-02-10,2020-05-09,14,0.327486
2026-07-23T23:50:15.542323+00:00,2020-02-11,2020-05-10,15,0.313363
2026-07-23T23:50:15.582246+00:00,2020-02-12,2020-05-11,-11,-0.331746
2026-07-23T23:50:15.622408+00:00,2020-02-13,2020-05-12,-12,-0.382553
2026-07-23T23:50:15.662181+00:00,2020-02-14,2020-05-13,-13,-0.416412
2026-07-23T23:50:15.701222+00:00,2020-02-15,2020-05-14,-14,-0.470234
2026-07-23T23:50:15.740566+00:00,2020-02-16,2020-05-15,-15,-0.494842
2026-07-23T23:50:15.780468+00:00,2020-02-17,2020-05-16,-16,-0.502731
2026-07-23T23:50:15.819927+00:00,2020-02-18,2020-05-17,-17,-0.503897
2026-07-23T23:50:15.860227+00:00,2020-02-19,2020-05-18,-18,-0.49496
2026-07-23T23:50:15.899041+00:00,2020-02-20,2020-05-19,-18,-0.487144
2026-07-23T23:50:15.938755+00:00,2020-02-21,2020-05-20,-18,-0.465884
2026-07-23T23:50:15.978957+00:00,2020-02-22,2020-05-21,-18,-0.447142
2026-07-23T23:50:16.018850+00:00,2020-02-23,2020-05-22,-18,-0.430433
2026-07-23T23:50:16.058187+00:00,2020-02-24,2020-05-23,-18,-0.415325
2026-07-23T23:50:16.098165+00:00,2020-02-25,2020-05-24,-18,-0.40764
2026-07-23T23:50:16.137278+00:00,2020-02-26,2020-05-25,-18,-0.400517
2026-07-23T23:50:16.177053+00:00,2020-02-27,2020-05-26,-18,-0.393756
2026-07-23T23:50:16.216726+00:00,2020-02-28,2020-05-27,-18,-0.387174
2026-07-23T23:50:16.256099+00:00,2020-02-29,2020-05-28,-18,-0.374734
2026-07-23T23:50:16.295569+00:00,2020-03-01,2020-05-29,-18,-0.362196
2026-07-23T23:50:16.334728+00:00,2020-03-02,2020-05-30,-18,-0.349373
2026-07-23T23:50:16.374328+00:00,2020-03-03,2020-05-31,-18,-0.336108
2026-07-23T23:50:16.413808+00:00,2020-03-04,2020-06-01,-18,-0.322275
2026-07-23T23:50:16.453367+00:00,2020-03-05,2020-06-02,-18,-0.309181
2026-07-23T23:50:16.492943+00:00,2020-03-06,2020-06-03,28,-0.308295
2026-07-23T23:50:16.531110+00:00,2020-03-07,2020-06-04,26,-0.378884
2026-07-23T23:50:16.570640+00:00,2020-03-08,2020-06-05,26,-0.462625
2026-07-23T23:50:16.610401+00:00,2020-03-09,2020-06-06,27,-0.555904
2026-07-23T23:50:16.650757+00:00,2020-03-10,2020-06-07,26,-0.640872
2026-07-23T23:50:16.690487+00:00,2020-03-11,2020-06-08,25,-0.679156
2026-07-23T23:50:16.729495+00:00,2020-03-12,2020-06-09,25,-0.695699
2026-07-23T23:50:16.769099+00:00,2020-03-13,2020-06-10,25,-0.704899
2026-07-23T23:50:16.809165+00:00,2020-03-14,2020-06-11,25,-0.710682
2026-07-23T23:50:16.848995+00:00,2020-03-15,2020-06-12,25,-0.716122
2026-07-23T23:50:16.888549+00:00,2020-03-16,2020-06-13,25,-0.721129
2026-07-23T23:50:16.928100+00:00,2020-03-17,2020-06-14,25,-0.725604
2026-07-23T23:50:16.966905+00:00,2020-03-18,2020-06-15,25,-0.724384
2026-07-23T23:50:17.006182+00:00,2020-03-19,2020-06-16,25,-0.701565
2026-07-23T23:50:17.045312+00:00,2020-03-20,2020-06-17,24,-0.682461
2026-07-23T23:50:17.084578+00:00,2020-03-21,2020-06-18,24,-0.674847
2026-07-23T23:50:17.124292+00:00,2020-03-22,2020-06-19,24,-0.667747
2026-07-23T23:50:17.164075+00:00,2020-03-23,2020-06-20,24,-0.66118
2026-07-23T23:50:17.202888+00:00,2020-03-24,2020-06-21,25,-0.651416
2026-07-23T23:50:17.242218+00:00,2020-03-25,2020-06-22,25,-0.636199
2026-07-23T23:50:17.282064+00:00,2020-03-26,2020-06-23,25,-0.621099
2026-07-23T23:50:17.321411+00:00,2020-03-27,2020-06-24,25,-0.60583
2026-07-23T23:50:17.361336+00:00,2020-03-28,2020-06-25,25,-0.590145
2026-07-23T23:50:17.400962+00:00,2020-03-29,2020-06-26,25,-0.588141
2026-07-23T23:50:17.440276+00:00,2020-03-30,2020-06-27,25,-0.581504
2026-07-23T23:50:17.480118+00:00,2020-03-31,2020-06-28,25,-0.578821
2026-07-23T23:50:17.519711+00:00,2020-04-01,2020-06-29,25,-0.578426
2026-07-23T23:50:17.559701+00:00,2020-04-02,2020-06-30,26,-0.59476
2026-07-23T23:50:17.599296+00:00,2020-04-03,2020-07-01,25,-0.620673
2026-07-23T23:50:17.639190+00:00,2020-04-04,2020-07-02,26,-0.652941
2026-07-23T23:50:17.677553+00:00,2020-04-05,2020-07-03,26,-0.689814
2026-07-23T23:50:17.717005+00:00,2020-04-06,2020-07-04,25,-0.721118
2026-07-23T23:50:17.756712+00:00,2020-04-07,2020-07-05,25,-0.721642
2026-07-23T23:50:17.796885+00:00,2020-04-08,2020-07-06,25,-0.726003
2026-07-23T23:50:17.836891+00:00,2020-04-09,2020-07-07,25,-0.733339
2026-07-23T23:50:17.876784+00:00,2020-04-10,2020-07-08,25,-0.719049
2026-07-23T23:50:17.915607+00:00,2020-04-11,2020-07-09,25,-0.697885
2026-07-23T23:50:17.955595+00:00,2020-04-12,2020-07-10,25,-0.662793
2026-07-23T23:50:17.995083+00:00,2020-04-13,2020-07-11,25,-0.627148
2026-07-23T23:50:18.035343+00:00,2020-04-14,2020-07-12,25,-0.591119
2026-07-23T23:50:18.074313+00:00,2020-04-15,2020-07-13,26,-0.548321
2026-07-23T23:50:18.114519+00:00,2020-04-16,2020-07-14,26,-0.497853
2026-07-23T23:50:18.154469+00:00,2020-04-17,2020-07-15,26,-0.464204
2026-07-23T23:50:18.194495+00:00,2020-04-18,2020-07-16,26,-0.416073
2026-07-23T23:50:18.234482+00:00,2020-04-19,2020-07-17,26,-0.370825
2026-07-23T23:50:18.273477+00:00,2020-04-20,2020-07-18,1,0.364977
2026-07-23T23:50:18.313193+00:00,2020-04-21,2020-07-19,1,0.376511
2026-07-23T23:50:18.353443+00:00,2020-04-22,2020-07-20,1,0.388693
2026-07-23T23:50:18.393531+00:00,2020-04-23,2020-07-21,1,0.395752
2026-07-23T23:50:18.433307+00:00,2020-04-24,2020-07-22,1,0.400793
2026-07-23T23:50:18.472867+00:00,2020-04-25,2020-07-23,0,0.398881
2026-07-23T23:50:18.512629+00:00,2020-04-26,2020-07-24,0,0.399446
2026-07-23T23:50:18.552322+00:00,2020-04-27,2020-07-25,0,0.38348
2026-07-23T23:50:18.592006+00:00,2020-04-28,2020-07-26,-23,-0.377861
2026-07-23T23:50:18.632346+00:00,2020-04-29,2020-07-27,-24,-0.403604
2026-07-23T23:50:18.671605+00:00,2020-04-30,2020-07-28,-25,-0.509125
2026-07-23T23:50:18.710778+00:00,2020-05-01,2020-07-29,-26,-0.616941
2026-07-23T23:50:18.751072+00:00,2020-05-02,2020-07-30,-27,-0.619506
2026-07-23T23:50:18.791339+00:00,2020-05-03,2020-07-31,-28,-0.591468
2026-07-23T23:50:18.831098+00:00,2020-05-04,2020-08-01,-29,-0.571824
2026-07-23T23:50:18.869762+00:00,2020-05-05,2020-08-02,30,-0.588586
2026-07-23T23:50:18.909785+00:00,2020-05-06,2020-08-03,30,-0.611695
2026-07-23T23:50:18.948494+00:00,2020-05-07,2020-08-04,30,-0.640563
2026-07-23T23:50:18.987992+00:00,2020-05-08,2020-08-05,30,-0.685076
2026-07-23T23:50:19.027776+00:00,2020-05-09,2020-08-06,30,-0.731059
2026-07-23T23:50:19.067782+00:00,2020-05-10,2020-08-07,30,-0.768268
2026-07-23T23:50:19.107440+00:00,2020-05-11,2020-08-08,30,-0.787557
2026-07-23T23:50:19.147905+00:00,2020-05-12,2020-08-09,30,-0.802205
2026-07-23T23:50:19.187657+00:00,2020-05-13,2020-08-10,30,-0.813761
2026-07-23T23:50:19.227628+00:00,2020-05-14,2020-08-11,30,-0.823552
2026-07-23T23:50:19.266897+00:00,2020-05-15,2020-08-12,30,-0.837391
2026-07-23T23:50:19.306521+00:00,2020-05-16,2020-08-13,30,-0.844474
2026-07-23T23:50:19.344576+00:00,2020-05-17,2020-08-14,30,-0.835234
2026-07-23T23:50:19.384569+00:00,2020-05-18,2020-08-15,30,-0.820472
2026-07-23T23:50:19.424025+00:00,2020-05-19,2020-08-16,29,-0.806577
2026-07-23T23:50:19.463909+00:00,2020-05-20,2020-08-17,29,-0.794961
2026-07-23T23:50:19.504021+00:00,2020-05-21,2020-08-18,29,-0.789911
2026-07-23T23:50:19.543858+00:00,2020-05-22,2020-08-19,30,-0.779373
2026-07-23T23:50:19.583617+00:00,2020-05-23,2020-08-20,30,-0.77406
2026-07-23T23:50:19.623371+00:00,2020-05-24,2020-08-21,30,-0.767885
2026-07-23T23:50:19.663587+00:00,2020-05-25,2020-08-22,29,-0.765469
2026-07-23T23:50:19.703413+00:00,2020-05-26,2020-08-23,29,-0.764312
2026-07-23T23:50:19.742388+00:00,2020-05-27,2020-08-24,29,-0.763746
2026-07-23T23:50:19.780974+00:00,2020-05-28,2020-08-25,30,-0.769491
2026-07-23T23:50:19.820328+00:00,2020-05-29,2020-08-26,30,-0.775385
2026-07-23T23:50:19.860420+00:00,2020-05-30,2020-08-27,29,-0.779569
2026-07-23T23:50:19.900452+00:00,2020-05-31,2020-08-28,29,-0.779562
2026-07-23T23:50:19.939543+00:00,2020-06-01,2020-08-29,29,-0.779514
2026-07-23T23:50:19.979570+00:00,2020-06-02,2020-08-30,30,-0.780383
2026-07-23T23:50:20.019478+00:00,2020-06-03,2020-08-31,29,-0.783539
2026-07-23T23:50:20.059606+00:00,2020-06-04,2020-09-01,29,-0.787789
2026-07-23T23:50:20.099579+00:00,2020-06-05,2020-09-02,30,-0.800588
2026-07-23T23:50:20.139551+00:00,2020-06-06,2020-09-03,30,-0.8116
2026-07-23T23:50:20.179090+00:00,2020-06-07,2020-09-04,30,-0.821884
2026-07-23T23:50:20.219032+00:00,2020-06-08,2020-09-05,30,-0.840385
2026-07-23T23:50:20.258747+00:00,2020-06-09,2020-09-06,29,-0.841441
2026-07-23T23:50:20.298498+00:00,2020-06-10,2020-09-07,29,-0.841613
2026-07-23T23:50:20.338119+00:00,2020-06-11,2020-09-08,29,-0.841153
2026-07-23T23:50:20.377912+00:00,2020-06-12,2020-09-09,29,-0.840886
2026-07-23T23:50:20.418411+00:00,2020-06-13,2020-09-10,29,-0.840762
2026-07-23T23:50:20.457770+00:00,2020-06-14,2020-09-11,29,-0.840772
2026-07-23T23:50:20.497610+00:00,2020-06-15,2020-09-12,29,-0.840936
2026-07-23T23:50:20.537333+00:00,2020-06-16,2020-09-13,29,-0.842806
2026-07-23T23:50:20.576444+00:00,2020-06-17,2020-09-14,29,-0.842401
2026-07-23T23:50:20.616357+00:00,2020-06-18,2020-09-15,29,-0.845416
2026-07-23T23:50:20.655750+00:00,2020-06-19,2020-09-16,29,-0.852751
2026-07-23T23:50:20.695471+00:00,2020-06-20,2020-09-17,29,-0.86104
2026-07-23T23:50:20.735264+00:00,2020-06-21,2020-09-18,29,-0.870307
2026-07-23T23:50:20.775559+00:00,2020-06-22,2020-09-19,29,-0.88057
2026-07-23T23:50:20.815038+00:00,2020-06-23,2020-09-20,29,-0.88481
2026-07-23T23:50:20.855106+00:00,2020-06-24,2020-09-21,29,-0.884941
2026-07-23T23:50:20.895579+00:00,2020-06-25,2020-09-22,29,-0.884701
2026-07-23T23:50:20.934761+00:00,2020-06-26,2020-09-23,29,-0.869837
2026-07-23T23:50:20.974326+00:00,2020-06-27,2020-09-24,29,-0.859804
2026-07-23T23:50:21.013913+00:00,2020-06-28,2020-09-25,29,-0.851618
2026-07-23T23:50:21.053824+00:00,2020-06-29,2020-09-26,29,-0.854184
2026-07-23T23:50:21.093784+00:00,2020-06-30,2020-09-27,28,-0.856373
2026-07-23T23:50:21.133067+00:00,2020-07-01,2020-09-28,28,-0.847292
2026-07-23T23:50:21.173015+00:00,2020-07-02,2020-09-29,28,-0.836252
2026-07-23T23:50:21.213038+00:00,2020-07-03,2020-09-30,28,-0.828037
2026-07-23T23:50:21.252427+00:00,2020-07-04,2020-10-01,29,-0.824
2026-07-23T23:50:21.292412+00:00,2020-07-05,2020-10-02,28,-0.821109
2026-07-23T23:50:21.332092+00:00,2020-07-06,2020-10-03,28,-0.807203
2026-07-23T23:50:21.371836+00:00,2020-07-07,2020-10-04,28,-0.797084
2026-07-23T23:50:21.411406+00:00,2020-07-08,2020-10-05,28,-0.78562
2026-07-23T23:50:21.451596+00:00,2020-07-09,2020-10-06,28,-0.769765
2026-07-23T23:50:21.491887+00:00,2020-07-10,2020-10-07,28,-0.746964
2026-07-23T23:50:21.531688+00:00,2020-07-11,2020-10-08,17,-0.71771
2026-07-23T23:50:21.571218+00:00,2020-07-12,2020-10-09,16,-0.657184
2026-07-23T23:50:21.610977+00:00,2020-07-13,2020-10-10,15,-0.619052
2026-07-23T23:50:21.651138+00:00,2020-07-14,2020-10-11,14,-0.574673
2026-07-23T23:50:21.690646+00:00,2020-07-15,2020-10-12,7,-0.559599
2026-07-23T23:50:21.731155+00:00,2020-07-16,2020-10-13,6,-0.566631
2026-07-23T23:50:21.771329+00:00,2020-07-17,2020-10-14,6,-0.563144
2026-07-23T23:50:21.810826+00:00,2020-07-18,2020-10-15,-12,-0.56599
2026-07-23T23:50:21.851333+00:00,2020-07-19,2020-10-16,-11,-0.578895
2026-07-23T23:50:21.891354+00:00,2020-07-20,2020-10-17,-11,-0.590836
2026-07-23T23:50:21.931491+00:00,2020-07-21,2020-10-18,-11,-0.601977
2026-07-23T23:50:21.971561+00:00,2020-07-22,2020-10-19,30,0.702587
2026-07-23T23:50:22.011585+00:00,2020-07-23,2020-10-20,30,0.740576
2026-07-23T23:50:22.051770+00:00,2020-07-24,2020-10-21,30,0.754
2026-07-23T23:50:22.091715+00:00,2020-07-25,2020-10-22,30,0.758457
2026-07-23T23:50:22.131389+00:00,2020-07-26,2020-10-23,30,0.746531
2026-07-23T23:50:22.171711+00:00,2020-07-27,2020-10-24,30,0.731034
2026-07-23T23:50:22.211753+00:00,2020-07-28,2020-10-25,30,0.712213
2026-07-23T23:50:22.251441+00:00,2020-07-29,2020-10-26,30,0.684477
2026-07-23T23:50:22.291182+00:00,2020-07-30,2020-10-27,30,0.586152
2026-07-23T23:50:22.331171+00:00,2020-07-31,2020-10-28,30,0.537072
2026-07-23T23:50:22.371056+00:00,2020-08-01,2020-10-29,30,0.478539
2026-07-23T23:50:22.410751+00:00,2020-08-02,2020-10-30,-30,0.449783
2026-07-23T23:50:22.449968+00:00,2020-08-03,2020-10-31,-30,0.460357
2026-07-23T23:50:22.489257+00:00,2020-08-04,2020-11-01,-30,0.460656
2026-07-23T23:50:22.528558+00:00,2020-08-05,2020-11-02,-30,0.467105
2026-07-23T23:50:22.568436+00:00,2020-08-06,2020-11-03,-30,0.47524
2026-07-23T23:50:22.608340+00:00,2020-08-07,2020-11-04,-30,0.487601
2026-07-23T23:50:22.648051+00:00,2020-08-08,2020-11-05,-30,0.510273
2026-07-23T23:50:22.688204+00:00,2020-08-09,2020-11-06,-30,0.516695
2026-07-23T23:50:22.727724+00:00,2020-08-10,2020-11-07,-30,0.513313
2026-07-23T23:50:22.766984+00:00,2020-08-11,2020-11-08,-30,0.426768
2026-07-23T23:50:22.806910+00:00,2020-08-12,2020-11-09,-30,0.315695
2026-07-23T23:50:22.846576+00:00,2020-08-13,2020-11-10,17,-0.287366
2026-07-23T23:50:22.886420+00:00,2020-08-14,2020-11-11,17,-0.306323
2026-07-23T23:50:22.926617+00:00,2020-08-15,2020-11-12,18,-0.323847
2026-07-23T23:50:22.966143+00:00,2020-08-16,2020-11-13,18,-0.332216
2026-07-23T23:50:23.005970+00:00,2020-08-17,2020-11-14,18,-0.347001
2026-07-23T23:50:23.045891+00:00,2020-08-18,2020-11-15,18,-0.374676
2026-07-23T23:50:23.085345+00:00,2020-08-19,2020-11-16,18,-0.405396
2026-07-23T23:50:23.125347+00:00,2020-08-20,2020-11-17,18,-0.430465
2026-07-23T23:50:23.165014+00:00,2020-08-21,2020-11-18,19,-0.451847
2026-07-23T23:50:23.205359+00:00,2020-08-22,2020-11-19,18,-0.473938
2026-07-23T23:50:23.245444+00:00,2020-08-23,2020-11-20,18,-0.498452
2026-07-23T23:50:23.285427+00:00,2020-08-24,2020-11-21,18,-0.517938
2026-07-23T23:50:23.325226+00:00,2020-08-25,2020-11-22,18,-0.533482
2026-07-23T23:50:23.364876+00:00,2020-08-26,2020-11-23,18,-0.537845
2026-07-23T23:50:23.404510+00:00,2020-08-27,2020-11-24,18,-0.549364
2026-07-23T23:50:23.444508+00:00,2020-08-28,2020-11-25,18,-0.551768
2026-07-23T23:50:23.484082+00:00,2020-08-29,2020-11-26,17,-0.55585
2026-07-23T23:50:23.523852+00:00,2020-08-30,2020-11-27,18,-0.561249
2026-07-23T23:50:23.563380+00:00,2020-08-31,2020-11-28,18,-0.5395
2026-07-23T23:50:23.603560+00:00,2020-09-01,2020-11-29,18,-0.515329
2026-07-23T23:50:23.643807+00:00,2020-09-02,2020-11-30,18,-0.50481
2026-07-23T23:50:23.683357+00:00,2020-09-03,2020-12-01,18,-0.508811
2026-07-23T23:50:23.722737+00:00,2020-09-04,2020-12-02,18,-0.518083
2026-07-23T23:50:23.762195+00:00,2020-09-05,2020-12-03,18,-0.524612
2026-07-23T23:50:23.802223+00:00,2020-09-06,2020-12-04,18,-0.527569
2026-07-23T23:50:23.842224+00:00,2020-09-07,2020-12-05,18,-0.528453
2026-07-23T23:50:23.881553+00:00,2020-09-08,2020-12-06,18,-0.525169
2026-07-23T23:50:23.921413+00:00,2020-09-09,2020-12-07,18,-0.51947
2026-07-23T23:50:23.961474+00:00,2020-09-10,2020-12-08,18,-0.510305
2026-07-23T23:50:24.001421+00:00,2020-09-11,2020-12-09,18,-0.498024
2026-07-23T23:50:24.040760+00:00,2020-09-12,2020-12-10,18,-0.484961
2026-07-23T23:50:24.079277+00:00,2020-09-13,2020-12-11,18,-0.471167
2026-07-23T23:50:24.118180+00:00,2020-09-14,2020-12-12,18,-0.456648
2026-07-23T23:50:24.157160+00:00,2020-09-15,2020-12-13,18,-0.443863
2026-07-23T23:50:24.195813+00:00,2020-09-16,2020-12-14,-5,0.474889
2026-07-23T23:50:24.235101+00:00,2020-09-17,2020-12-15,-4,0.516546
2026-07-23T23:50:24.274676+00:00,2020-09-18,2020-12-16,-4,0.543441
2026-07-23T23:50:24.314414+00:00,2020-09-19,2020-12-17,-4,0.569602
2026-07-23T23:50:24.353994+00:00,2020-09-20,2020-12-18,-3,0.587408
2026-07-23T23:50:24.393812+00:00,2020-09-21,2020-12-19,-3,0.599419
2026-07-23T23:50:24.433856+00:00,2020-09-22,2020-12-20,-3,0.61023
2026-07-23T23:50:24.474150+00:00,2020-09-23,2020-12-21,-3,0.620485
2026-07-23T23:50:24.514100+00:00,2020-09-24,2020-12-22,-3,0.626851
2026-07-23T23:50:24.553847+00:00,2020-09-25,2020-12-23,-3,0.633294
2026-07-23T23:50:24.594325+00:00,2020-09-26,2020-12-24,-3,0.637596
2026-07-23T23:50:24.633747+00:00,2020-09-27,2020-12-25,-3,0.642382
2026-07-23T23:50:24.673627+00:00,2020-09-28,2020-12-26,-3,0.641615
2026-07-23T23:50:24.713357+00:00,2020-09-29,2020-12-27,-3,0.637901
2026-07-23T23:50:24.752841+00:00,2020-09-30,2020-12-28,-3,0.631746
2026-07-23T23:50:24.791704+00:00,2020-10-01,2020-12-29,-3,0.613829
2026-07-23T23:50:24.831834+00:00,2020-10-02,2020-12-30,-2,0.574805
2026-07-23T23:50:24.871337+00:00,2020-10-03,2020-12-31,-2,0.538244
2026-07-23T23:50:24.911140+00:00,2020-10-04,2021-01-01,-2,0.502515
2026-07-23T23:50:24.950694+00:00,2020-10-05,2021-01-02,0,0.473356
2026-07-23T23:50:24.991223+00:00,2020-10-06,2021-01-03,0,0.475325
2026-07-23T23:50:25.030592+00:00,2020-10-07,2021-01-04,0,0.476995
2026-07-23T23:50:25.070133+00:00,2020-10-08,2021-01-05,2,0.481232
2026-07-23T23:50:25.109892+00:00,2020-10-09,2021-01-06,2,0.496808
2026-07-23T23:50:25.149982+00:00,2020-10-10,2021-01-07,2,0.513628
2026-07-23T23:50:25.189484+00:00,2020-10-11,2021-01-08,1,0.52478
2026-07-23T23:50:25.229577+00:00,2020-10-12,2021-01-09,1,0.52566
2026-07-23T23:50:25.269886+00:00,2020-10-13,2021-01-10,1,0.526972
2026-07-23T23:50:25.309634+00:00,2020-10-14,2021-01-11,1,0.527394
2026-07-23T23:50:25.349581+00:00,2020-10-15,2021-01-12,2,0.527361
2026-07-23T23:50:25.389771+00:00,2020-10-16,2021-01-13,2,0.527003
2026-07-23T23:50:25.429009+00:00,2020-10-17,2021-01-14,2,0.526619
2026-07-23T23:50:25.469190+00:00,2020-10-18,2021-01-15,2,0.527155
2026-07-23T23:50:25.509049+00:00,2020-10-19,2021-01-16,2,0.528147
2026-07-23T23:50:25.549212+00:00,2020-10-20,2021-01-17,2,0.529725
2026-07-23T23:50:25.588804+00:00,2020-10-21,2021-01-18,2,0.526578
2026-07-23T23:50:25.629172+00:00,2020-10-22,2021-01-19,2,0.525928
2026-07-23T23:50:25.668820+00:00,2020-10-23,2021-01-20,2,0.525495
2026-07-23T23:50:25.708824+00:00,2020-10-24,2021-01-21,2,0.524971
2026-07-23T23:50:25.748459+00:00,2020-10-25,2021-01-22,2,0.522821
2026-07-23T23:50:25.787871+00:00,2020-10-26,2021-01-23,2,0.526636
2026-07-23T23:50:25.828379+00:00,2020-10-27,2021-01-24,2,0.523951
2026-07-23T23:50:25.868557+00:00,2020-10-28,2021-01-25,2,0.51576
2026-07-23T23:50:25.908415+00:00,2020-10-29,2021-01-26,2,0.515064
2026-07-23T23:50:25.948211+00:00,2020-10-30,2021-01-27,3,0.528787
2026-07-23T23:50:25.988443+00:00,2020-10-31,2021-01-28,3,0.552693
2026-07-23T23:50:26.028440+00:00,2020-11-01,2021-01-29,2,0.58655
2026-07-23T23:50:26.068576+00:00,2020-11-02,2021-01-30,2,0.612906
2026-07-23T23:50:26.108761+00:00,2020-11-03,2021-01-31,2,0.620057
2026-07-23T23:50:26.148108+00:00,2020-11-04,2021-02-01,2,0.623369
2026-07-23T23:50:26.188167+00:00,2020-11-05,2021-02-02,2,0.613898
2026-07-23T23:50:26.228362+00:00,2020-11-06,2021-02-03,2,0.612514
2026-07-23T23:50:26.267850+00:00,2020-11-07,2021-02-04,2,0.618105
2026-07-23T23:50:26.307767+00:00,2020-11-08,2021-02-05,2,0.622699
2026-07-23T23:50:26.347711+00:00,2020-11-09,2021-02-06,2,0.627034
2026-07-23T23:50:26.387678+00:00,2020-11-10,2021-02-07,2,0.63094
2026-07-23T23:50:26.427753+00:00,2020-11-11,2021-02-08,2,0.630691
2026-07-23T23:50:26.467492+00:00,2020-11-12,2021-02-09,2,0.631054
2026-07-23T23:50:26.507130+00:00,2020-11-13,2021-02-10,2,0.634424
2026-07-23T23:50:26.546947+00:00,2020-11-14,2021-02-11,2,0.643068
2026-07-23T23:50:26.586720+00:00,2020-11-15,2021-02-12,2,0.650268
2026-07-23T23:50:26.626969+00:00,2020-11-16,2021-02-13,2,0.655398
2026-07-23T23:50:26.666561+00:00,2020-11-17,2021-02-14,2,0.658472
2026-07-23T23:50:26.706418+00:00,2020-11-18,2021-02-15,2,0.66233
2026-07-23T23:50:26.746169+00:00,2020-11-19,2021-02-16,2,0.666835
2026-07-23T23:50:26.786239+00:00,2020-11-20,2021-02-17,2,0.669584
2026-07-23T23:50:26.826628+00:00,2020-11-21,2021-02-18,2,0.666265
2026-07-23T23:50:26.867157+00:00,2020-11-22,2021-02-19,2,0.660889
2026-07-23T23:50:26.907155+00:00,2020-11-23,2021-02-20,2,0.655493
2026-07-23T23:50:26.947079+00:00,2020-11-24,2021-02-21,2,0.648866
2026-07-23T23:50:26.986835+00:00,2020-11-25,2021-02-22,2,0.638683
2026-07-23T23:50:27.026725+00:00,2020-11-26,2021-02-23,2,0.606347
2026-07-23T23:50:27.066777+00:00,2020-11-27,2021-02-24,2,0.571422
2026-07-23T23:50:27.107060+00:00,2020-11-28,2021-02-25,2,0.541704
2026-07-23T23:50:27.146823+00:00,2020-11-29,2021-02-26,2,0.519
2026-07-23T23:50:27.186825+00:00,2020-11-30,2021-02-27,1,0.507776
2026-07-23T23:50:27.226441+00:00,2020-12-01,2021-02-28,0,0.490714
2026-07-23T23:50:27.266495+00:00,2020-12-02,2021-03-01,1,0.463362
2026-07-23T23:50:27.306250+00:00,2020-12-03,2021-03-02,1,0.432701
2026-07-23T23:50:27.346565+00:00,2020-12-04,2021-03-03,1,0.40804
2026-07-23T23:50:27.386454+00:00,2020-12-05,2021-03-04,27,-0.482805
2026-07-23T23:50:27.427094+00:00,2020-12-06,2021-03-05,26,-0.532338
2026-07-23T23:50:27.467443+00:00,2020-12-07,2021-03-06,26,-0.555562
2026-07-23T23:50:27.507222+00:00,2020-12-08,2021-03-07,26,-0.59242
2026-07-23T23:50:27.547260+00:00,2020-12-09,2021-03-08,24,-0.621227
2026-07-23T23:50:27.587109+00:00,2020-12-10,2021-03-09,23,-0.649523
2026-07-23T23:50:27.627280+00:00,2020-12-11,2021-03-10,23,-0.676755
2026-07-23T23:50:27.667100+00:00,2020-12-12,2021-03-11,23,-0.677838
2026-07-23T23:50:27.707302+00:00,2020-12-13,2021-03-12,23,-0.669679
2026-07-23T23:50:27.746839+00:00,2020-12-14,2021-03-13,20,-0.673467
2026-07-23T23:50:27.787254+00:00,2020-12-15,2021-03-14,19,-0.675507
2026-07-23T23:50:27.826749+00:00,2020-12-16,2021-03-15,19,-0.670602
2026-07-23T23:50:27.866933+00:00,2020-12-17,2021-03-16,19,-0.665725
2026-07-23T23:50:27.906627+00:00,2020-12-18,2021-03-17,19,-0.65977
2026-07-23T23:50:27.946660+00:00,2020-12-19,2021-03-18,19,-0.653581
2026-07-23T23:50:27.986646+00:00,2020-12-20,2021-03-19,19,-0.64716
2026-07-23T23:50:28.027114+00:00,2020-12-21,2021-03-20,19,-0.640389
2026-07-23T23:50:28.067455+00:00,2020-12-22,2021-03-21,19,-0.633442
2026-07-23T23:50:28.107897+00:00,2020-12-23,2021-03-22,19,-0.602482
2026-07-23T23:50:28.147982+00:00,2020-12-24,2021-03-23,23,-0.59835
2026-07-23T23:50:28.188028+00:00,2020-12-25,2021-03-24,23,-0.590823
2026-07-23T23:50:28.228272+00:00,2020-12-26,2021-03-25,23,-0.562335
2026-07-23T23:50:28.268270+00:00,2020-12-27,2021-03-26,26,-0.544453
2026-07-23T23:50:28.308221+00:00,2020-12-28,2021-03-27,26,-0.59467
2026-07-23T23:50:28.348442+00:00,2020-12-29,2021-03-28,26,-0.635742
2026-07-23T23:50:28.387647+00:00,2020-12-30,2021-03-29,26,-0.652933
2026-07-23T23:50:28.427786+00:00,2020-12-31,2021-03-30,26,-0.657235
2026-07-23T23:50:28.468106+00:00,2021-01-01,2021-03-31,26,-0.665113
2026-07-23T23:50:28.507727+00:00,2021-01-02,2021-04-01,26,-0.673384
2026-07-23T23:50:28.547500+00:00,2021-01-03,2021-04-02,26,-0.683052
2026-07-23T23:50:28.587616+00:00,2021-01-04,2021-04-03,26,-0.696529
2026-07-23T23:50:28.627407+00:00,2021-01-05,2021-04-04,26,-0.699554
2026-07-23T23:50:28.667777+00:00,2021-01-06,2021-04-05,26,-0.705182
2026-07-23T23:50:28.708001+00:00,2021-01-07,2021-04-06,26,-0.717832
2026-07-23T23:50:28.747801+00:00,2021-01-08,2021-04-07,26,-0.724643
2026-07-23T23:50:28.787821+00:00,2021-01-09,2021-04-08,26,-0.728659
2026-07-23T23:50:28.828377+00:00,2021-01-10,2021-04-09,26,-0.729133
2026-07-23T23:50:28.867383+00:00,2021-01-11,2021-04-10,26,-0.729072
2026-07-23T23:50:28.907479+00:00,2021-01-12,2021-04-11,26,-0.721855
2026-07-23T23:50:28.947622+00:00,2021-01-13,2021-04-12,26,-0.709226
2026-07-23T23:50:28.987598+00:00,2021-01-14,2021-04-13,26,-0.688995
2026-07-23T23:50:29.027149+00:00,2021-01-15,2021-04-14,26,-0.66514
2026-07-23T23:50:29.067140+00:00,2021-01-16,2021-04-15,26,-0.63152
2026-07-23T23:50:29.106728+00:00,2021-01-17,2021-04-16,26,-0.572298
2026-07-23T23:50:29.147137+00:00,2021-01-18,2021-04-17,1,0.563419
2026-07-23T23:50:29.186461+00:00,2021-01-19,2021-04-18,1,0.557299
2026-07-23T23:50:29.226376+00:00,2021-01-20,2021-04-19,1,0.575921
2026-07-23T23:50:29.265387+00:00,2021-01-21,2021-04-20,1,0.603403
2026-07-23T23:50:29.311447+00:00,2021-01-22,2021-04-21,1,0.619311
2026-07-23T23:50:29.352572+00:00,2021-01-23,2021-04-22,1,0.636349
2026-07-23T23:50:29.392735+00:00,2021-01-24,2021-04-23,1,0.649825
2026-07-23T23:50:29.433089+00:00,2021-01-25,2021-04-24,1,0.667064
2026-07-23T23:50:29.473699+00:00,2021-01-26,2021-04-25,1,0.679312
2026-07-23T23:50:29.514115+00:00,2021-01-27,2021-04-26,1,0.695368
2026-07-23T23:50:29.553687+00:00,2021-01-28,2021-04-27,1,0.705671
2026-07-23T23:50:29.593122+00:00,2021-01-29,2021-04-28,1,0.711612
2026-07-23T23:50:29.632656+00:00,2021-01-30,2021-04-29,1,0.713661
2026-07-23T23:50:29.673035+00:00,2021-01-31,2021-04-30,1,0.711655
2026-07-23T23:50:29.712777+00:00,2021-02-01,2021-05-01,1,0.698211
2026-07-23T23:50:29.752197+00:00,2021-02-02,2021-05-02,1,0.680732
2026-07-23T23:50:29.791901+00:00,2021-02-03,2021-05-03,1,0.664686
2026-07-23T23:50:29.831091+00:00,2021-02-04,2021-05-04,1,0.646794
2026-07-23T23:50:29.870240+00:00,2021-02-05,2021-05-05,1,0.63603
2026-07-23T23:50:29.909145+00:00,2021-02-06,2021-05-06,1,0.624997
2026-07-23T23:50:29.947984+00:00,2021-02-07,2021-05-07,0,0.617715
2026-07-23T23:50:29.987842+00:00,2021-02-08,2021-05-08,1,0.61232
2026-07-23T23:50:30.028186+00:00,2021-02-09,2021-05-09,1,0.606666
2026-07-23T23:50:30.068455+00:00,2021-02-10,2021-05-10,0,0.601833
2026-07-23T23:50:30.108172+00:00,2021-02-11,2021-05-11,0,0.597323
2026-07-23T23:50:30.148481+00:00,2021-02-12,2021-05-12,0,0.593135
2026-07-23T23:50:30.188426+00:00,2021-02-13,2021-05-13,0,0.586674
2026-07-23T23:50:30.228349+00:00,2021-02-14,2021-05-14,0,0.578399
2026-07-23T23:50:30.268461+00:00,2021-02-15,2021-05-15,0,0.570032
2026-07-23T23:50:30.308862+00:00,2021-02-16,2021-05-16,0,0.551801
2026-07-23T23:50:30.348539+00:00,2021-02-17,2021-05-17,0,0.533042
2026-07-23T23:50:30.388191+00:00,2021-02-18,2021-05-18,1,0.528884
2026-07-23T23:50:30.428449+00:00,2021-02-19,2021-05-19,1,0.527794
2026-07-23T23:50:30.468565+00:00,2021-02-20,2021-05-20,1,0.521965
2026-07-23T23:50:30.508817+00:00,2021-02-21,2021-05-21,1,0.512236
2026-07-23T23:50:30.548613+00:00,2021-02-22,2021-05-22,3,0.534812
2026-07-23T23:50:30.588673+00:00,2021-02-23,2021-05-23,2,0.578367
2026-07-23T23:50:30.629084+00:00,2021-02-24,2021-05-24,2,0.619947
2026-07-23T23:50:30.668752+00:00,2021-02-25,2021-05-25,1,0.646818
2026-07-23T23:50:30.709033+00:00,2021-02-26,2021-05-26,1,0.658693
2026-07-23T23:50:30.748774+00:00,2021-02-27,2021-05-27,1,0.667834
2026-07-23T23:50:30.788099+00:00,2021-02-28,2021-05-28,1,0.672007
2026-07-23T23:50:30.827237+00:00,2021-03-01,2021-05-29,1,0.668211
2026-07-23T23:50:30.867110+00:00,2021-03-02,2021-05-30,2,0.687682
2026-07-23T23:50:30.906789+00:00,2021-03-03,2021-05-31,2,0.692498
2026-07-23T23:50:30.946487+00:00,2021-03-04,2021-06-01,2,0.692155
2026-07-23T23:50:30.986358+00:00,2021-03-05,2021-06-02,2,0.69256
2026-07-23T23:50:31.026124+00:00,2021-03-06,2021-06-03,2,0.690562
2026-07-23T23:50:31.065885+00:00,2021-03-07,2021-06-04,2,0.685355
2026-07-23T23:50:31.105597+00:00,2021-03-08,2021-06-05,2,0.676558
2026-07-23T23:50:31.145583+00:00,2021-03-09,2021-06-06,2,0.652884
2026-07-23T23:50:31.185272+00:00,2021-03-10,2021-06-07,3,0.613435
2026-07-23T23:50:31.225632+00:00,2021-03-11,2021-06-08,4,0.583899
2026-07-23T23:50:31.265790+00:00,2021-03-12,2021-06-09,4,0.568032
2026-07-23T23:50:31.305271+00:00,2021-03-13,2021-06-10,4,0.548168
2026-07-23T23:50:31.345429+00:00,2021-03-14,2021-06-11,4,0.541078
2026-07-23T23:50:31.384837+00:00,2021-03-15,2021-06-12,4,0.548398
2026-07-23T23:50:31.424247+00:00,2021-03-16,2021-06-13,4,0.546095
2026-07-23T23:50:31.464254+00:00,2021-03-17,2021-06-14,4,0.548104
2026-07-23T23:50:31.503857+00:00,2021-03-18,2021-06-15,4,0.551951
2026-07-23T23:50:31.543394+00:00,2021-03-19,2021-06-16,4,0.554192
2026-07-23T23:50:31.583665+00:00,2021-03-20,2021-06-17,4,0.555627
2026-07-23T23:50:31.623950+00:00,2021-03-21,2021-06-18,3,0.544149
2026-07-23T23:50:31.663765+00:00,2021-03-22,2021-06-19,3,0.545564
2026-07-23T23:50:31.703997+00:00,2021-03-23,2021-06-20,3,0.546928
2026-07-23T23:50:31.743939+00:00,2021-03-24,2021-06-21,3,0.548667
2026-07-23T23:50:31.783779+00:00,2021-03-25,2021-06-22,3,0.545687
2026-07-23T23:50:31.823708+00:00,2021-03-26,2021-06-23,3,0.547422
2026-07-23T23:50:31.863813+00:00,2021-03-27,2021-06-24,3,0.550228
2026-07-23T23:50:31.903613+00:00,2021-03-28,2021-06-25,4,0.539984
2026-07-23T23:50:31.943657+00:00,2021-03-29,2021-06-26,4,0.525145
2026-07-23T23:50:31.983381+00:00,2021-03-30,2021-06-27,5,0.485034
2026-07-23T23:50:32.023284+00:00,2021-03-31,2021-06-28,22,-0.478645
2026-07-23T23:50:32.064216+00:00,2021-04-01,2021-06-29,23,-0.499759
2026-07-23T23:50:32.104719+00:00,2021-04-02,2021-06-30,22,-0.524658
2026-07-23T23:50:32.144702+00:00,2021-04-03,2021-07-01,21,-0.53368
2026-07-23T23:50:32.184604+00:00,2021-04-04,2021-07-02,21,-0.550239
2026-07-23T23:50:32.224554+00:00,2021-04-05,2021-07-03,22,-0.566584
2026-07-23T23:50:32.264759+00:00,2021-04-06,2021-07-04,21,-0.568781
2026-07-23T23:50:32.304544+00:00,2021-04-07,2021-07-05,21,-0.584909
2026-07-23T23:50:32.344457+00:00,2021-04-08,2021-07-06,21,-0.603824
2026-07-23T23:50:32.384413+00:00,2021-04-09,2021-07-07,21,-0.574976
2026-07-23T23:50:32.424212+00:00,2021-04-10,2021-07-08,21,-0.538399
2026-07-23T23:50:32.463768+00:00,2021-04-11,2021-07-09,22,-0.498899
2026-07-23T23:50:32.503395+00:00,2021-04-12,2021-07-10,22,-0.46734
2026-07-23T23:50:32.542979+00:00,2021-04-13,2021-07-11,22,-0.445837
2026-07-23T23:50:32.583166+00:00,2021-04-14,2021-07-12,22,-0.425025
2026-07-23T23:50:32.622676+00:00,2021-04-15,2021-07-13,22,-0.395968
2026-07-23T23:50:32.662260+00:00,2021-04-16,2021-07-14,22,-0.382994
2026-07-23T23:50:32.702605+00:00,2021-04-17,2021-07-15,22,-0.348271
2026-07-23T23:50:32.742217+00:00,2021-04-18,2021-07-16,23,-0.360916
2026-07-23T23:50:32.781834+00:00,2021-04-19,2021-07-17,23,-0.405002
2026-07-23T23:50:32.821419+00:00,2021-04-20,2021-07-18,23,-0.445956
2026-07-23T23:50:32.860879+00:00,2021-04-21,2021-07-19,23,-0.475765
2026-07-23T23:50:32.901372+00:00,2021-04-22,2021-07-20,23,-0.4956
2026-07-23T23:50:32.941186+00:00,2021-04-23,2021-07-21,23,-0.544447
2026-07-23T23:50:32.980691+00:00,2021-04-24,2021-07-22,22,-0.573226
2026-07-23T23:50:33.020418+00:00,2021-04-25,2021-07-23,22,-0.583966
2026-07-23T23:50:33.060158+00:00,2021-04-26,2021-07-24,23,-0.576058
2026-07-23T23:50:33.100379+00:00,2021-04-27,2021-07-25,23,-0.573368
2026-07-23T23:50:33.139915+00:00,2021-04-28,2021-07-26,22,-0.566045
2026-07-23T23:50:33.179083+00:00,2021-04-29,2021-07-27,-30,-0.585298
2026-07-23T23:50:33.218533+00:00,2021-04-30,2021-07-28,-30,-0.628034
2026-07-23T23:50:33.258242+00:00,2021-05-01,2021-07-29,-30,-0.627051
2026-07-23T23:50:33.298874+00:00,2021-05-02,2021-07-30,-30,-0.59782
2026-07-23T23:50:33.339097+00:00,2021-05-03,2021-07-31,-30,-0.556801
2026-07-23T23:50:33.379356+00:00,2021-05-04,2021-08-01,-30,-0.513889
2026-07-23T23:50:33.419254+00:00,2021-05-05,2021-08-02,-30,-0.476448
2026-07-23T23:50:33.459056+00:00,2021-05-06,2021-08-03,-30,-0.456979
2026-07-23T23:50:33.498677+00:00,2021-05-07,2021-08-04,-30,-0.454961
2026-07-23T23:50:33.538657+00:00,2021-05-08,2021-08-05,-30,-0.462627
2026-07-23T23:50:33.578143+00:00,2021-05-09,2021-08-06,-30,-0.447103
2026-07-23T23:50:33.618035+00:00,2021-05-10,2021-08-07,21,-0.431847
2026-07-23T23:50:33.658093+00:00,2021-05-11,2021-08-08,21,-0.444107
2026-07-23T23:50:33.698300+00:00,2021-05-12,2021-08-09,21,-0.450808
2026-07-23T23:50:33.738267+00:00,2021-05-13,2021-08-10,21,-0.466339
2026-07-23T23:50:33.778037+00:00,2021-05-14,2021-08-11,22,-0.476357
2026-07-23T23:50:33.817718+00:00,2021-05-15,2021-08-12,22,-0.494455
2026-07-23T23:50:33.856738+00:00,2021-05-16,2021-08-13,23,-0.529751
2026-07-23T23:50:33.896017+00:00,2021-05-17,2021-08-14,22,-0.554075
2026-07-23T23:50:33.935102+00:00,2021-05-18,2021-08-15,22,-0.573609
2026-07-23T23:50:33.974869+00:00,2021-05-19,2021-08-16,21,-0.593523
2026-07-23T23:50:34.014788+00:00,2021-05-20,2021-08-17,21,-0.60226
2026-07-23T23:50:34.054635+00:00,2021-05-21,2021-08-18,21,-0.612919
2026-07-23T23:50:34.094486+00:00,2021-05-22,2021-08-19,21,-0.61738
2026-07-23T23:50:34.133380+00:00,2021-05-23,2021-08-20,21,-0.604851
2026-07-23T23:50:34.172529+00:00,2021-05-24,2021-08-21,21,-0.601173
2026-07-23T23:50:34.212649+00:00,2021-05-25,2021-08-22,21,-0.59547
2026-07-23T23:50:34.252354+00:00,2021-05-26,2021-08-23,21,-0.58639
2026-07-23T23:50:34.291361+00:00,2021-05-27,2021-08-24,21,-0.579505
2026-07-23T23:50:34.332169+00:00,2021-05-28,2021-08-25,21,-0.57946
2026-07-23T23:50:34.372458+00:00,2021-05-29,2021-08-26,21,-0.59656
2026-07-23T23:50:34.411737+00:00,2021-05-30,2021-08-27,21,-0.603158
2026-07-23T23:50:34.451316+00:00,2021-05-31,2021-08-28,21,-0.605744
2026-07-23T23:50:34.491368+00:00,2021-06-01,2021-08-29,21,-0.609548
2026-07-23T23:50:34.531076+00:00,2021-06-02,2021-08-30,21,-0.614672
2026-07-23T23:50:34.570539+00:00,2021-06-03,2021-08-31,21,-0.613631
2026-07-23T23:50:34.609766+00:00,2021-06-04,2021-09-01,21,-0.610432
2026-07-23T23:50:34.648863+00:00,2021-06-05,2021-09-02,21,-0.612137
2026-07-23T23:50:34.687636+00:00,2021-06-06,2021-09-03,21,-0.610438
2026-07-23T23:50:34.727817+00:00,2021-06-07,2021-09-04,21,-0.580816
2026-07-23T23:50:34.768281+00:00,2021-06-08,2021-09-05,22,-0.562217
2026-07-23T23:50:34.807337+00:00,2021-06-09,2021-09-06,22,-0.526736
2026-07-23T23:50:34.846778+00:00,2021-06-10,2021-09-07,24,-0.497103
2026-07-23T23:50:34.885000+00:00,2021-06-11,2021-09-08,24,-0.444407
2026-07-23T23:50:34.928108+00:00,2021-06-12,2021-09-09,-28,-0.449637
2026-07-23T23:50:34.967851+00:00,2021-06-13,2021-09-10,-28,-0.47589
2026-07-23T23:50:35.008481+00:00,2021-06-14,2021-09-11,-28,-0.488072
2026-07-23T23:50:35.048794+00:00,2021-06-15,2021-09-12,-26,-0.495862
2026-07-23T23:50:35.088630+00:00,2021-06-16,2021-09-13,-26,-0.510295
2026-07-23T23:50:35.128580+00:00,2021-06-17,2021-09-14,-25,-0.517295
2026-07-23T23:50:35.169134+00:00,2021-06-18,2021-09-15,-24,-0.52128
2026-07-23T23:50:35.208851+00:00,2021-06-19,2021-09-16,-24,-0.519391
2026-07-23T23:50:35.248691+00:00,2021-06-20,2021-09-17,-24,-0.519308
2026-07-23T23:50:35.288604+00:00,2021-06-21,2021-09-18,-24,-0.522599
2026-07-23T23:50:35.327982+00:00,2021-06-22,2021-09-19,-24,-0.526069
2026-07-23T23:50:35.368082+00:00,2021-06-23,2021-09-20,-24,-0.524355
2026-07-23T23:50:35.407588+00:00,2021-06-24,2021-09-21,-24,-0.52273
2026-07-23T23:50:35.447714+00:00,2021-06-25,2021-09-22,-24,-0.524305
2026-07-23T23:50:35.487564+00:00,2021-06-26,2021-09-23,-24,-0.527706
2026-07-23T23:50:35.527700+00:00,2021-06-27,2021-09-24,-24,-0.526314
2026-07-23T23:50:35.567863+00:00,2021-06-28,2021-09-25,-24,-0.527443
2026-07-23T23:50:35.607528+00:00,2021-06-29,2021-09-26,-21,-0.537112
2026-07-23T23:50:35.647423+00:00,2021-06-30,2021-09-27,-21,-0.580696
2026-07-23T23:50:35.687065+00:00,2021-07-01,2021-09-28,-21,-0.602541
2026-07-23T23:50:35.727658+00:00,2021-07-02,2021-09-29,-21,-0.609969
2026-07-23T23:50:35.767826+00:00,2021-07-03,2021-09-30,-21,-0.618006
2026-07-23T23:50:35.807309+00:00,2021-07-04,2021-10-01,-21,-0.625659
2026-07-23T23:50:35.846951+00:00,2021-07-05,2021-10-02,-21,-0.632734
2026-07-23T23:50:35.886522+00:00,2021-07-06,2021-10-03,-21,-0.635154
2026-07-23T23:50:35.926764+00:00,2021-07-07,2021-10-04,-21,-0.631415
2026-07-23T23:50:35.966927+00:00,2021-07-08,2021-10-05,-21,-0.629268
2026-07-23T23:50:36.006544+00:00,2021-07-09,2021-10-06,-21,-0.623546
2026-07-23T23:50:36.046680+00:00,2021-07-10,2021-10-07,-23,-0.628345
2026-07-23T23:50:36.086778+00:00,2021-07-11,2021-10-08,-24,-0.632051
2026-07-23T23:50:36.126429+00:00,2021-07-12,2021-10-09,-25,-0.633698
2026-07-23T23:50:36.166680+00:00,2021-07-13,2021-10-10,-26,-0.646322
2026-07-23T23:50:36.206831+00:00,2021-07-14,2021-10-11,-26,-0.658485
2026-07-23T23:50:36.246889+00:00,2021-07-15,2021-10-12,-28,-0.664042
2026-07-23T23:50:36.286982+00:00,2021-07-16,2021-10-13,-26,-0.674223
2026-07-23T23:50:36.326739+00:00,2021-07-17,2021-10-14,-26,-0.681658
2026-07-23T23:50:36.366329+00:00,2021-07-18,2021-10-15,-26,-0.680985
2026-07-23T23:50:36.406178+00:00,2021-07-19,2021-10-16,-27,-0.672092
2026-07-23T23:50:36.445930+00:00,2021-07-20,2021-10-17,-28,-0.67285
2026-07-23T23:50:36.485995+00:00,2021-07-21,2021-10-18,-28,-0.660634
2026-07-23T23:50:36.525427+00:00,2021-07-22,2021-10-19,-29,-0.64168
2026-07-23T23:50:36.565242+00:00,2021-07-23,2021-10-20,-30,-0.63041
2026-07-23T23:50:36.605131+00:00,2021-07-24,2021-10-21,-30,-0.619495
2026-07-23T23:50:36.645234+00:00,2021-07-25,2021-10-22,-30,-0.57299
2026-07-23T23:50:36.684904+00:00,2021-07-26,2021-10-23,12,0.569737
2026-07-23T23:50:36.724375+00:00,2021-07-27,2021-10-24,12,0.574014
2026-07-23T23:50:36.762584+00:00,2021-07-28,2021-10-25,12,0.577127
2026-07-23T23:50:36.801337+00:00,2021-07-29,2021-10-26,12,0.573865
2026-07-23T23:50:36.839373+00:00,2021-07-30,2021-10-27,12,0.569303
2026-07-23T23:50:36.877571+00:00,2021-07-31,2021-10-28,11,0.571319
2026-07-23T23:50:36.916561+00:00,2021-08-01,2021-10-29,11,0.576321
2026-07-23T23:50:36.956635+00:00,2021-08-02,2021-10-30,11,0.578415
2026-07-23T23:50:36.996483+00:00,2021-08-03,2021-10-31,11,0.57711
2026-07-23T23:50:37.036014+00:00,2021-08-04,2021-11-01,11,0.571834
2026-07-23T23:50:37.075699+00:00,2021-08-05,2021-11-02,11,0.563059
2026-07-23T23:50:37.115975+00:00,2021-08-06,2021-11-03,-18,-0.5548
2026-07-23T23:50:37.156043+00:00,2021-08-07,2021-11-04,-18,-0.552317
2026-07-23T23:50:37.195592+00:00,2021-08-08,2021-11-05,-18,-0.545032
2026-07-23T23:50:37.235651+00:00,2021-08-09,2021-11-06,-18,-0.53765
2026-07-23T23:50:37.275386+00:00,2021-08-10,2021-11-07,-18,-0.532738
2026-07-23T23:50:37.314946+00:00,2021-08-11,2021-11-08,-17,-0.51851
2026-07-23T23:50:37.355253+00:00,2021-08-12,2021-11-09,-17,-0.513078
2026-07-23T23:50:37.394986+00:00,2021-08-13,2021-11-10,-17,-0.500887
2026-07-23T23:50:37.434521+00:00,2021-08-14,2021-11-11,-18,-0.485436
2026-07-23T23:50:37.474652+00:00,2021-08-15,2021-11-12,-18,-0.471769
2026-07-23T23:50:37.514018+00:00,2021-08-16,2021-11-13,12,0.46407
2026-07-23T23:50:37.554131+00:00,2021-08-17,2021-11-14,12,0.467306
2026-07-23T23:50:37.593807+00:00,2021-08-18,2021-11-15,12,0.46099
2026-07-23T23:50:37.634133+00:00,2021-08-19,2021-11-16,12,0.45615
2026-07-23T23:50:37.673699+00:00,2021-08-20,2021-11-17,12,0.449158
2026-07-23T23:50:37.713582+00:00,2021-08-21,2021-11-18,10,0.443071
2026-07-23T23:50:37.753745+00:00,2021-08-22,2021-11-19,-30,-0.44591
2026-07-23T23:50:37.793971+00:00,2021-08-23,2021-11-20,-30,-0.468854
2026-07-23T23:50:37.834263+00:00,2021-08-24,2021-11-21,-30,-0.490276
2026-07-23T23:50:37.874711+00:00,2021-08-25,2021-11-22,-30,-0.504131
2026-07-23T23:50:37.914623+00:00,2021-08-26,2021-11-23,-30,-0.507406
2026-07-23T23:50:37.954959+00:00,2021-08-27,2021-11-24,-30,-0.50184
2026-07-23T23:50:37.994521+00:00,2021-08-28,2021-11-25,-30,-0.433997
2026-07-23T23:50:38.034684+00:00,2021-08-29,2021-11-26,30,-0.417374
2026-07-23T23:50:38.074644+00:00,2021-08-30,2021-11-27,30,-0.454776
2026-07-23T23:50:38.114551+00:00,2021-08-31,2021-11-28,30,-0.519114
2026-07-23T23:50:38.154656+00:00,2021-09-01,2021-11-29,30,-0.544772
2026-07-23T23:50:38.195246+00:00,2021-09-02,2021-11-30,30,-0.545109
2026-07-23T23:50:38.234866+00:00,2021-09-03,2021-12-01,30,-0.54891
2026-07-23T23:50:38.274954+00:00,2021-09-04,2021-12-02,30,-0.540376
2026-07-23T23:50:38.315065+00:00,2021-09-05,2021-12-03,30,-0.545787
2026-07-23T23:50:38.354668+00:00,2021-09-06,2021-12-04,30,-0.552653
2026-07-23T23:50:38.394676+00:00,2021-09-07,2021-12-05,30,-0.553782
2026-07-23T23:50:38.434887+00:00,2021-09-08,2021-12-06,30,-0.55359
2026-07-23T23:50:38.474519+00:00,2021-09-09,2021-12-07,30,-0.556582
2026-07-23T23:50:38.514468+00:00,2021-09-10,2021-12-08,30,-0.547975
2026-07-23T23:50:38.554152+00:00,2021-09-11,2021-12-09,30,-0.551379
2026-07-23T23:50:38.594185+00:00,2021-09-12,2021-12-10,30,-0.54719
2026-07-23T23:50:38.634148+00:00,2021-09-13,2021-12-11,30,-0.543892
2026-07-23T23:50:38.674303+00:00,2021-09-14,2021-12-12,30,-0.545375
2026-07-23T23:50:38.714184+00:00,2021-09-15,2021-12-13,30,-0.547883
2026-07-23T23:50:38.754378+00:00,2021-09-16,2021-12-14,30,-0.545987
2026-07-23T23:50:38.794053+00:00,2021-09-17,2021-12-15,30,-0.477172
2026-07-23T23:50:38.833171+00:00,2021-09-18,2021-12-16,30,-0.373085
2026-07-23T23:50:38.871719+00:00,2021-09-19,2021-12-17,-14,-0.368992
2026-07-23T23:50:38.910431+00:00,2021-09-20,2021-12-18,-14,-0.417061
2026-07-23T23:50:38.949687+00:00,2021-09-21,2021-12-19,-14,-0.423619
2026-07-23T23:50:38.988912+00:00,2021-09-22,2021-12-20,13,0.444553
2026-07-23T23:50:39.028613+00:00,2021-09-23,2021-12-21,13,0.479034
2026-07-23T23:50:39.067845+00:00,2021-09-24,2021-12-22,13,0.508429
2026-07-23T23:50:39.108569+00:00,2021-09-25,2021-12-23,13,0.530946
2026-07-23T23:50:39.147609+00:00,2021-09-26,2021-12-24,13,0.547638
2026-07-23T23:50:39.186596+00:00,2021-09-27,2021-12-25,14,0.569683
2026-07-23T23:50:39.228102+00:00,2021-09-28,2021-12-26,14,0.579138
2026-07-23T23:50:39.268260+00:00,2021-09-29,2021-12-27,14,0.581025
2026-07-23T23:50:39.308118+00:00,2021-09-30,2021-12-28,14,0.582297
2026-07-23T23:50:39.348285+00:00,2021-10-01,2021-12-29,14,0.582716
2026-07-23T23:50:39.387790+00:00,2021-10-02,2021-12-30,14,0.576999
2026-07-23T23:50:39.427788+00:00,2021-10-03,2021-12-31,14,0.568741
2026-07-23T23:50:39.467668+00:00,2021-10-04,2022-01-01,13,0.556337
2026-07-23T23:50:39.507776+00:00,2021-10-05,2022-01-02,14,0.544293
2026-07-23T23:50:39.547729+00:00,2021-10-06,2022-01-03,14,0.529109
2026-07-23T23:50:39.587560+00:00,2021-10-07,2022-01-04,14,0.513566
2026-07-23T23:50:39.627690+00:00,2021-10-08,2022-01-05,15,0.500755
2026-07-23T23:50:39.667364+00:00,2021-10-09,2022-01-06,20,0.537983
2026-07-23T23:50:39.706581+00:00,2021-10-10,2022-01-07,19,0.598275
2026-07-23T23:50:39.746664+00:00,2021-10-11,2022-01-08,18,0.660892
2026-07-23T23:50:39.786360+00:00,2021-10-12,2022-01-09,18,0.713881
2026-07-23T23:50:39.825743+00:00,2021-10-13,2022-01-10,18,0.761308
2026-07-23T23:50:39.864362+00:00,2021-10-14,2022-01-11,17,0.786566
2026-07-23T23:50:39.904388+00:00,2021-10-15,2022-01-12,17,0.803403
2026-07-23T23:50:39.944323+00:00,2021-10-16,2022-01-13,17,0.809674
2026-07-23T23:50:39.984502+00:00,2021-10-17,2022-01-14,17,0.809515
2026-07-23T23:50:40.024115+00:00,2021-10-18,2022-01-15,17,0.798169
2026-07-23T23:50:40.064110+00:00,2021-10-19,2022-01-16,17,0.785554
2026-07-23T23:50:40.104671+00:00,2021-10-20,2022-01-17,17,0.781741
2026-07-23T23:50:40.144288+00:00,2021-10-21,2022-01-18,17,0.781691
2026-07-23T23:50:40.184624+00:00,2021-10-22,2022-01-19,17,0.781768
2026-07-23T23:50:40.224878+00:00,2021-10-23,2022-01-20,17,0.779913
2026-07-23T23:50:40.264700+00:00,2021-10-24,2022-01-21,17,0.764354
2026-07-23T23:50:40.304594+00:00,2021-10-25,2022-01-22,17,0.74888
2026-07-23T23:50:40.344822+00:00,2021-10-26,2022-01-23,17,0.731914
2026-07-23T23:50:40.385069+00:00,2021-10-27,2022-01-24,17,0.720874
2026-07-23T23:50:40.424942+00:00,2021-10-28,2022-01-25,17,0.715481
2026-07-23T23:50:40.464760+00:00,2021-10-29,2022-01-26,17,0.71238
2026-07-23T23:50:40.504428+00:00,2021-10-30,2022-01-27,17,0.71125
2026-07-23T23:50:40.544769+00:00,2021-10-31,2022-01-28,17,0.71308
2026-07-23T23:50:40.584771+00:00,2021-11-01,2022-01-29,17,0.714073
2026-07-23T23:50:40.625037+00:00,2021-11-02,2022-01-30,17,0.709773
2026-07-23T23:50:40.664969+00:00,2021-11-03,2022-01-31,17,0.703301
2026-07-23T23:50:40.704692+00:00,2021-11-04,2022-02-01,17,0.701591
2026-07-23T23:50:40.744517+00:00,2021-11-05,2022-02-02,17,0.698941
2026-07-23T23:50:40.784405+00:00,2021-11-06,2022-02-03,17,0.694364
2026-07-23T23:50:40.823607+00:00,2021-11-07,2022-02-04,18,0.673179
2026-07-23T23:50:40.863182+00:00,2021-11-08,2022-02-05,18,0.637971
2026-07-23T23:50:40.903465+00:00,2021-11-09,2022-02-06,19,0.619755
2026-07-23T23:50:40.943303+00:00,2021-11-10,2022-02-07,19,0.601408
2026-07-23T23:50:40.982729+00:00,2021-11-11,2022-02-08,-30,-0.603227
2026-07-23T23:50:41.022744+00:00,2021-11-12,2022-02-09,-30,-0.610607
2026-07-23T23:50:41.062423+00:00,2021-11-13,2022-02-10,-30,-0.607725
2026-07-23T23:50:41.101845+00:00,2021-11-14,2022-02-11,-30,-0.593515
2026-07-23T23:50:41.141455+00:00,2021-11-15,2022-02-12,30,-0.629255
2026-07-23T23:50:41.180940+00:00,2021-11-16,2022-02-13,29,-0.619796
2026-07-23T23:50:41.220947+00:00,2021-11-17,2022-02-14,29,-0.619733
2026-07-23T23:50:41.260545+00:00,2021-11-18,2022-02-15,29,-0.621332
2026-07-23T23:50:41.300567+00:00,2021-11-19,2022-02-16,30,-0.603053
2026-07-23T23:50:41.340576+00:00,2021-11-20,2022-02-17,30,-0.571882
2026-07-23T23:50:41.380330+00:00,2021-11-21,2022-02-18,30,-0.494977
2026-07-23T23:50:41.420447+00:00,2021-11-22,2022-02-19,-30,-0.480306
2026-07-23T23:50:41.460672+00:00,2021-11-23,2022-02-20,-30,-0.478407
2026-07-23T23:50:41.500483+00:00,2021-11-24,2022-02-21,-30,-0.478133
2026-07-23T23:50:41.540625+00:00,2021-11-25,2022-02-22,-30,-0.487745
2026-07-23T23:50:41.580051+00:00,2021-11-26,2022-02-23,-30,-0.489638
2026-07-23T23:50:41.620341+00:00,2021-11-27,2022-02-24,-30,-0.488171
2026-07-23T23:50:41.660451+00:00,2021-11-28,2022-02-25,-30,-0.48151
2026-07-23T23:50:41.700422+00:00,2021-11-29,2022-02-26,-30,-0.471468
2026-07-23T23:50:41.740380+00:00,2021-11-30,2022-02-27,-30,-0.466063
2026-07-23T23:50:41.780623+00:00,2021-12-01,2022-02-28,-30,-0.462603
2026-07-23T23:50:41.820076+00:00,2021-12-02,2022-03-01,-30,-0.45326
2026-07-23T23:50:41.860373+00:00,2021-12-03,2022-03-02,-30,-0.447315
2026-07-23T23:50:41.900280+00:00,2021-12-04,2022-03-03,-30,-0.435808
2026-07-23T23:50:41.939822+00:00,2021-12-05,2022-03-04,-30,-0.424397
2026-07-23T23:50:41.979906+00:00,2021-12-06,2022-03-05,-30,-0.410782
2026-07-23T23:50:42.020551+00:00,2021-12-07,2022-03-06,-30,-0.388208
2026-07-23T23:50:42.060479+00:00,2021-12-08,2022-03-07,-19,0.38878
2026-07-23T23:50:42.100695+00:00,2021-12-09,2022-03-08,-19,0.412028
2026-07-23T23:50:42.140704+00:00,2021-12-10,2022-03-09,-19,0.435233
2026-07-23T23:50:42.180687+00:00,2021-12-11,2022-03-10,-19,0.442416
2026-07-23T23:50:42.220870+00:00,2021-12-12,2022-03-11,30,0.457388
2026-07-23T23:50:42.261105+00:00,2021-12-13,2022-03-12,30,0.475797
2026-07-23T23:50:42.301157+00:00,2021-12-14,2022-03-13,30,0.478472
2026-07-23T23:50:42.340894+00:00,2021-12-15,2022-03-14,30,0.478325
2026-07-23T23:50:42.381178+00:00,2021-12-16,2022-03-15,30,0.472754
2026-07-23T23:50:42.421849+00:00,2021-12-17,2022-03-16,25,0.477092
2026-07-23T23:50:42.461939+00:00,2021-12-18,2022-03-17,25,0.472075
2026-07-23T23:50:42.502104+00:00,2021-12-19,2022-03-18,26,0.453162
2026-07-23T23:50:42.542689+00:00,2021-12-20,2022-03-19,26,0.44155
2026-07-23T23:50:42.582453+00:00,2021-12-21,2022-03-20,26,0.424184
2026-07-23T23:50:42.622761+00:00,2021-12-22,2022-03-21,26,0.410587
2026-07-23T23:50:42.662781+00:00,2021-12-23,2022-03-22,30,0.416971
2026-07-23T23:50:42.702913+00:00,2021-12-24,2022-03-23,30,0.441039
2026-07-23T23:50:42.742903+00:00,2021-12-25,2022-03-24,30,0.454293
2026-07-23T23:50:42.782703+00:00,2021-12-26,2022-03-25,30,0.451963
2026-07-23T23:50:42.822964+00:00,2021-12-27,2022-03-26,30,0.457349
2026-07-23T23:50:42.862652+00:00,2021-12-28,2022-03-27,30,0.463218
2026-07-23T23:50:42.902255+00:00,2021-12-29,2022-03-28,26,0.469033
2026-07-23T23:50:42.942215+00:00,2021-12-30,2022-03-29,-28,0.486778
2026-07-23T23:50:42.982174+00:00,2021-12-31,2022-03-30,-28,0.583787
2026-07-23T23:50:43.021784+00:00,2022-01-01,2022-03-31,-27,0.649812
2026-07-23T23:50:43.060948+00:00,2022-01-02,2022-04-01,-27,0.674959
2026-07-23T23:50:43.100089+00:00,2022-01-03,2022-04-02,-27,0.665487
2026-07-23T23:50:43.138368+00:00,2022-01-04,2022-04-03,-27,0.642629
2026-07-23T23:50:43.176896+00:00,2022-01-05,2022-04-04,-27,0.616267
2026-07-23T23:50:43.216389+00:00,2022-01-06,2022-04-05,-27,0.596981
2026-07-23T23:50:43.255736+00:00,2022-01-07,2022-04-06,-27,0.59538
2026-07-23T23:50:43.294903+00:00,2022-01-08,2022-04-07,-27,0.600662
2026-07-23T23:50:43.333610+00:00,2022-01-09,2022-04-08,-27,0.598107
2026-07-23T23:50:43.372173+00:00,2022-01-10,2022-04-09,-27,0.58762
2026-07-23T23:50:43.410782+00:00,2022-01-11,2022-04-10,-27,0.57528
2026-07-23T23:50:43.450013+00:00,2022-01-12,2022-04-11,-28,0.561499
2026-07-23T23:50:43.489361+00:00,2022-01-13,2022-04-12,-28,0.550362
2026-07-23T23:50:43.528595+00:00,2022-01-14,2022-04-13,-29,0.537743
2026-07-23T23:50:43.568043+00:00,2022-01-15,2022-04-14,-29,0.530249
2026-07-23T23:50:43.606534+00:00,2022-01-16,2022-04-15,-29,0.511666
2026-07-23T23:50:43.645485+00:00,2022-01-17,2022-04-16,-30,0.498987
2026-07-23T23:50:43.683897+00:00,2022-01-18,2022-04-17,-10,0.485029
2026-07-23T23:50:43.722233+00:00,2022-01-19,2022-04-18,-10,0.487839
2026-07-23T23:50:43.760711+00:00,2022-01-20,2022-04-19,-11,0.483166
2026-07-23T23:50:43.799479+00:00,2022-01-21,2022-04-20,-11,0.492711
2026-07-23T23:50:43.837958+00:00,2022-01-22,2022-04-21,-11,0.478698
2026-07-23T23:50:43.876545+00:00,2022-01-23,2022-04-22,-11,0.469182
2026-07-23T23:50:43.914990+00:00,2022-01-24,2022-04-23,-30,0.521012
2026-07-23T23:50:43.953640+00:00,2022-01-25,2022-04-24,-30,0.564793
2026-07-23T23:50:43.991828+00:00,2022-01-26,2022-04-25,-30,0.562084
2026-07-23T23:50:44.030566+00:00,2022-01-27,2022-04-26,-30,0.512891
2026-07-23T23:50:44.070440+00:00,2022-01-28,2022-04-27,21,0.533936
2026-07-23T23:50:44.110656+00:00,2022-01-29,2022-04-28,20,0.562562
2026-07-23T23:50:44.150424+00:00,2022-01-30,2022-04-29,20,0.563625
2026-07-23T23:50:44.190014+00:00,2022-01-31,2022-04-30,18,0.506499
2026-07-23T23:50:44.229398+00:00,2022-02-01,2022-05-01,17,0.470802
2026-07-23T23:50:44.269357+00:00,2022-02-02,2022-05-02,16,0.43723
2026-07-23T23:50:44.308934+00:00,2022-02-03,2022-05-03,16,0.430245
2026-07-23T23:50:44.348828+00:00,2022-02-04,2022-05-04,16,0.418311
2026-07-23T23:50:44.388320+00:00,2022-02-05,2022-05-05,16,0.41216
2026-07-23T23:50:44.428204+00:00,2022-02-06,2022-05-06,16,0.402636
2026-07-23T23:50:44.467912+00:00,2022-02-07,2022-05-07,16,0.396628
2026-07-23T23:50:44.507926+00:00,2022-02-08,2022-05-08,16,0.383383
2026-07-23T23:50:44.547874+00:00,2022-02-09,2022-05-09,16,0.376309
2026-07-23T23:50:44.588363+00:00,2022-02-10,2022-05-10,16,0.379141
2026-07-23T23:50:44.628201+00:00,2022-02-11,2022-05-11,16,0.372235
2026-07-23T23:50:44.668339+00:00,2022-02-12,2022-05-12,16,0.34609
2026-07-23T23:50:44.707887+00:00,2022-02-13,2022-05-13,2,-0.344999
2026-07-23T23:50:44.747941+00:00,2022-02-14,2022-05-14,1,-0.364567
2026-07-23T23:50:44.787305+00:00,2022-02-15,2022-05-15,2,-0.393434
2026-07-23T23:50:44.826909+00:00,2022-02-16,2022-05-16,2,-0.420257
2026-07-23T23:50:44.866399+00:00,2022-02-17,2022-05-17,1,-0.440549
2026-07-23T23:50:44.905979+00:00,2022-02-18,2022-05-18,2,-0.46087
2026-07-23T23:50:44.945209+00:00,2022-02-19,2022-05-19,2,-0.48208
2026-07-23T23:50:44.984655+00:00,2022-02-20,2022-05-20,2,-0.498002
2026-07-23T23:50:45.024222+00:00,2022-02-21,2022-05-21,2,-0.517802
2026-07-23T23:50:45.063271+00:00,2022-02-22,2022-05-22,2,-0.53635
2026-07-23T23:50:45.101599+00:00,2022-02-23,2022-05-23,2,-0.539916
2026-07-23T23:50:45.139998+00:00,2022-02-24,2022-05-24,2,-0.5391
2026-07-23T23:50:45.178392+00:00,2022-02-25,2022-05-25,2,-0.544305
2026-07-23T23:50:45.216947+00:00,2022-02-26,2022-05-26,2,-0.537644
2026-07-23T23:50:45.256347+00:00,2022-02-27,2022-05-27,1,-0.518949
2026-07-23T23:50:45.295234+00:00,2022-02-28,2022-05-28,1,-0.498371
2026-07-23T23:50:45.334808+00:00,2022-03-01,2022-05-29,2,-0.479363
2026-07-23T23:50:45.374296+00:00,2022-03-02,2022-05-30,2,-0.468297
2026-07-23T23:50:45.413441+00:00,2022-03-03,2022-05-31,2,-0.460954
2026-07-23T23:50:45.452973+00:00,2022-03-04,2022-06-01,2,-0.450378
2026-07-23T23:50:45.492658+00:00,2022-03-05,2022-06-02,2,-0.437398
2026-07-23T23:50:45.532253+00:00,2022-03-06,2022-06-03,1,-0.425616
2026-07-23T23:50:45.572457+00:00,2022-03-07,2022-06-04,1,-0.420604
2026-07-23T23:50:45.611239+00:00,2022-03-08,2022-06-05,2,-0.41004
2026-07-23T23:50:45.649691+00:00,2022-03-09,2022-06-06,2,-0.393852
2026-07-23T23:50:45.688183+00:00,2022-03-10,2022-06-07,-23,-0.375642
2026-07-23T23:50:45.726595+00:00,2022-03-11,2022-06-08,-23,-0.406824
2026-07-23T23:50:45.765889+00:00,2022-03-12,2022-06-09,-23,-0.43583
2026-07-23T23:50:45.805646+00:00,2022-03-13,2022-06-10,-23,-0.46161
2026-07-23T23:50:45.845302+00:00,2022-03-14,2022-06-11,-23,-0.493565
2026-07-23T23:50:45.885317+00:00,2022-03-15,2022-06-12,-24,-0.520136
2026-07-23T23:50:45.924374+00:00,2022-03-16,2022-06-13,-23,-0.549437
2026-07-23T23:50:45.963171+00:00,2022-03-17,2022-06-14,-23,-0.572465
2026-07-23T23:50:46.002690+00:00,2022-03-18,2022-06-15,-24,-0.574688
2026-07-23T23:50:46.042705+00:00,2022-03-19,2022-06-16,-24,-0.568141
2026-07-23T23:50:46.082685+00:00,2022-03-20,2022-06-17,-24,-0.559772
2026-07-23T23:50:46.122812+00:00,2022-03-21,2022-06-18,-24,-0.55872
2026-07-23T23:50:46.162179+00:00,2022-03-22,2022-06-19,-26,-0.550892
2026-07-23T23:50:46.202276+00:00,2022-03-23,2022-06-20,-26,-0.536542
2026-07-23T23:50:46.242345+00:00,2022-03-24,2022-06-21,-26,-0.502626
2026-07-23T23:50:46.282421+00:00,2022-03-25,2022-06-22,-27,-0.450671
2026-07-23T23:50:46.322263+00:00,2022-03-26,2022-06-23,-27,-0.39879
2026-07-23T23:50:46.362506+00:00,2022-03-27,2022-06-24,-13,0.41021
2026-07-23T23:50:46.402344+00:00,2022-03-28,2022-06-25,-14,0.427326
2026-07-23T23:50:46.442428+00:00,2022-03-29,2022-06-26,-14,0.41322
2026-07-23T23:50:46.482278+00:00,2022-03-30,2022-06-27,-14,0.382862
2026-07-23T23:50:46.522417+00:00,2022-03-31,2022-06-28,-14,0.367523
2026-07-23T23:50:46.562359+00:00,2022-04-01,2022-06-29,-26,-0.357935
2026-07-23T23:50:46.602523+00:00,2022-04-02,2022-06-30,-26,-0.383847
2026-07-23T23:50:46.642646+00:00,2022-04-03,2022-07-01,-26,-0.407814
2026-07-23T23:50:46.682494+00:00,2022-04-04,2022-07-02,-27,-0.436788
2026-07-23T23:50:46.722375+00:00,2022-04-05,2022-07-03,-27,-0.450438
2026-07-23T23:50:46.762569+00:00,2022-04-06,2022-07-04,-27,-0.491893
2026-07-23T23:50:46.802162+00:00,2022-04-07,2022-07-05,-27,-0.516312
2026-07-23T23:50:46.842322+00:00,2022-04-08,2022-07-06,-27,-0.531973
2026-07-23T23:50:46.881508+00:00,2022-04-09,2022-07-07,-28,-0.547616
2026-07-23T23:50:46.921505+00:00,2022-04-10,2022-07-08,-29,-0.559755
2026-07-23T23:50:46.960911+00:00,2022-04-11,2022-07-09,-30,-0.563964
2026-07-23T23:50:46.999545+00:00,2022-04-12,2022-07-10,-29,-0.565845
2026-07-23T23:50:47.038056+00:00,2022-04-13,2022-07-11,-30,-0.575657
2026-07-23T23:50:47.077176+00:00,2022-04-14,2022-07-12,-30,-0.588017
2026-07-23T23:50:47.116529+00:00,2022-04-15,2022-07-13,-30,-0.567089
2026-07-23T23:50:47.155498+00:00,2022-04-16,2022-07-14,-30,-0.527505
2026-07-23T23:50:47.194529+00:00,2022-04-17,2022-07-15,-30,-0.47299
2026-07-23T23:50:47.233680+00:00,2022-04-18,2022-07-16,-30,-0.427285
2026-07-23T23:50:47.272535+00:00,2022-04-19,2022-07-17,-30,-0.390009
2026-07-23T23:50:47.312404+00:00,2022-04-20,2022-07-18,13,0.375983
2026-07-23T23:50:47.352345+00:00,2022-04-21,2022-07-19,13,0.392566
2026-07-23T23:50:47.392338+00:00,2022-04-22,2022-07-20,30,-0.428602
2026-07-23T23:50:47.432220+00:00,2022-04-23,2022-07-21,30,-0.492809
2026-07-23T23:50:47.471943+00:00,2022-04-24,2022-07-22,30,-0.534381
2026-07-23T23:50:47.512300+00:00,2022-04-25,2022-07-23,30,-0.567188
2026-07-23T23:50:47.551549+00:00,2022-04-26,2022-07-24,30,-0.572335
2026-07-23T23:50:47.591227+00:00,2022-04-27,2022-07-25,30,-0.57007
2026-07-23T23:50:47.631561+00:00,2022-04-28,2022-07-26,30,-0.563079
2026-07-23T23:50:47.671602+00:00,2022-04-29,2022-07-27,28,-0.550075
2026-07-23T23:50:47.711118+00:00,2022-04-30,2022-07-28,28,-0.542658
2026-07-23T23:50:47.750590+00:00,2022-05-01,2022-07-29,28,-0.532147
2026-07-23T23:50:47.790924+00:00,2022-05-02,2022-07-30,28,-0.524689
2026-07-23T23:50:47.830004+00:00,2022-05-03,2022-07-31,27,-0.528599
2026-07-23T23:50:47.869192+00:00,2022-05-04,2022-08-01,28,-0.552126
2026-07-23T23:50:47.908894+00:00,2022-05-05,2022-08-02,28,-0.565991
2026-07-23T23:50:47.949334+00:00,2022-05-06,2022-08-03,28,-0.579146
2026-07-23T23:50:47.989532+00:00,2022-05-07,2022-08-04,28,-0.587334
2026-07-23T23:50:48.029453+00:00,2022-05-08,2022-08-05,28,-0.568972
2026-07-23T23:50:48.069685+00:00,2022-05-09,2022-08-06,29,-0.533231
2026-07-23T23:50:48.109411+00:00,2022-05-10,2022-08-07,30,-0.505685
2026-07-23T23:50:48.149735+00:00,2022-05-11,2022-08-08,30,-0.46842
2026-07-23T23:50:48.190120+00:00,2022-05-12,2022-08-09,28,-0.464404
2026-07-23T23:50:48.229746+00:00,2022-05-13,2022-08-10,28,-0.466272
2026-07-23T23:50:48.270097+00:00,2022-05-14,2022-08-11,27,-0.478913
2026-07-23T23:50:48.310107+00:00,2022-05-15,2022-08-12,25,-0.470149
2026-07-23T23:50:48.350106+00:00,2022-05-16,2022-08-13,24,-0.480372
2026-07-23T23:50:48.390435+00:00,2022-05-17,2022-08-14,24,-0.497696
2026-07-23T23:50:48.430142+00:00,2022-05-18,2022-08-15,24,-0.505683
2026-07-23T23:50:48.470752+00:00,2022-05-19,2022-08-16,24,-0.515137
2026-07-23T23:50:48.511118+00:00,2022-05-20,2022-08-17,24,-0.52156
2026-07-23T23:50:48.550690+00:00,2022-05-21,2022-08-18,24,-0.521163
2026-07-23T23:50:48.590926+00:00,2022-05-22,2022-08-19,-24,0.526667
2026-07-23T23:50:48.631626+00:00,2022-05-23,2022-08-20,-24,0.578481
2026-07-23T23:50:48.671294+00:00,2022-05-24,2022-08-21,-24,0.615961
2026-07-23T23:50:48.711388+00:00,2022-05-25,2022-08-22,-24,0.636773
2026-07-23T23:50:48.751138+00:00,2022-05-26,2022-08-23,-25,0.642839
2026-07-23T23:50:48.790748+00:00,2022-05-27,2022-08-24,-25,0.647544
2026-07-23T23:50:48.830778+00:00,2022-05-28,2022-08-25,-25,0.635142
2026-07-23T23:50:48.870374+00:00,2022-05-29,2022-08-26,-25,0.611099
2026-07-23T23:50:48.910350+00:00,2022-05-30,2022-08-27,23,-0.60041
2026-07-23T23:50:48.950114+00:00,2022-05-31,2022-08-28,-25,0.598053
2026-07-23T23:50:48.989652+00:00,2022-06-01,2022-08-29,-25,0.620351
2026-07-23T23:50:49.029393+00:00,2022-06-02,2022-08-30,-25,0.643267
2026-07-23T23:50:49.069001+00:00,2022-06-03,2022-08-31,-25,0.650184
2026-07-23T23:50:49.108906+00:00,2022-06-04,2022-09-01,-25,0.649434
2026-07-23T23:50:49.148809+00:00,2022-06-05,2022-09-02,-25,0.653473
2026-07-23T23:50:49.188575+00:00,2022-06-06,2022-09-03,-25,0.651209
2026-07-23T23:50:49.227982+00:00,2022-06-07,2022-09-04,23,-0.646843
2026-07-23T23:50:49.266758+00:00,2022-06-08,2022-09-05,23,-0.653883
2026-07-23T23:50:49.306475+00:00,2022-06-09,2022-09-06,23,-0.669104
2026-07-23T23:50:49.346577+00:00,2022-06-10,2022-09-07,23,-0.677917
2026-07-23T23:50:49.386144+00:00,2022-06-11,2022-09-08,23,-0.696076
2026-07-23T23:50:49.425962+00:00,2022-06-12,2022-09-09,23,-0.728741
2026-07-23T23:50:49.466196+00:00,2022-06-13,2022-09-10,22,-0.744867
2026-07-23T23:50:49.505893+00:00,2022-06-14,2022-09-11,21,-0.753904
2026-07-23T23:50:49.545462+00:00,2022-06-15,2022-09-12,22,-0.751331
2026-07-23T23:50:49.584788+00:00,2022-06-16,2022-09-13,22,-0.727225
2026-07-23T23:50:49.625661+00:00,2022-06-17,2022-09-14,22,-0.729547
2026-07-23T23:50:49.665787+00:00,2022-06-18,2022-09-15,22,-0.725649
2026-07-23T23:50:49.705352+00:00,2022-06-19,2022-09-16,21,-0.72892
2026-07-23T23:50:49.744955+00:00,2022-06-20,2022-09-17,21,-0.727723
2026-07-23T23:50:49.785090+00:00,2022-06-21,2022-09-18,21,-0.720492
2026-07-23T23:50:49.824731+00:00,2022-06-22,2022-09-19,21,-0.720023
2026-07-23T23:50:49.865268+00:00,2022-06-23,2022-09-20,21,-0.716639
2026-07-23T23:50:49.904558+00:00,2022-06-24,2022-09-21,21,-0.709474
2026-07-23T23:50:49.944825+00:00,2022-06-25,2022-09-22,20,-0.696717
2026-07-23T23:50:49.984362+00:00,2022-06-26,2022-09-23,20,-0.683727
2026-07-23T23:50:50.022529+00:00,2022-06-27,2022-09-24,20,-0.660448
2026-07-23T23:50:50.061730+00:00,2022-06-28,2022-09-25,20,-0.653558
2026-07-23T23:50:50.101511+00:00,2022-06-29,2022-09-26,20,-0.655172
2026-07-23T23:50:50.139782+00:00,2022-06-30,2022-09-27,20,-0.645029
2026-07-23T23:50:50.177837+00:00,2022-07-01,2022-09-28,20,-0.598947
2026-07-23T23:50:50.215958+00:00,2022-07-02,2022-09-29,21,-0.545177
2026-07-23T23:50:50.254127+00:00,2022-07-03,2022-09-30,21,-0.502593
2026-07-23T23:50:50.292670+00:00,2022-07-04,2022-10-01,21,-0.513113
2026-07-23T23:50:50.331815+00:00,2022-07-05,2022-10-02,21,-0.539382
2026-07-23T23:50:50.371114+00:00,2022-07-06,2022-10-03,22,-0.588565
2026-07-23T23:50:50.411239+00:00,2022-07-07,2022-10-04,22,-0.634375
2026-07-23T23:50:50.451237+00:00,2022-07-08,2022-10-05,22,-0.667314
2026-07-23T23:50:50.490790+00:00,2022-07-09,2022-10-06,22,-0.691452
2026-07-23T23:50:50.531311+00:00,2022-07-10,2022-10-07,22,-0.703162
2026-07-23T23:50:50.571237+00:00,2022-07-11,2022-10-08,22,-0.70665
2026-07-23T23:50:50.611063+00:00,2022-07-12,2022-10-09,22,-0.694555
2026-07-23T23:50:50.651118+00:00,2022-07-13,2022-10-10,22,-0.676091
2026-07-23T23:50:50.690587+00:00,2022-07-14,2022-10-11,20,-0.653249
2026-07-23T23:50:50.730869+00:00,2022-07-15,2022-10-12,22,-0.63427
2026-07-23T23:50:50.770911+00:00,2022-07-16,2022-10-13,22,-0.605697
2026-07-23T23:50:50.810964+00:00,2022-07-17,2022-10-14,22,-0.581782
2026-07-23T23:50:50.851283+00:00,2022-07-18,2022-10-15,9,-0.557568
2026-07-23T23:50:50.890684+00:00,2022-07-19,2022-10-16,9,-0.554467
2026-07-23T23:50:50.930459+00:00,2022-07-20,2022-10-17,9,-0.551924
2026-07-23T23:50:50.970257+00:00,2022-07-21,2022-10-18,9,-0.55254
2026-07-23T23:50:51.009701+00:00,2022-07-22,2022-10-19,9,-0.562551
2026-07-23T23:50:51.049580+00:00,2022-07-23,2022-10-20,9,-0.575702
2026-07-23T23:50:51.089486+00:00,2022-07-24,2022-10-21,9,-0.592867
2026-07-23T23:50:51.129601+00:00,2022-07-25,2022-10-22,9,-0.607833
2026-07-23T23:50:51.169570+00:00,2022-07-26,2022-10-23,9,-0.62086
2026-07-23T23:50:51.210231+00:00,2022-07-27,2022-10-24,9,-0.63033
2026-07-23T23:50:51.250455+00:00,2022-07-28,2022-10-25,9,-0.632592
2026-07-23T23:50:51.290488+00:00,2022-07-29,2022-10-26,9,-0.634281
2026-07-23T23:50:51.330125+00:00,2022-07-30,2022-10-27,9,-0.633854
2026-07-23T23:50:51.370418+00:00,2022-07-31,2022-10-28,9,-0.63279
2026-07-23T23:50:51.410834+00:00,2022-08-01,2022-10-29,9,-0.630086
2026-07-23T23:50:51.450499+00:00,2022-08-02,2022-10-30,9,-0.62461
2026-07-23T23:50:51.490215+00:00,2022-08-03,2022-10-31,9,-0.615676
2026-07-23T23:50:51.529747+00:00,2022-08-04,2022-11-01,9,-0.620091
2026-07-23T23:50:51.570053+00:00,2022-08-05,2022-11-02,9,-0.63001
2026-07-23T23:50:51.610078+00:00,2022-08-06,2022-11-03,9,-0.638779
2026-07-23T23:50:51.649711+00:00,2022-08-07,2022-11-04,9,-0.652152
2026-07-23T23:50:51.689418+00:00,2022-08-08,2022-11-05,9,-0.674985
2026-07-23T23:50:51.728975+00:00,2022-08-09,2022-11-06,9,-0.691953
2026-07-23T23:50:51.769148+00:00,2022-08-10,2022-11-07,9,-0.697034
2026-07-23T23:50:51.809217+00:00,2022-08-11,2022-11-08,9,-0.700885
2026-07-23T23:50:51.849431+00:00,2022-08-12,2022-11-09,8,-0.703393
2026-07-23T23:50:51.889601+00:00,2022-08-13,2022-11-10,8,-0.703791
2026-07-23T23:50:51.929599+00:00,2022-08-14,2022-11-11,8,-0.696821
2026-07-23T23:50:51.969548+00:00,2022-08-15,2022-11-12,8,-0.69493
2026-07-23T23:50:52.009665+00:00,2022-08-16,2022-11-13,8,-0.689255
2026-07-23T23:50:52.049341+00:00,2022-08-17,2022-11-14,9,-0.685878
2026-07-23T23:50:52.089247+00:00,2022-08-18,2022-11-15,9,-0.691677
2026-07-23T23:50:52.129075+00:00,2022-08-19,2022-11-16,9,-0.699018
2026-07-23T23:50:52.169007+00:00,2022-08-20,2022-11-17,8,-0.697904
2026-07-23T23:50:52.209188+00:00,2022-08-21,2022-11-18,8,-0.694254
2026-07-23T23:50:52.249200+00:00,2022-08-22,2022-11-19,8,-0.69081
2026-07-23T23:50:52.288894+00:00,2022-08-23,2022-11-20,8,-0.680676
2026-07-23T23:50:52.328571+00:00,2022-08-24,2022-11-21,8,-0.664945
2026-07-23T23:50:52.368644+00:00,2022-08-25,2022-11-22,8,-0.658734
2026-07-23T23:50:52.408193+00:00,2022-08-26,2022-11-23,8,-0.656142
2026-07-23T23:50:52.447820+00:00,2022-08-27,2022-11-24,8,-0.654551
2026-07-23T23:50:52.486519+00:00,2022-08-28,2022-11-25,8,-0.655561
2026-07-23T23:50:52.526655+00:00,2022-08-29,2022-11-26,8,-0.659492
2026-07-23T23:50:52.566295+00:00,2022-08-30,2022-11-27,9,-0.665649
2026-07-23T23:50:52.604578+00:00,2022-08-31,2022-11-28,9,-0.681442
2026-07-23T23:50:52.644481+00:00,2022-09-01,2022-11-29,9,-0.701853
2026-07-23T23:50:52.684554+00:00,2022-09-02,2022-11-30,9,-0.728683
2026-07-23T23:50:52.724364+00:00,2022-09-03,2022-12-01,9,-0.756862
2026-07-23T23:50:52.764326+00:00,2022-09-04,2022-12-02,9,-0.784294
2026-07-23T23:50:52.803891+00:00,2022-09-05,2022-12-03,9,-0.791772
2026-07-23T23:50:52.844090+00:00,2022-09-06,2022-12-04,9,-0.777259
2026-07-23T23:50:52.884278+00:00,2022-09-07,2022-12-05,9,-0.756386
2026-07-23T23:50:52.923691+00:00,2022-09-08,2022-12-06,9,-0.720514
2026-07-23T23:50:52.963323+00:00,2022-09-09,2022-12-07,9,-0.680439
2026-07-23T23:50:53.002884+00:00,2022-09-10,2022-12-08,9,-0.647064
2026-07-23T23:50:53.042644+00:00,2022-09-11,2022-12-09,9,-0.633048
2026-07-23T23:50:53.082405+00:00,2022-09-12,2022-12-10,9,-0.626086
2026-07-23T23:50:53.122103+00:00,2022-09-13,2022-12-11,9,-0.600256
2026-07-23T23:50:53.162020+00:00,2022-09-14,2022-12-12,-30,-0.598558
2026-07-23T23:50:53.202245+00:00,2022-09-15,2022-12-13,-30,-0.561763
2026-07-23T23:50:53.242254+00:00,2022-09-16,2022-12-14,24,0.581034
2026-07-23T23:50:53.282149+00:00,2022-09-17,2022-12-15,24,0.635577
2026-07-23T23:50:53.321804+00:00,2022-09-18,2022-12-16,24,0.675173
2026-07-23T23:50:53.362358+00:00,2022-09-19,2022-12-17,24,0.71296
2026-07-23T23:50:53.402361+00:00,2022-09-20,2022-12-18,24,0.73271
2026-07-23T23:50:53.442542+00:00,2022-09-21,2022-12-19,24,0.739358
2026-07-23T23:50:53.482518+00:00,2022-09-22,2022-12-20,23,0.740185
2026-07-23T23:50:53.522606+00:00,2022-09-23,2022-12-21,24,0.731246
2026-07-23T23:50:53.562614+00:00,2022-09-24,2022-12-22,24,0.724542
2026-07-23T23:50:53.602720+00:00,2022-09-25,2022-12-23,23,0.720223
2026-07-23T23:50:53.642604+00:00,2022-09-26,2022-12-24,22,0.725816
2026-07-23T23:50:53.682781+00:00,2022-09-27,2022-12-25,21,0.722794
2026-07-23T23:50:53.722756+00:00,2022-09-28,2022-12-26,21,0.720609
2026-07-23T23:50:53.762540+00:00,2022-09-29,2022-12-27,21,0.708296
2026-07-23T23:50:53.802615+00:00,2022-09-30,2022-12-28,21,0.686208
2026-07-23T23:50:53.842942+00:00,2022-10-01,2022-12-29,22,0.692701
2026-07-23T23:50:53.881500+00:00,2022-10-02,2022-12-30,21,0.689133
2026-07-23T23:50:53.921089+00:00,2022-10-03,2022-12-31,-30,-0.686035
2026-07-23T23:50:53.960992+00:00,2022-10-04,2023-01-01,-30,-0.671804
2026-07-23T23:50:54.000714+00:00,2022-10-05,2023-01-02,23,0.673938
2026-07-23T23:50:54.040263+00:00,2022-10-06,2023-01-03,23,0.672924
2026-07-23T23:50:54.078760+00:00,2022-10-07,2023-01-04,23,0.664743
2026-07-23T23:50:54.118074+00:00,2022-10-08,2023-01-05,23,0.663844
2026-07-23T23:50:54.157251+00:00,2022-10-09,2023-01-06,23,0.687269
2026-07-23T23:50:54.195943+00:00,2022-10-10,2023-01-07,23,0.701603
2026-07-23T23:50:54.234924+00:00,2022-10-11,2023-01-08,23,0.712128
2026-07-23T23:50:54.273357+00:00,2022-10-12,2023-01-09,23,0.735287
2026-07-23T23:50:54.312460+00:00,2022-10-13,2023-01-10,24,0.737523
2026-07-23T23:50:54.351767+00:00,2022-10-14,2023-01-11,24,0.743964
2026-07-23T23:50:54.390208+00:00,2022-10-15,2023-01-12,24,0.749846
2026-07-23T23:50:54.429943+00:00,2022-10-16,2023-01-13,24,0.739582
2026-07-23T23:50:54.470524+00:00,2022-10-17,2023-01-14,24,0.727939
2026-07-23T23:50:54.510137+00:00,2022-10-18,2023-01-15,23,0.726531
2026-07-23T23:50:54.549974+00:00,2022-10-19,2023-01-16,22,0.736288
2026-07-23T23:50:54.589577+00:00,2022-10-20,2023-01-17,21,0.746318
2026-07-23T23:50:54.629773+00:00,2022-10-21,2023-01-18,21,0.759897
2026-07-23T23:50:54.669834+00:00,2022-10-22,2023-01-19,23,0.773314
2026-07-23T23:50:54.709766+00:00,2022-10-23,2023-01-20,22,0.790435
2026-07-23T23:50:54.749521+00:00,2022-10-24,2023-01-21,22,0.801135
2026-07-23T23:50:54.789489+00:00,2022-10-25,2023-01-22,-28,-0.809443
2026-07-23T23:50:54.829563+00:00,2022-10-26,2023-01-23,22,0.805956
2026-07-23T23:50:54.869682+00:00,2022-10-27,2023-01-24,22,0.800202
2026-07-23T23:50:54.909263+00:00,2022-10-28,2023-01-25,-28,-0.79914
2026-07-23T23:50:54.948693+00:00,2022-10-29,2023-01-26,-28,-0.798576
2026-07-23T23:50:54.988379+00:00,2022-10-30,2023-01-27,-28,-0.796513
2026-07-23T23:50:55.028218+00:00,2022-10-31,2023-01-28,-28,-0.799008
2026-07-23T23:50:55.068383+00:00,2022-11-01,2023-01-29,-28,-0.804394
2026-07-23T23:50:55.108043+00:00,2022-11-02,2023-01-30,-28,-0.802499
2026-07-23T23:50:55.148088+00:00,2022-11-03,2023-01-31,-28,-0.80096
2026-07-23T23:50:55.188075+00:00,2022-11-04,2023-02-01,-28,-0.810242
2026-07-23T23:50:55.227842+00:00,2022-11-05,2023-02-02,-28,-0.804038
2026-07-23T23:50:55.267546+00:00,2022-11-06,2023-02-03,-28,-0.782998
2026-07-23T23:50:55.307657+00:00,2022-11-07,2023-02-04,21,0.763982
2026-07-23T23:50:55.347216+00:00,2022-11-08,2023-02-05,21,0.757805
2026-07-23T23:50:55.386543+00:00,2022-11-09,2023-02-06,21,0.739057
2026-07-23T23:50:55.426310+00:00,2022-11-10,2023-02-07,21,0.719777
2026-07-23T23:50:55.466242+00:00,2022-11-11,2023-02-08,21,0.698943
2026-07-23T23:50:55.506033+00:00,2022-11-12,2023-02-09,21,0.687063
2026-07-23T23:50:55.545805+00:00,2022-11-13,2023-02-10,21,0.678904
2026-07-23T23:50:55.585416+00:00,2022-11-14,2023-02-11,21,0.690603
2026-07-23T23:50:55.625617+00:00,2022-11-15,2023-02-12,21,0.700642
2026-07-23T23:50:55.665514+00:00,2022-11-16,2023-02-13,21,0.706251
2026-07-23T23:50:55.705131+00:00,2022-11-17,2023-02-14,21,0.712664
2026-07-23T23:50:55.744839+00:00,2022-11-18,2023-02-15,21,0.715909
2026-07-23T23:50:55.784906+00:00,2022-11-19,2023-02-16,21,0.714111
2026-07-23T23:50:55.824396+00:00,2022-11-20,2023-02-17,21,0.712019
2026-07-23T23:50:55.864099+00:00,2022-11-21,2023-02-18,21,0.71544
2026-07-23T23:50:55.903715+00:00,2022-11-22,2023-02-19,21,0.722936
2026-07-23T23:50:55.944049+00:00,2022-11-23,2023-02-20,21,0.729922
2026-07-23T23:50:55.984051+00:00,2022-11-24,2023-02-21,21,0.730183
2026-07-23T23:50:56.023244+00:00,2022-11-25,2023-02-22,21,0.721158
2026-07-23T23:50:56.063282+00:00,2022-11-26,2023-02-23,21,0.710511
2026-07-23T23:50:56.103688+00:00,2022-11-27,2023-02-24,22,0.707584
2026-07-23T23:50:56.143222+00:00,2022-11-28,2023-02-25,22,0.707361
2026-07-23T23:50:56.183192+00:00,2022-11-29,2023-02-26,22,0.704977
2026-07-23T23:50:56.222524+00:00,2022-11-30,2023-02-27,22,0.706736
2026-07-23T23:50:56.263243+00:00,2022-12-01,2023-02-28,22,0.693388
2026-07-23T23:50:56.302829+00:00,2022-12-02,2023-03-01,22,0.672139
2026-07-23T23:50:56.342549+00:00,2022-12-03,2023-03-02,22,0.653036
2026-07-23T23:50:56.382560+00:00,2022-12-04,2023-03-03,22,0.64266
2026-07-23T23:50:56.422184+00:00,2022-12-05,2023-03-04,22,0.635729
2026-07-23T23:50:56.462156+00:00,2022-12-06,2023-03-05,22,0.637588
2026-07-23T23:50:56.502298+00:00,2022-12-07,2023-03-06,22,0.646862
2026-07-23T23:50:56.541812+00:00,2022-12-08,2023-03-07,22,0.656533
2026-07-23T23:50:56.581821+00:00,2022-12-09,2023-03-08,22,0.661694
2026-07-23T23:50:56.621185+00:00,2022-12-10,2023-03-09,22,0.651364
2026-07-23T23:50:56.660734+00:00,2022-12-11,2023-03-10,22,0.636625
2026-07-23T23:50:56.698810+00:00,2022-12-12,2023-03-11,22,0.625247
2026-07-23T23:50:56.737587+00:00,2022-12-13,2023-03-12,22,0.606701
2026-07-23T23:50:56.777258+00:00,2022-12-14,2023-03-13,22,0.575477
2026-07-23T23:50:56.816794+00:00,2022-12-15,2023-03-14,22,0.552651
2026-07-23T23:50:56.856512+00:00,2022-12-16,2023-03-15,21,0.530022
2026-07-23T23:50:56.896503+00:00,2022-12-17,2023-03-16,21,0.497959
2026-07-23T23:50:56.935804+00:00,2022-12-18,2023-03-17,21,0.454388
2026-07-23T23:50:56.978388+00:00,2022-12-19,2023-03-18,21,0.397487
2026-07-23T23:50:57.018113+00:00,2022-12-20,2023-03-19,21,0.367666
2026-07-23T23:50:57.056683+00:00,2022-12-21,2023-03-20,21,0.361633
2026-07-23T23:50:57.095227+00:00,2022-12-22,2023-03-21,21,0.359964
2026-07-23T23:50:57.135246+00:00,2022-12-23,2023-03-22,21,0.363676
2026-07-23T23:50:57.174839+00:00,2022-12-24,2023-03-23,21,0.361574
2026-07-23T23:50:57.215132+00:00,2022-12-25,2023-03-24,21,0.36854
2026-07-23T23:50:57.255089+00:00,2022-12-26,2023-03-25,21,0.376582
2026-07-23T23:50:57.294976+00:00,2022-12-27,2023-03-26,21,0.382329
2026-07-23T23:50:57.335672+00:00,2022-12-28,2023-03-27,21,0.374924
2026-07-23T23:50:57.374939+00:00,2022-12-29,2023-03-28,21,0.366661
2026-07-23T23:50:57.415423+00:00,2022-12-30,2023-03-29,21,0.359629
2026-07-23T23:50:57.455316+00:00,2022-12-31,2023-03-30,21,0.352265
2026-07-23T23:50:57.494800+00:00,2023-01-01,2023-03-31,-12,-0.386673
2026-07-23T23:50:57.534794+00:00,2023-01-02,2023-04-01,-13,-0.420806
2026-07-23T23:50:57.575514+00:00,2023-01-03,2023-04-02,-13,-0.451149
2026-07-23T23:50:57.615450+00:00,2023-01-04,2023-04-03,-13,-0.469063
2026-07-23T23:50:57.655300+00:00,2023-01-05,2023-04-04,-13,-0.494465
2026-07-23T23:50:57.695693+00:00,2023-01-06,2023-04-05,-12,-0.512439
2026-07-23T23:50:57.735746+00:00,2023-01-07,2023-04-06,-12,-0.525956
2026-07-23T23:50:57.776018+00:00,2023-01-08,2023-04-07,-12,-0.529635
2026-07-23T23:50:57.815898+00:00,2023-01-09,2023-04-08,-12,-0.533797
2026-07-23T23:50:57.855730+00:00,2023-01-10,2023-04-09,-12,-0.53137
2026-07-23T23:50:57.896525+00:00,2023-01-11,2023-04-10,-12,-0.5257
2026-07-23T23:50:57.936501+00:00,2023-01-12,2023-04-11,-13,-0.50686
2026-07-23T23:50:57.976828+00:00,2023-01-13,2023-04-12,20,0.463193
2026-07-23T23:50:58.016898+00:00,2023-01-14,2023-04-13,18,0.461811
2026-07-23T23:50:58.057653+00:00,2023-01-15,2023-04-14,18,0.465118
2026-07-23T23:50:58.097652+00:00,2023-01-16,2023-04-15,18,0.466259
2026-07-23T23:50:58.137790+00:00,2023-01-17,2023-04-16,18,0.471649
2026-07-23T23:50:58.177736+00:00,2023-01-18,2023-04-17,18,0.466697
2026-07-23T23:50:58.217809+00:00,2023-01-19,2023-04-18,19,0.470025
2026-07-23T23:50:58.257399+00:00,2023-01-20,2023-04-19,19,0.453389
2026-07-23T23:50:58.297161+00:00,2023-01-21,2023-04-20,19,0.443818
2026-07-23T23:50:58.337385+00:00,2023-01-22,2023-04-21,20,0.443599
2026-07-23T23:50:58.377528+00:00,2023-01-23,2023-04-22,19,0.454485
2026-07-23T23:50:58.417680+00:00,2023-01-24,2023-04-23,19,0.473003
2026-07-23T23:50:58.457869+00:00,2023-01-25,2023-04-24,19,0.491277
2026-07-23T23:50:58.498142+00:00,2023-01-26,2023-04-25,19,0.553041
2026-07-23T23:50:58.538150+00:00,2023-01-27,2023-04-26,19,0.589104
2026-07-23T23:50:58.578374+00:00,2023-01-28,2023-04-27,18,0.595219
2026-07-23T23:50:58.618189+00:00,2023-01-29,2023-04-28,19,0.570515
2026-07-23T23:50:58.658320+00:00,2023-01-30,2023-04-29,19,0.525691
2026-07-23T23:50:58.698679+00:00,2023-01-31,2023-04-30,19,0.50081
2026-07-23T23:50:58.738181+00:00,2023-02-01,2023-05-01,18,0.488032
2026-07-23T23:50:58.778051+00:00,2023-02-02,2023-05-02,18,0.467581
2026-07-23T23:50:58.818045+00:00,2023-02-03,2023-05-03,18,0.447949
2026-07-23T23:50:58.857749+00:00,2023-02-04,2023-05-04,-22,0.446982
2026-07-23T23:50:58.897813+00:00,2023-02-05,2023-05-05,-22,0.469524
2026-07-23T23:50:58.937077+00:00,2023-02-06,2023-05-06,-22,0.487902
2026-07-23T23:50:58.976841+00:00,2023-02-07,2023-05-07,-23,0.484756
2026-07-23T23:50:59.015992+00:00,2023-02-08,2023-05-08,-23,0.481955
2026-07-23T23:50:59.055665+00:00,2023-02-09,2023-05-09,-22,0.47624
2026-07-23T23:50:59.095579+00:00,2023-02-10,2023-05-10,-22,0.478511
2026-07-23T23:50:59.135624+00:00,2023-02-11,2023-05-11,-23,0.468347
2026-07-23T23:50:59.175117+00:00,2023-02-12,2023-05-12,-23,0.455951
2026-07-23T23:50:59.215476+00:00,2023-02-13,2023-05-13,-23,0.444299
2026-07-23T23:50:59.255141+00:00,2023-02-14,2023-05-14,-23,0.429908
2026-07-23T23:50:59.295295+00:00,2023-02-15,2023-05-15,29,-0.421719
2026-07-23T23:50:59.334935+00:00,2023-02-16,2023-05-16,29,-0.407658
2026-07-23T23:50:59.375329+00:00,2023-02-17,2023-05-17,29,-0.386859
2026-07-23T23:50:59.414626+00:00,2023-02-18,2023-05-18,28,-0.362354
2026-07-23T23:50:59.453230+00:00,2023-02-19,2023-05-19,29,-0.358612
2026-07-23T23:50:59.491909+00:00,2023-02-20,2023-05-20,29,-0.360238
2026-07-23T23:50:59.530479+00:00,2023-02-21,2023-05-21,29,-0.368256
2026-07-23T23:50:59.569798+00:00,2023-02-22,2023-05-22,29,-0.37296
2026-07-23T23:50:59.612985+00:00,2023-02-23,2023-05-23,30,-0.391175
2026-07-23T23:50:59.653528+00:00,2023-02-24,2023-05-24,30,-0.433931
2026-07-23T23:50:59.693687+00:00,2023-02-25,2023-05-25,30,-0.476542
2026-07-23T23:50:59.733237+00:00,2023-02-26,2023-05-26,30,-0.520946
2026-07-23T23:50:59.772916+00:00,2023-02-27,2023-05-27,30,-0.549703
2026-07-23T23:50:59.812674+00:00,2023-02-28,2023-05-28,30,-0.584717
2026-07-23T23:50:59.852930+00:00,2023-03-01,2023-05-29,29,-0.597883
2026-07-23T23:50:59.893473+00:00,2023-03-02,2023-05-30,29,-0.602737
2026-07-23T23:50:59.932917+00:00,2023-03-03,2023-05-31,29,-0.59304
2026-07-23T23:50:59.972988+00:00,2023-03-04,2023-06-01,29,-0.583228
2026-07-23T23:51:00.012635+00:00,2023-03-05,2023-06-02,29,-0.573748
2026-07-23T23:51:00.051639+00:00,2023-03-06,2023-06-03,29,-0.563501
2026-07-23T23:51:00.091735+00:00,2023-03-07,2023-06-04,29,-0.552731
2026-07-23T23:51:00.131828+00:00,2023-03-08,2023-06-05,29,-0.539345
2026-07-23T23:51:00.171940+00:00,2023-03-09,2023-06-06,29,-0.514892
2026-07-23T23:51:00.211700+00:00,2023-03-10,2023-06-07,29,-0.481188
2026-07-23T23:51:00.251467+00:00,2023-03-11,2023-06-08,30,-0.479953
2026-07-23T23:51:00.291317+00:00,2023-03-12,2023-06-09,29,-0.479851
2026-07-23T23:51:00.330950+00:00,2023-03-13,2023-06-10,29,-0.486687
2026-07-23T23:51:00.370534+00:00,2023-03-14,2023-06-11,29,-0.487368
2026-07-23T23:51:00.411269+00:00,2023-03-15,2023-06-12,29,-0.490083
2026-07-23T23:51:00.450800+00:00,2023-03-16,2023-06-13,29,-0.493006
2026-07-23T23:51:00.491557+00:00,2023-03-17,2023-06-14,29,-0.49947
2026-07-23T23:51:00.531349+00:00,2023-03-18,2023-06-15,29,-0.509502
2026-07-23T23:51:00.571576+00:00,2023-03-19,2023-06-16,29,-0.516509
2026-07-23T23:51:00.611272+00:00,2023-03-20,2023-06-17,29,-0.511521
2026-07-23T23:51:00.650769+00:00,2023-03-21,2023-06-18,29,-0.475086
2026-07-23T23:51:00.690733+00:00,2023-03-22,2023-06-19,-11,0.420918
2026-07-23T23:51:00.731498+00:00,2023-03-23,2023-06-20,-11,0.440049
2026-07-23T23:51:00.771518+00:00,2023-03-24,2023-06-21,-10,0.453758
2026-07-23T23:51:00.811269+00:00,2023-03-25,2023-06-22,-11,0.450293
2026-07-23T23:51:00.851474+00:00,2023-03-26,2023-06-23,-11,0.440665
2026-07-23T23:51:00.891420+00:00,2023-03-27,2023-06-24,-12,0.422872
2026-07-23T23:51:00.931265+00:00,2023-03-28,2023-06-25,-15,0.455909
2026-07-23T23:51:00.971212+00:00,2023-03-29,2023-06-26,-15,0.494664
2026-07-23T23:51:01.011653+00:00,2023-03-30,2023-06-27,-15,0.502382
2026-07-23T23:51:01.052394+00:00,2023-03-31,2023-06-28,-17,0.483415
2026-07-23T23:51:01.092507+00:00,2023-04-01,2023-06-29,-5,0.506549
2026-07-23T23:51:01.132374+00:00,2023-04-02,2023-06-30,-5,0.53044
2026-07-23T23:51:01.172396+00:00,2023-04-03,2023-07-01,-5,0.539294
2026-07-23T23:51:01.212599+00:00,2023-04-04,2023-07-02,-6,0.540107
2026-07-23T23:51:01.252402+00:00,2023-04-05,2023-07-03,-5,0.524148
2026-07-23T23:51:01.291585+00:00,2023-04-06,2023-07-04,-6,0.491846
2026-07-23T23:51:01.331630+00:00,2023-04-07,2023-07-05,-7,0.457523
2026-07-23T23:51:01.371790+00:00,2023-04-08,2023-07-06,21,0.431712
2026-07-23T23:51:01.411858+00:00,2023-04-09,2023-07-07,21,0.427235
2026-07-23T23:51:01.451501+00:00,2023-04-10,2023-07-08,21,0.41752
2026-07-23T23:51:01.491920+00:00,2023-04-11,2023-07-09,11,0.400259
2026-07-23T23:51:01.531943+00:00,2023-04-12,2023-07-10,11,0.399432
2026-07-23T23:51:01.572154+00:00,2023-04-13,2023-07-11,4,0.418412
2026-07-23T23:51:01.612323+00:00,2023-04-14,2023-07-12,4,0.434596
2026-07-23T23:51:01.652262+00:00,2023-04-15,2023-07-13,3,0.440244
2026-07-23T23:51:01.692531+00:00,2023-04-16,2023-07-14,3,0.441468
2026-07-23T23:51:01.732293+00:00,2023-04-17,2023-07-15,2,0.440218
2026-07-23T23:51:01.771965+00:00,2023-04-18,2023-07-16,2,0.420711
2026-07-23T23:51:01.811985+00:00,2023-04-19,2023-07-17,-8,0.411734
2026-07-23T23:51:01.851947+00:00,2023-04-20,2023-07-18,-8,0.391965
2026-07-23T23:51:01.891696+00:00,2023-04-21,2023-07-19,-8,0.366085
2026-07-23T23:51:01.931906+00:00,2023-04-22,2023-07-20,-7,0.348604
2026-07-23T23:51:01.972368+00:00,2023-04-23,2023-07-21,-6,0.338817
2026-07-23T23:51:02.012495+00:00,2023-04-24,2023-07-22,-6,0.316092
2026-07-23T23:51:02.052418+00:00,2023-04-25,2023-07-23,20,0.28397
2026-07-23T23:51:02.091669+00:00,2023-04-26,2023-07-24,-21,-0.258431
2026-07-23T23:51:02.131621+00:00,2023-04-27,2023-07-25,-20,-0.252962
2026-07-23T23:51:02.171115+00:00,2023-04-28,2023-07-26,-20,-0.245593
2026-07-23T23:51:02.210591+00:00,2023-04-29,2023-07-27,-20,-0.233815
2026-07-23T23:51:02.250580+00:00,2023-04-30,2023-07-28,-21,-0.21828
2026-07-23T23:51:02.290983+00:00,2023-05-01,2023-07-29,-21,-0.195347
2026-07-23T23:51:02.330624+00:00,2023-05-02,2023-07-30,-21,-0.170823
2026-07-23T23:51:02.370217+00:00,2023-05-03,2023-07-31,-30,0.17999
2026-07-23T23:51:02.410261+00:00,2023-05-04,2023-08-01,-30,0.186708
2026-07-23T23:51:02.450510+00:00,2023-05-05,2023-08-02,-30,0.188286
2026-07-23T23:51:02.489901+00:00,2023-05-06,2023-08-03,-30,0.197407
2026-07-23T23:51:02.530044+00:00,2023-05-07,2023-08-04,-30,0.206335
2026-07-23T23:51:02.569771+00:00,2023-05-08,2023-08-05,-30,0.200137
2026-07-23T23:51:02.609978+00:00,2023-05-09,2023-08-06,-30,0.187813
2026-07-23T23:51:02.649330+00:00,2023-05-10,2023-08-07,-30,0.197018
2026-07-23T23:51:02.689231+00:00,2023-05-11,2023-08-08,-30,0.197823
2026-07-23T23:51:02.728655+00:00,2023-05-12,2023-08-09,-30,0.188137
2026-07-23T23:51:02.768545+00:00,2023-05-13,2023-08-10,-30,0.160611
2026-07-23T23:51:02.809187+00:00,2023-05-14,2023-08-11,28,0.17065
2026-07-23T23:51:02.849037+00:00,2023-05-15,2023-08-12,28,0.211696
2026-07-23T23:51:02.887540+00:00,2023-05-16,2023-08-13,28,0.229829
2026-07-23T23:51:02.927048+00:00,2023-05-17,2023-08-14,28,0.228083
2026-07-23T23:51:02.967552+00:00,2023-05-18,2023-08-15,27,0.251945
2026-07-23T23:51:03.007584+00:00,2023-05-19,2023-08-16,27,0.26671
2026-07-23T23:51:03.047201+00:00,2023-05-20,2023-08-17,27,0.28213
2026-07-23T23:51:03.086686+00:00,2023-05-21,2023-08-18,28,0.293063
2026-07-23T23:51:03.126372+00:00,2023-05-22,2023-08-19,27,0.301271
2026-07-23T23:51:03.166530+00:00,2023-05-23,2023-08-20,26,0.316065
2026-07-23T23:51:03.206214+00:00,2023-05-24,2023-08-21,-10,0.347891
2026-07-23T23:51:03.246468+00:00,2023-05-25,2023-08-22,-10,0.404883
2026-07-23T23:51:03.286034+00:00,2023-05-26,2023-08-23,-10,0.43807
2026-07-23T23:51:03.326125+00:00,2023-05-27,2023-08-24,-10,0.454613
2026-07-23T23:51:03.365414+00:00,2023-05-28,2023-08-25,-10,0.462166
2026-07-23T23:51:03.404565+00:00,2023-05-29,2023-08-26,-11,0.455509
2026-07-23T23:51:03.444833+00:00,2023-05-30,2023-08-27,-12,0.447276
2026-07-23T23:51:03.484665+00:00,2023-05-31,2023-08-28,0,0.45708
2026-07-23T23:51:03.524793+00:00,2023-06-01,2023-08-29,0,0.475881
2026-07-23T23:51:03.564550+00:00,2023-06-02,2023-08-30,-1,0.493939
2026-07-23T23:51:03.604545+00:00,2023-06-03,2023-08-31,-2,0.514336
2026-07-23T23:51:03.644119+00:00,2023-06-04,2023-09-01,0,0.530094
2026-07-23T23:51:03.683299+00:00,2023-06-05,2023-09-02,0,0.551533
2026-07-23T23:51:03.723258+00:00,2023-06-06,2023-09-03,-6,0.572895
2026-07-23T23:51:03.763817+00:00,2023-06-07,2023-09-04,-6,0.595659
2026-07-23T23:51:03.803861+00:00,2023-06-08,2023-09-05,-7,0.613794
2026-07-23T23:51:03.843628+00:00,2023-06-09,2023-09-06,-8,0.630314
2026-07-23T23:51:03.883315+00:00,2023-06-10,2023-09-07,-10,0.645384
2026-07-23T23:51:03.922116+00:00,2023-06-11,2023-09-08,-6,0.657562
2026-07-23T23:51:03.962282+00:00,2023-06-12,2023-09-09,-6,0.666526
2026-07-23T23:51:04.001454+00:00,2023-06-13,2023-09-10,-10,0.686865
2026-07-23T23:51:04.041319+00:00,2023-06-14,2023-09-11,-10,0.721473
2026-07-23T23:51:04.080634+00:00,2023-06-15,2023-09-12,-10,0.743971
2026-07-23T23:51:04.119367+00:00,2023-06-16,2023-09-13,-10,0.763906
2026-07-23T23:51:04.158187+00:00,2023-06-17,2023-09-14,-10,0.779119
2026-07-23T23:51:04.198090+00:00,2023-06-18,2023-09-15,-11,0.794045
2026-07-23T23:51:04.237751+00:00,2023-06-19,2023-09-16,-11,0.798486
2026-07-23T23:51:04.277535+00:00,2023-06-20,2023-09-17,-11,0.795429
2026-07-23T23:51:04.317581+00:00,2023-06-21,2023-09-18,-12,0.785948
2026-07-23T23:51:04.356991+00:00,2023-06-22,2023-09-19,-13,0.778181
2026-07-23T23:51:04.396563+00:00,2023-06-23,2023-09-20,-14,0.773352
2026-07-23T23:51:04.436415+00:00,2023-06-24,2023-09-21,-13,0.768101
2026-07-23T23:51:04.475940+00:00,2023-06-25,2023-09-22,-13,0.762739
2026-07-23T23:51:04.515705+00:00,2023-06-26,2023-09-23,-14,0.754446
2026-07-23T23:51:04.555545+00:00,2023-06-27,2023-09-24,-15,0.751329
2026-07-23T23:51:04.595478+00:00,2023-06-28,2023-09-25,-15,0.744019
2026-07-23T23:51:04.635373+00:00,2023-06-29,2023-09-26,-16,0.74085
2026-07-23T23:51:04.674840+00:00,2023-06-30,2023-09-27,-15,0.744863
2026-07-23T23:51:04.714837+00:00,2023-07-01,2023-09-28,-15,0.755026
2026-07-23T23:51:04.755204+00:00,2023-07-02,2023-09-29,-16,0.755749
2026-07-23T23:51:04.794492+00:00,2023-07-03,2023-09-30,-16,0.754814
2026-07-23T23:51:04.834572+00:00,2023-07-04,2023-10-01,-16,0.746269
2026-07-23T23:51:04.874760+00:00,2023-07-05,2023-10-02,-16,0.73285
2026-07-23T23:51:04.915103+00:00,2023-07-06,2023-10-03,-17,0.728515
2026-07-23T23:51:04.954924+00:00,2023-07-07,2023-10-04,-16,0.727775
2026-07-23T23:51:04.995202+00:00,2023-07-08,2023-10-05,-16,0.724228
2026-07-23T23:51:05.034344+00:00,2023-07-09,2023-10-06,-16,0.71337
2026-07-23T23:51:05.074526+00:00,2023-07-10,2023-10-07,-17,0.691005
2026-07-23T23:51:05.114864+00:00,2023-07-11,2023-10-08,-17,0.658418
2026-07-23T23:51:05.154751+00:00,2023-07-12,2023-10-09,-10,0.636337
2026-07-23T23:51:05.194494+00:00,2023-07-13,2023-10-10,-10,0.622451
2026-07-23T23:51:05.234623+00:00,2023-07-14,2023-10-11,-10,0.616692
2026-07-23T23:51:05.274591+00:00,2023-07-15,2023-10-12,19,-0.621431
2026-07-23T23:51:05.314632+00:00,2023-07-16,2023-10-13,-13,0.633329
2026-07-23T23:51:05.354724+00:00,2023-07-17,2023-10-14,18,-0.635482
2026-07-23T23:51:05.395081+00:00,2023-07-18,2023-10-15,18,-0.641755
2026-07-23T23:51:05.435266+00:00,2023-07-19,2023-10-16,18,-0.647725
2026-07-23T23:51:05.474603+00:00,2023-07-20,2023-10-17,18,-0.645807
2026-07-23T23:51:05.514721+00:00,2023-07-21,2023-10-18,18,-0.643343
2026-07-23T23:51:05.554906+00:00,2023-07-22,2023-10-19,18,-0.636544
2026-07-23T23:51:05.594416+00:00,2023-07-23,2023-10-20,18,-0.628377
2026-07-23T23:51:05.634009+00:00,2023-07-24,2023-10-21,18,-0.620878
2026-07-23T23:51:05.673815+00:00,2023-07-25,2023-10-22,18,-0.606859
2026-07-23T23:51:05.712986+00:00,2023-07-26,2023-10-23,-13,0.605017
2026-07-23T23:51:05.752738+00:00,2023-07-27,2023-10-24,-13,0.602642
2026-07-23T23:51:05.792333+00:00,2023-07-28,2023-10-25,-13,0.604353
2026-07-23T23:51:05.832476+00:00,2023-07-29,2023-10-26,-13,0.592669
2026-07-23T23:51:05.872965+00:00,2023-07-30,2023-10-27,19,-0.613812
2026-07-23T23:51:05.912515+00:00,2023-07-31,2023-10-28,19,-0.624082
2026-07-23T23:51:05.952219+00:00,2023-08-01,2023-10-29,19,-0.630945
2026-07-23T23:51:05.992390+00:00,2023-08-02,2023-10-30,19,-0.628707
2026-07-23T23:51:06.031995+00:00,2023-08-03,2023-10-31,19,-0.63617
2026-07-23T23:51:06.071855+00:00,2023-08-04,2023-11-01,19,-0.646641
2026-07-23T23:51:06.111576+00:00,2023-08-05,2023-11-02,19,-0.653137
2026-07-23T23:51:06.151450+00:00,2023-08-06,2023-11-03,19,-0.653983
2026-07-23T23:51:06.192105+00:00,2023-08-07,2023-11-04,19,-0.652595
2026-07-23T23:51:06.231813+00:00,2023-08-08,2023-11-05,19,-0.655326
2026-07-23T23:51:06.272148+00:00,2023-08-09,2023-11-06,18,-0.659045
2026-07-23T23:51:06.311541+00:00,2023-08-10,2023-11-07,18,-0.660739
2026-07-23T23:51:06.350804+00:00,2023-08-11,2023-11-08,19,-0.654881
2026-07-23T23:51:06.389905+00:00,2023-08-12,2023-11-09,19,-0.662265
2026-07-23T23:51:06.428886+00:00,2023-08-13,2023-11-10,18,-0.662216
2026-07-23T23:51:06.467575+00:00,2023-08-14,2023-11-11,18,-0.661842
2026-07-23T23:51:06.506875+00:00,2023-08-15,2023-11-12,18,-0.660813
2026-07-23T23:51:06.546328+00:00,2023-08-16,2023-11-13,18,-0.658089
2026-07-23T23:51:06.586226+00:00,2023-08-17,2023-11-14,19,-0.661065
2026-07-23T23:51:06.626656+00:00,2023-08-18,2023-11-15,26,-0.664615
2026-07-23T23:51:06.666215+00:00,2023-08-19,2023-11-16,26,-0.696876
2026-07-23T23:51:06.706311+00:00,2023-08-20,2023-11-17,27,-0.713602
2026-07-23T23:51:06.746314+00:00,2023-08-21,2023-11-18,26,-0.718291
2026-07-23T23:51:06.786017+00:00,2023-08-22,2023-11-19,26,-0.721352
2026-07-23T23:51:06.825789+00:00,2023-08-23,2023-11-20,21,-0.721607
2026-07-23T23:51:06.865954+00:00,2023-08-24,2023-11-21,25,-0.71184
2026-07-23T23:51:06.905944+00:00,2023-08-25,2023-11-22,28,-0.702491
2026-07-23T23:51:06.945823+00:00,2023-08-26,2023-11-23,27,-0.688426
2026-07-23T23:51:06.985571+00:00,2023-08-27,2023-11-24,27,-0.689093
2026-07-23T23:51:07.025078+00:00,2023-08-28,2023-11-25,-27,-0.688186
2026-07-23T23:51:07.064885+00:00,2023-08-29,2023-11-26,-30,-0.691635
2026-07-23T23:51:07.104585+00:00,2023-08-30,2023-11-27,-30,-0.709573
2026-07-23T23:51:07.144094+00:00,2023-08-31,2023-11-28,-30,-0.719666
2026-07-23T23:51:07.184387+00:00,2023-09-01,2023-11-29,-30,-0.728869
2026-07-23T23:51:07.224377+00:00,2023-09-02,2023-11-30,-30,-0.727737
2026-07-23T23:51:07.264478+00:00,2023-09-03,2023-12-01,-30,-0.727856
2026-07-23T23:51:07.304165+00:00,2023-09-04,2023-12-02,-30,-0.725629
2026-07-23T23:51:07.344369+00:00,2023-09-05,2023-12-03,-30,-0.723823
2026-07-23T23:51:07.384245+00:00,2023-09-06,2023-12-04,-30,-0.729368
2026-07-23T23:51:07.424334+00:00,2023-09-07,2023-12-05,-30,-0.734496
2026-07-23T23:51:07.464487+00:00,2023-09-08,2023-12-06,-30,-0.738047
2026-07-23T23:51:07.504807+00:00,2023-09-09,2023-12-07,-30,-0.747325
2026-07-23T23:51:07.544656+00:00,2023-09-10,2023-12-08,-30,-0.739266
2026-07-23T23:51:07.584747+00:00,2023-09-11,2023-12-09,-30,-0.730581
2026-07-23T23:51:07.624901+00:00,2023-09-12,2023-12-10,-30,-0.722552
2026-07-23T23:51:07.664991+00:00,2023-09-13,2023-12-11,-30,-0.722626
2026-07-23T23:51:07.704940+00:00,2023-09-14,2023-12-12,-30,-0.727207
2026-07-23T23:51:07.744603+00:00,2023-09-15,2023-12-13,-30,-0.731858
2026-07-23T23:51:07.784725+00:00,2023-09-16,2023-12-14,-30,-0.739918
2026-07-23T23:51:07.824689+00:00,2023-09-17,2023-12-15,-30,-0.752246
2026-07-23T23:51:07.864298+00:00,2023-09-18,2023-12-16,-30,-0.746577
2026-07-23T23:51:07.904066+00:00,2023-09-19,2023-12-17,-30,-0.728986
2026-07-23T23:51:07.944643+00:00,2023-09-20,2023-12-18,-30,-0.713056
2026-07-23T23:51:07.984836+00:00,2023-09-21,2023-12-19,-30,-0.707611
2026-07-23T23:51:08.024735+00:00,2023-09-22,2023-12-20,-30,-0.708267
2026-07-23T23:51:08.064401+00:00,2023-09-23,2023-12-21,-30,-0.678882
2026-07-23T23:51:08.104094+00:00,2023-09-24,2023-12-22,-30,-0.641564
2026-07-23T23:51:08.144419+00:00,2023-09-25,2023-12-23,-30,-0.58747
2026-07-23T23:51:08.184258+00:00,2023-09-26,2023-12-24,14,0.558815
2026-07-23T23:51:08.223888+00:00,2023-09-27,2023-12-25,13,0.567379
2026-07-23T23:51:08.264130+00:00,2023-09-28,2023-12-26,13,0.570404
2026-07-23T23:51:08.304457+00:00,2023-09-29,2023-12-27,13,0.573591
2026-07-23T23:51:08.344253+00:00,2023-09-30,2023-12-28,13,0.579131
2026-07-23T23:51:08.384177+00:00,2023-10-01,2023-12-29,12,0.58106
2026-07-23T23:51:08.423876+00:00,2023-10-02,2023-12-30,12,0.575501
2026-07-23T23:51:08.464083+00:00,2023-10-03,2023-12-31,12,0.565904
2026-07-23T23:51:08.503730+00:00,2023-10-04,2024-01-01,12,0.556385
2026-07-23T23:51:08.543915+00:00,2023-10-05,2024-01-02,12,0.549665
2026-07-23T23:51:08.584185+00:00,2023-10-06,2024-01-03,11,0.534814
2026-07-23T23:51:08.624477+00:00,2023-10-07,2024-01-04,11,0.529972
2026-07-23T23:51:08.664377+00:00,2023-10-08,2024-01-05,11,0.526597
2026-07-23T23:51:08.704471+00:00,2023-10-09,2024-01-06,11,0.524589
2026-07-23T23:51:08.744154+00:00,2023-10-10,2024-01-07,10,0.527391
2026-07-23T23:51:08.784028+00:00,2023-10-11,2024-01-08,10,0.535809
2026-07-23T23:51:08.823816+00:00,2023-10-12,2024-01-09,10,0.54216
2026-07-23T23:51:08.862914+00:00,2023-10-13,2024-01-10,10,0.548134
2026-07-23T23:51:08.901328+00:00,2023-10-14,2024-01-11,9,0.549732
2026-07-23T23:51:08.939633+00:00,2023-10-15,2024-01-12,10,0.546963
2026-07-23T23:51:08.977987+00:00,2023-10-16,2024-01-13,9,0.542038
2026-07-23T23:51:09.016517+00:00,2023-10-17,2024-01-14,10,0.536664
2026-07-23T23:51:09.056010+00:00,2023-10-18,2024-01-15,10,0.532455
2026-07-23T23:51:09.095321+00:00,2023-10-19,2024-01-16,10,0.525395
2026-07-23T23:51:09.134272+00:00,2023-10-20,2024-01-17,11,0.522309
2026-07-23T23:51:09.173233+00:00,2023-10-21,2024-01-18,11,0.52354
2026-07-23T23:51:09.211955+00:00,2023-10-22,2024-01-19,12,0.53041
2026-07-23T23:51:09.251163+00:00,2023-10-23,2024-01-20,12,0.545653
2026-07-23T23:51:09.290489+00:00,2023-10-24,2024-01-21,11,0.557456
2026-07-23T23:51:09.329766+00:00,2023-10-25,2024-01-22,11,0.551939
2026-07-23T23:51:09.369024+00:00,2023-10-26,2024-01-23,11,0.547956
2026-07-23T23:51:09.408657+00:00,2023-10-27,2024-01-24,10,0.542067
2026-07-23T23:51:09.447262+00:00,2023-10-28,2024-01-25,10,0.53309
2026-07-23T23:51:09.486309+00:00,2023-10-29,2024-01-26,11,0.545062
2026-07-23T23:51:09.524937+00:00,2023-10-30,2024-01-27,11,0.550057
2026-07-23T23:51:09.563568+00:00,2023-10-31,2024-01-28,11,0.537433
2026-07-23T23:51:09.602502+00:00,2023-11-01,2024-01-29,10,0.536889
2026-07-23T23:51:09.641152+00:00,2023-11-02,2024-01-30,9,0.540241
2026-07-23T23:51:09.679596+00:00,2023-11-03,2024-01-31,9,0.536178
2026-07-23T23:51:09.719148+00:00,2023-11-04,2024-02-01,9,0.530213
2026-07-23T23:51:09.759329+00:00,2023-11-05,2024-02-02,9,0.517629
2026-07-23T23:51:09.798928+00:00,2023-11-06,2024-02-03,9,0.49695
2026-07-23T23:51:09.838604+00:00,2023-11-07,2024-02-04,9,0.460446
2026-07-23T23:51:09.878863+00:00,2023-11-08,2024-02-05,9,0.412352
2026-07-23T23:51:09.918496+00:00,2023-11-09,2024-02-06,7,0.367387
2026-07-23T23:51:09.958769+00:00,2023-11-10,2024-02-07,7,0.332206
2026-07-23T23:51:09.998227+00:00,2023-11-11,2024-02-08,27,-0.320751
2026-07-23T23:51:10.038662+00:00,2023-11-12,2024-02-09,27,-0.337958
2026-07-23T23:51:10.077179+00:00,2023-11-13,2024-02-10,12,0.356555
2026-07-23T23:51:10.116145+00:00,2023-11-14,2024-02-11,12,0.399587
2026-07-23T23:51:10.155119+00:00,2023-11-15,2024-02-12,12,0.434977
2026-07-23T23:51:10.194721+00:00,2023-11-16,2024-02-13,11,0.457733
2026-07-23T23:51:10.235256+00:00,2023-11-17,2024-02-14,11,0.477576
2026-07-23T23:51:10.275221+00:00,2023-11-18,2024-02-15,12,0.492193
2026-07-23T23:51:10.314776+00:00,2023-11-19,2024-02-16,12,0.502071
2026-07-23T23:51:10.354449+00:00,2023-11-20,2024-02-17,12,0.502795
2026-07-23T23:51:10.394396+00:00,2023-11-21,2024-02-18,12,0.507251
2026-07-23T23:51:10.434508+00:00,2023-11-22,2024-02-19,12,0.51956
2026-07-23T23:51:10.473957+00:00,2023-11-23,2024-02-20,12,0.533684
2026-07-23T23:51:10.513825+00:00,2023-11-24,2024-02-21,12,0.549133
2026-07-23T23:51:10.553731+00:00,2023-11-25,2024-02-22,11,0.56337
2026-07-23T23:51:10.593530+00:00,2023-11-26,2024-02-23,12,0.573501
2026-07-23T23:51:10.633311+00:00,2023-11-27,2024-02-24,12,0.597086
2026-07-23T23:51:10.672853+00:00,2023-11-28,2024-02-25,12,0.607633
2026-07-23T23:51:10.712490+00:00,2023-11-29,2024-02-26,12,0.612459
2026-07-23T23:51:10.752600+00:00,2023-11-30,2024-02-27,12,0.61623
2026-07-23T23:51:10.792301+00:00,2023-12-01,2024-02-28,12,0.61221
2026-07-23T23:51:10.832385+00:00,2023-12-02,2024-02-29,11,0.615987
2026-07-23T23:51:10.872256+00:00,2023-12-03,2024-03-01,11,0.617212
2026-07-23T23:51:10.913068+00:00,2023-12-04,2024-03-02,11,0.61487
2026-07-23T23:51:10.953446+00:00,2023-12-05,2024-03-03,11,0.613525
2026-07-23T23:51:10.993380+00:00,2023-12-06,2024-03-04,11,0.613453
2026-07-23T23:51:11.033214+00:00,2023-12-07,2024-03-05,12,0.613209
2026-07-23T23:51:11.073307+00:00,2023-12-08,2024-03-06,12,0.610253
2026-07-23T23:51:11.112908+00:00,2023-12-09,2024-03-07,12,0.609061
2026-07-23T23:51:11.152919+00:00,2023-12-10,2024-03-08,12,0.598813
2026-07-23T23:51:11.193321+00:00,2023-12-11,2024-03-09,12,0.594057
2026-07-23T23:51:11.233418+00:00,2023-12-12,2024-03-10,12,0.601354
2026-07-23T23:51:11.273359+00:00,2023-12-13,2024-03-11,12,0.613118
2026-07-23T23:51:11.313072+00:00,2023-12-14,2024-03-12,12,0.621011
2026-07-23T23:51:11.352959+00:00,2023-12-15,2024-03-13,12,0.627349
2026-07-23T23:51:11.393126+00:00,2023-12-16,2024-03-14,12,0.634663
2026-07-23T23:51:11.432878+00:00,2023-12-17,2024-03-15,12,0.645867
2026-07-23T23:51:11.472998+00:00,2023-12-18,2024-03-16,12,0.647414
2026-07-23T23:51:11.512557+00:00,2023-12-19,2024-03-17,12,0.649578
2026-07-23T23:51:11.552216+00:00,2023-12-20,2024-03-18,12,0.648939
2026-07-23T23:51:11.591822+00:00,2023-12-21,2024-03-19,12,0.647413
2026-07-23T23:51:11.631794+00:00,2023-12-22,2024-03-20,12,0.649279
2026-07-23T23:51:11.672429+00:00,2023-12-23,2024-03-21,12,0.661287
2026-07-23T23:51:11.712428+00:00,2023-12-24,2024-03-22,12,0.666936
2026-07-23T23:51:11.752484+00:00,2023-12-25,2024-03-23,13,0.651169
2026-07-23T23:51:11.792315+00:00,2023-12-26,2024-03-24,13,0.634082
2026-07-23T23:51:11.832094+00:00,2023-12-27,2024-03-25,12,0.616485
2026-07-23T23:51:11.872097+00:00,2023-12-28,2024-03-26,12,0.609119
2026-07-23T23:51:11.911993+00:00,2023-12-29,2024-03-27,12,0.601744
2026-07-23T23:51:11.952355+00:00,2023-12-30,2024-03-28,12,0.580232
2026-07-23T23:51:11.992425+00:00,2023-12-31,2024-03-29,9,0.55733
2026-07-23T23:51:12.033054+00:00,2024-01-01,2024-03-30,9,0.553379
2026-07-23T23:51:12.072896+00:00,2024-01-02,2024-03-31,8,0.549101
2026-07-23T23:51:12.112835+00:00,2024-01-03,2024-04-01,8,0.548944
2026-07-23T23:51:12.152602+00:00,2024-01-04,2024-04-02,6,0.555583
2026-07-23T23:51:12.192732+00:00,2024-01-05,2024-04-03,6,0.561136
2026-07-23T23:51:12.232852+00:00,2024-01-06,2024-04-04,6,0.558379
2026-07-23T23:51:12.272481+00:00,2024-01-07,2024-04-05,6,0.541397
2026-07-23T23:51:12.312946+00:00,2024-01-08,2024-04-06,9,0.533402
2026-07-23T23:51:12.353383+00:00,2024-01-09,2024-04-07,8,0.530624
2026-07-23T23:51:12.393088+00:00,2024-01-10,2024-04-08,8,0.530345
2026-07-23T23:51:12.433043+00:00,2024-01-11,2024-04-09,8,0.543571
2026-07-23T23:51:12.472233+00:00,2024-01-12,2024-04-10,8,0.554955
2026-07-23T23:51:12.510951+00:00,2024-01-13,2024-04-11,8,0.546573
2026-07-23T23:51:12.550510+00:00,2024-01-14,2024-04-12,-30,0.559616
2026-07-23T23:51:12.590287+00:00,2024-01-15,2024-04-13,-30,0.575439
2026-07-23T23:51:12.630365+00:00,2024-01-16,2024-04-14,-30,0.590873
2026-07-23T23:51:12.670397+00:00,2024-01-17,2024-04-15,-30,0.593803
2026-07-23T23:51:12.709968+00:00,2024-01-18,2024-04-16,-30,0.596617
2026-07-23T23:51:12.749638+00:00,2024-01-19,2024-04-17,22,-0.588959
2026-07-23T23:51:12.789407+00:00,2024-01-20,2024-04-18,22,-0.632659
2026-07-23T23:51:12.829144+00:00,2024-01-21,2024-04-19,22,-0.677042
2026-07-23T23:51:12.869118+00:00,2024-01-22,2024-04-20,22,-0.713317
2026-07-23T23:51:12.908316+00:00,2024-01-23,2024-04-21,22,-0.739926
2026-07-23T23:51:12.948175+00:00,2024-01-24,2024-04-22,22,-0.764504
2026-07-23T23:51:12.988123+00:00,2024-01-25,2024-04-23,22,-0.787505
2026-07-23T23:51:13.028104+00:00,2024-01-26,2024-04-24,22,-0.805289
2026-07-23T23:51:13.068216+00:00,2024-01-27,2024-04-25,22,-0.81415
2026-07-23T23:51:13.108104+00:00,2024-01-28,2024-04-26,22,-0.803739
2026-07-23T23:51:13.147666+00:00,2024-01-29,2024-04-27,22,-0.793194
2026-07-23T23:51:13.188058+00:00,2024-01-30,2024-04-28,23,-0.759859
2026-07-23T23:51:13.228068+00:00,2024-01-31,2024-04-29,22,-0.710299
2026-07-23T23:51:13.267671+00:00,2024-02-01,2024-04-30,23,-0.669074
2026-07-23T23:51:13.307508+00:00,2024-02-02,2024-05-01,23,-0.653869
2026-07-23T23:51:13.347347+00:00,2024-02-03,2024-05-02,24,-0.656844
2026-07-23T23:51:13.387431+00:00,2024-02-04,2024-05-03,23,-0.6731
2026-07-23T23:51:13.426798+00:00,2024-02-05,2024-05-04,23,-0.693611
2026-07-23T23:51:13.467080+00:00,2024-02-06,2024-05-05,23,-0.70277
2026-07-23T23:51:13.506928+00:00,2024-02-07,2024-05-06,23,-0.714506
2026-07-23T23:51:13.547188+00:00,2024-02-08,2024-05-07,23,-0.721751
2026-07-23T23:51:13.586905+00:00,2024-02-09,2024-05-08,23,-0.723143
2026-07-23T23:51:13.626705+00:00,2024-02-10,2024-05-09,23,-0.725134
2026-07-23T23:51:13.667289+00:00,2024-02-11,2024-05-10,23,-0.726933
2026-07-23T23:51:13.707089+00:00,2024-02-12,2024-05-11,23,-0.728473
2026-07-23T23:51:13.747069+00:00,2024-02-13,2024-05-12,24,-0.723806
2026-07-23T23:51:13.787163+00:00,2024-02-14,2024-05-13,24,-0.692357
2026-07-23T23:51:13.827057+00:00,2024-02-15,2024-05-14,24,-0.675034
2026-07-23T23:51:13.866662+00:00,2024-02-16,2024-05-15,24,-0.65566
2026-07-23T23:51:13.906699+00:00,2024-02-17,2024-05-16,23,-0.63707
2026-07-23T23:51:13.945785+00:00,2024-02-18,2024-05-17,23,-0.628247
2026-07-23T23:51:13.985119+00:00,2024-02-19,2024-05-18,23,-0.62473
2026-07-23T23:51:14.023528+00:00,2024-02-20,2024-05-19,23,-0.616354
2026-07-23T23:51:14.062843+00:00,2024-02-21,2024-05-20,23,-0.605526
2026-07-23T23:51:14.101401+00:00,2024-02-22,2024-05-21,23,-0.588095
2026-07-23T23:51:14.141115+00:00,2024-02-23,2024-05-22,23,-0.571823
2026-07-23T23:51:14.180467+00:00,2024-02-24,2024-05-23,23,-0.569199
2026-07-23T23:51:14.218949+00:00,2024-02-25,2024-05-24,24,-0.567946
2026-07-23T23:51:14.257799+00:00,2024-02-26,2024-05-25,24,-0.571495
2026-07-23T23:51:14.297155+00:00,2024-02-27,2024-05-26,23,-0.57297
2026-07-23T23:51:14.336097+00:00,2024-02-28,2024-05-27,23,-0.571344
2026-07-23T23:51:14.375718+00:00,2024-02-29,2024-05-28,24,-0.565493
2026-07-23T23:51:14.414500+00:00,2024-03-01,2024-05-29,24,-0.558038
2026-07-23T23:51:14.453517+00:00,2024-03-02,2024-05-30,24,-0.552389
2026-07-23T23:51:14.498296+00:00,2024-03-03,2024-05-31,24,-0.547435
2026-07-23T23:51:14.537976+00:00,2024-03-04,2024-06-01,23,-0.540378
2026-07-23T23:51:14.578478+00:00,2024-03-05,2024-06-02,22,-0.527193
2026-07-23T23:51:14.618041+00:00,2024-03-06,2024-06-03,22,-0.510376
2026-07-23T23:51:14.658638+00:00,2024-03-07,2024-06-04,22,-0.491736
2026-07-23T23:51:14.698823+00:00,2024-03-08,2024-06-05,22,-0.478431
2026-07-23T23:51:14.738772+00:00,2024-03-09,2024-06-06,23,-0.449256
2026-07-23T23:51:14.778725+00:00,2024-03-10,2024-06-07,20,-0.418991
2026-07-23T23:51:14.818616+00:00,2024-03-11,2024-06-08,1,0.39673
2026-07-23T23:51:14.858687+00:00,2024-03-12,2024-06-09,1,0.410186
2026-07-23T23:51:14.898897+00:00,2024-03-13,2024-06-10,1,0.427992
2026-07-23T23:51:14.939121+00:00,2024-03-14,2024-06-11,2,0.455685
2026-07-23T23:51:14.978697+00:00,2024-03-15,2024-06-12,-3,0.498546
2026-07-23T23:51:15.017197+00:00,2024-03-16,2024-06-13,-3,0.55038
2026-07-23T23:51:15.056168+00:00,2024-03-17,2024-06-14,-3,0.589568
2026-07-23T23:51:15.095081+00:00,2024-03-18,2024-06-15,-2,0.603922
2026-07-23T23:51:15.134589+00:00,2024-03-19,2024-06-16,-2,0.613647
2026-07-23T23:51:15.174844+00:00,2024-03-20,2024-06-17,-1,0.612824
2026-07-23T23:51:15.214951+00:00,2024-03-21,2024-06-18,-1,0.609586
2026-07-23T23:51:15.254915+00:00,2024-03-22,2024-06-19,-2,0.596292
2026-07-23T23:51:15.295233+00:00,2024-03-23,2024-06-20,-1,0.584827
2026-07-23T23:51:15.334883+00:00,2024-03-24,2024-06-21,1,0.568887
2026-07-23T23:51:15.375199+00:00,2024-03-25,2024-06-22,1,0.546253
2026-07-23T23:51:15.415413+00:00,2024-03-26,2024-06-23,1,0.527934
2026-07-23T23:51:15.455470+00:00,2024-03-27,2024-06-24,-1,0.509056
2026-07-23T23:51:15.495762+00:00,2024-03-28,2024-06-25,-1,0.488788
2026-07-23T23:51:15.535301+00:00,2024-03-29,2024-06-26,1,0.469665
2026-07-23T23:51:15.575415+00:00,2024-03-30,2024-06-27,0,0.457866
2026-07-23T23:51:15.615775+00:00,2024-03-31,2024-06-28,0,0.447228
2026-07-23T23:51:15.655754+00:00,2024-04-01,2024-06-29,0,0.450936
2026-07-23T23:51:15.695255+00:00,2024-04-02,2024-06-30,0,0.450162
2026-07-23T23:51:15.734988+00:00,2024-04-03,2024-07-01,0,0.443243
2026-07-23T23:51:15.775083+00:00,2024-04-04,2024-07-02,0,0.434907
2026-07-23T23:51:15.814823+00:00,2024-04-05,2024-07-03,0,0.418282
2026-07-23T23:51:15.854926+00:00,2024-04-06,2024-07-04,-1,0.384605
2026-07-23T23:51:15.894652+00:00,2024-04-07,2024-07-05,10,-0.355621
2026-07-23T23:51:15.934828+00:00,2024-04-08,2024-07-06,10,-0.360854
2026-07-23T23:51:15.974462+00:00,2024-04-09,2024-07-07,10,-0.362349
2026-07-23T23:51:16.014562+00:00,2024-04-10,2024-07-08,9,-0.363372
2026-07-23T23:51:16.054338+00:00,2024-04-11,2024-07-09,9,-0.341512
2026-07-23T23:51:16.093783+00:00,2024-04-12,2024-07-10,9,-0.296336
2026-07-23T23:51:16.133630+00:00,2024-04-13,2024-07-11,-11,-0.275448
2026-07-23T23:51:16.173400+00:00,2024-04-14,2024-07-12,-11,-0.279725
2026-07-23T23:51:16.213166+00:00,2024-04-15,2024-07-13,-6,-0.286261
2026-07-23T23:51:16.253121+00:00,2024-04-16,2024-07-14,-6,-0.305876
2026-07-23T23:51:16.293162+00:00,2024-04-17,2024-07-15,-7,-0.31639
2026-07-23T23:51:16.332677+00:00,2024-04-18,2024-07-16,25,0.387276
2026-07-23T23:51:16.372452+00:00,2024-04-19,2024-07-17,25,0.538396
2026-07-23T23:51:16.411772+00:00,2024-04-20,2024-07-18,25,0.600476
2026-07-23T23:51:16.451570+00:00,2024-04-21,2024-07-19,25,0.642364
2026-07-23T23:51:16.491320+00:00,2024-04-22,2024-07-20,25,0.655446
2026-07-23T23:51:16.531125+00:00,2024-04-23,2024-07-21,25,0.6615
2026-07-23T23:51:16.570939+00:00,2024-04-24,2024-07-22,25,0.641523
2026-07-23T23:51:16.610797+00:00,2024-04-25,2024-07-23,25,0.625566
2026-07-23T23:51:16.650955+00:00,2024-04-26,2024-07-24,25,0.607542
2026-07-23T23:51:16.690252+00:00,2024-04-27,2024-07-25,25,0.598988
2026-07-23T23:51:16.730311+00:00,2024-04-28,2024-07-26,25,0.599478
2026-07-23T23:51:16.770338+00:00,2024-04-29,2024-07-27,25,0.603578
2026-07-23T23:51:16.810255+00:00,2024-04-30,2024-07-28,25,0.604088
2026-07-23T23:51:16.849886+00:00,2024-05-01,2024-07-29,25,0.613064
2026-07-23T23:51:16.889979+00:00,2024-05-02,2024-07-30,25,0.625625
2026-07-23T23:51:16.929675+00:00,2024-05-03,2024-07-31,25,0.641779
2026-07-23T23:51:16.969892+00:00,2024-05-04,2024-08-01,25,0.655061
2026-07-23T23:51:17.010073+00:00,2024-05-05,2024-08-02,25,0.664914
2026-07-23T23:51:17.050101+00:00,2024-05-06,2024-08-03,25,0.672752
2026-07-23T23:51:17.090142+00:00,2024-05-07,2024-08-04,25,0.680826
2026-07-23T23:51:17.129864+00:00,2024-05-08,2024-08-05,25,0.682973
2026-07-23T23:51:17.170218+00:00,2024-05-09,2024-08-06,25,0.691523
2026-07-23T23:51:17.210133+00:00,2024-05-10,2024-08-07,25,0.707622
2026-07-23T23:51:17.250273+00:00,2024-05-11,2024-08-08,25,0.721366
2026-07-23T23:51:17.290536+00:00,2024-05-12,2024-08-09,25,0.728797
2026-07-23T23:51:17.329856+00:00,2024-05-13,2024-08-10,25,0.734113
2026-07-23T23:51:17.369802+00:00,2024-05-14,2024-08-11,25,0.738565
2026-07-23T23:51:17.410163+00:00,2024-05-15,2024-08-12,25,0.740692
2026-07-23T23:51:17.450009+00:00,2024-05-16,2024-08-13,25,0.737846
2026-07-23T23:51:17.489799+00:00,2024-05-17,2024-08-14,25,0.727246
2026-07-23T23:51:17.529712+00:00,2024-05-18,2024-08-15,25,0.70992
2026-07-23T23:51:17.569337+00:00,2024-05-19,2024-08-16,25,0.706409
2026-07-23T23:51:17.609186+00:00,2024-05-20,2024-08-17,25,0.698847
2026-07-23T23:51:17.648887+00:00,2024-05-21,2024-08-18,25,0.692071
2026-07-23T23:51:17.688928+00:00,2024-05-22,2024-08-19,25,0.691219
2026-07-23T23:51:17.729352+00:00,2024-05-23,2024-08-20,25,0.687652
2026-07-23T23:51:17.769249+00:00,2024-05-24,2024-08-21,25,0.674725
2026-07-23T23:51:17.808459+00:00,2024-05-25,2024-08-22,25,0.659086
2026-07-23T23:51:17.847973+00:00,2024-05-26,2024-08-23,25,0.64863
2026-07-23T23:51:17.888596+00:00,2024-05-27,2024-08-24,25,0.647107
2026-07-23T23:51:17.928632+00:00,2024-05-28,2024-08-25,25,0.63197
2026-07-23T23:51:17.968662+00:00,2024-05-29,2024-08-26,25,0.626351
2026-07-23T23:51:18.009146+00:00,2024-05-30,2024-08-27,25,0.607612
2026-07-23T23:51:18.048694+00:00,2024-05-31,2024-08-28,25,0.586168
2026-07-23T23:51:18.088771+00:00,2024-06-01,2024-08-29,-26,-0.577989
2026-07-23T23:51:18.128636+00:00,2024-06-02,2024-08-30,-26,-0.588169
2026-07-23T23:51:18.168915+00:00,2024-06-03,2024-08-31,-26,-0.597675
2026-07-23T23:51:18.209018+00:00,2024-06-04,2024-09-01,-25,-0.620435
2026-07-23T23:51:18.248778+00:00,2024-06-05,2024-09-02,-25,-0.645341
2026-07-23T23:51:18.288457+00:00,2024-06-06,2024-09-03,-26,-0.664877
2026-07-23T23:51:18.328376+00:00,2024-06-07,2024-09-04,-26,-0.676402
2026-07-23T23:51:18.367814+00:00,2024-06-08,2024-09-05,-26,-0.683722
2026-07-23T23:51:18.407573+00:00,2024-06-09,2024-09-06,-26,-0.690156
2026-07-23T23:51:18.447960+00:00,2024-06-10,2024-09-07,-26,-0.690531
2026-07-23T23:51:18.487885+00:00,2024-06-11,2024-09-08,-27,-0.685969
2026-07-23T23:51:18.527180+00:00,2024-06-12,2024-09-09,-27,-0.683024
2026-07-23T23:51:18.567810+00:00,2024-06-13,2024-09-10,-28,-0.672774
2026-07-23T23:51:18.607069+00:00,2024-06-14,2024-09-11,-28,-0.659596
2026-07-23T23:51:18.646787+00:00,2024-06-15,2024-09-12,-28,-0.648329
2026-07-23T23:51:18.686522+00:00,2024-06-16,2024-09-13,22,0.649012
2026-07-23T23:51:18.726447+00:00,2024-06-17,2024-09-14,22,0.673581
2026-07-23T23:51:18.766343+00:00,2024-06-18,2024-09-15,22,0.702106
2026-07-23T23:51:18.806083+00:00,2024-06-19,2024-09-16,22,0.710736
2026-07-23T23:51:18.844987+00:00,2024-06-20,2024-09-17,20,0.720589
2026-07-23T23:51:18.884173+00:00,2024-06-21,2024-09-18,20,0.734334
2026-07-23T23:51:18.922895+00:00,2024-06-22,2024-09-19,21,0.75553
2026-07-23T23:51:18.962092+00:00,2024-06-23,2024-09-20,20,0.772354
2026-07-23T23:51:19.000903+00:00,2024-06-24,2024-09-21,20,0.786237
2026-07-23T23:51:19.040036+00:00,2024-06-25,2024-09-22,20,0.792172
2026-07-23T23:51:19.078806+00:00,2024-06-26,2024-09-23,23,0.803062
2026-07-23T23:51:19.117447+00:00,2024-06-27,2024-09-24,23,0.813255
2026-07-23T23:51:19.156138+00:00,2024-06-28,2024-09-25,21,0.818983
2026-07-23T23:51:19.194878+00:00,2024-06-29,2024-09-26,20,0.827954
2026-07-23T23:51:19.235173+00:00,2024-06-30,2024-09-27,20,0.831762
2026-07-23T23:51:19.274318+00:00,2024-07-01,2024-09-28,19,0.83183
2026-07-23T23:51:19.314017+00:00,2024-07-02,2024-09-29,18,0.836316
2026-07-23T23:51:19.354177+00:00,2024-07-03,2024-09-30,18,0.835031
2026-07-23T23:51:19.393993+00:00,2024-07-04,2024-10-01,19,0.829277
2026-07-23T23:51:19.432350+00:00,2024-07-05,2024-10-02,18,0.833451
2026-07-23T23:51:19.470657+00:00,2024-07-06,2024-10-03,18,0.839345
2026-07-23T23:51:19.509702+00:00,2024-07-07,2024-10-04,18,0.845901
2026-07-23T23:51:19.548631+00:00,2024-07-08,2024-10-05,18,0.850758
2026-07-23T23:51:19.587520+00:00,2024-07-09,2024-10-06,18,0.849979
2026-07-23T23:51:19.626682+00:00,2024-07-10,2024-10-07,18,0.846338
2026-07-23T23:51:19.665595+00:00,2024-07-11,2024-10-08,18,0.838745
2026-07-23T23:51:19.704720+00:00,2024-07-12,2024-10-09,18,0.831186
2026-07-23T23:51:19.744136+00:00,2024-07-13,2024-10-10,18,0.823162
2026-07-23T23:51:19.783146+00:00,2024-07-14,2024-10-11,18,0.806054
2026-07-23T23:51:19.822863+00:00,2024-07-15,2024-10-12,18,0.783493
2026-07-23T23:51:19.863223+00:00,2024-07-16,2024-10-13,18,0.766074
2026-07-23T23:51:19.903138+00:00,2024-07-17,2024-10-14,18,0.749059
2026-07-23T23:51:19.942888+00:00,2024-07-18,2024-10-15,18,0.720971
2026-07-23T23:51:19.983071+00:00,2024-07-19,2024-10-16,15,0.70541
2026-07-23T23:51:20.022943+00:00,2024-07-20,2024-10-17,15,0.699925
2026-07-23T23:51:20.063221+00:00,2024-07-21,2024-10-18,15,0.693727
2026-07-23T23:51:20.102724+00:00,2024-07-22,2024-10-19,15,0.688794
2026-07-23T23:51:20.142601+00:00,2024-07-23,2024-10-20,15,0.680529
2026-07-23T23:51:20.182756+00:00,2024-07-24,2024-10-21,16,0.671996
2026-07-23T23:51:20.222928+00:00,2024-07-25,2024-10-22,15,0.662364
2026-07-23T23:51:20.262927+00:00,2024-07-26,2024-10-23,15,0.649049
2026-07-23T23:51:20.302839+00:00,2024-07-27,2024-10-24,15,0.634885
2026-07-23T23:51:20.343236+00:00,2024-07-28,2024-10-25,19,0.620933
2026-07-23T23:51:20.382981+00:00,2024-07-29,2024-10-26,18,0.613243
2026-07-23T23:51:20.422905+00:00,2024-07-30,2024-10-27,-14,-0.611094
2026-07-23T23:51:20.462224+00:00,2024-07-31,2024-10-28,-14,-0.626906
2026-07-23T23:51:20.502439+00:00,2024-08-01,2024-10-29,-14,-0.656703
2026-07-23T23:51:20.542054+00:00,2024-08-02,2024-10-30,-14,-0.681084
2026-07-23T23:51:20.581856+00:00,2024-08-03,2024-10-31,-14,-0.696085
2026-07-23T23:51:20.621892+00:00,2024-08-04,2024-11-01,-14,-0.706847
2026-07-23T23:51:20.662260+00:00,2024-08-05,2024-11-02,-14,-0.716667
2026-07-23T23:51:20.701766+00:00,2024-08-06,2024-11-03,-14,-0.721463
2026-07-23T23:51:20.741941+00:00,2024-08-07,2024-11-04,-14,-0.724053
2026-07-23T23:51:20.781815+00:00,2024-08-08,2024-11-05,-13,-0.727795
2026-07-23T23:51:20.821801+00:00,2024-08-09,2024-11-06,-13,-0.719597
2026-07-23T23:51:20.861193+00:00,2024-08-10,2024-11-07,-13,-0.697896
2026-07-23T23:51:20.900974+00:00,2024-08-11,2024-11-08,-14,-0.660175
2026-07-23T23:51:20.939878+00:00,2024-08-12,2024-11-09,-14,-0.606551
2026-07-23T23:51:20.978470+00:00,2024-08-13,2024-11-10,-30,0.620724
2026-07-23T23:51:21.017198+00:00,2024-08-14,2024-11-11,-30,0.621731
2026-07-23T23:51:21.055884+00:00,2024-08-15,2024-11-12,-30,0.608047
2026-07-23T23:51:21.094702+00:00,2024-08-16,2024-11-13,-30,0.591232
2026-07-23T23:51:21.133512+00:00,2024-08-17,2024-11-14,-30,0.551105
2026-07-23T23:51:21.172468+00:00,2024-08-18,2024-11-15,-30,0.555818
2026-07-23T23:51:21.211498+00:00,2024-08-19,2024-11-16,-30,0.547994
2026-07-23T23:51:21.250932+00:00,2024-08-20,2024-11-17,-30,0.538728
2026-07-23T23:51:21.290676+00:00,2024-08-21,2024-11-18,-30,0.532556
2026-07-23T23:51:21.329937+00:00,2024-08-22,2024-11-19,-30,0.526656
2026-07-23T23:51:21.369390+00:00,2024-08-23,2024-11-20,-30,0.500846
2026-07-23T23:51:21.408099+00:00,2024-08-24,2024-11-21,-30,0.512187
2026-07-23T23:51:21.447268+00:00,2024-08-25,2024-11-22,-30,0.477909
2026-07-23T23:51:21.486190+00:00,2024-08-26,2024-11-23,-29,0.444641
2026-07-23T23:51:21.524546+00:00,2024-08-27,2024-11-24,-29,0.407924
2026-07-23T23:51:21.563776+00:00,2024-08-28,2024-11-25,-29,0.345541
2026-07-23T23:51:21.603330+00:00,2024-08-29,2024-11-26,26,-0.343433
2026-07-23T23:51:21.642077+00:00,2024-08-30,2024-11-27,26,-0.344134
2026-07-23T23:51:21.681225+00:00,2024-08-31,2024-11-28,26,-0.362552
2026-07-23T23:51:21.719558+00:00,2024-09-01,2024-11-29,26,-0.381327
2026-07-23T23:51:21.758292+00:00,2024-09-02,2024-11-30,25,-0.409626
2026-07-23T23:51:21.797130+00:00,2024-09-03,2024-12-01,25,-0.430441
2026-07-23T23:51:21.836196+00:00,2024-09-04,2024-12-02,25,-0.458763
2026-07-23T23:51:21.875517+00:00,2024-09-05,2024-12-03,25,-0.496471
2026-07-23T23:51:21.914834+00:00,2024-09-06,2024-12-04,25,-0.517874
2026-07-23T23:51:21.955952+00:00,2024-09-07,2024-12-05,24,-0.523395
2026-07-23T23:51:21.996383+00:00,2024-09-08,2024-12-06,23,-0.524282
2026-07-23T23:51:22.036229+00:00,2024-09-09,2024-12-07,23,-0.507372
2026-07-23T23:51:22.076465+00:00,2024-09-10,2024-12-08,23,-0.474495
2026-07-23T23:51:22.115815+00:00,2024-09-11,2024-12-09,25,-0.4469
2026-07-23T23:51:22.156167+00:00,2024-09-12,2024-12-10,25,-0.434033
2026-07-23T23:51:22.196239+00:00,2024-09-13,2024-12-11,25,-0.400849
2026-07-23T23:51:22.236025+00:00,2024-09-14,2024-12-12,25,-0.368082
2026-07-23T23:51:22.276384+00:00,2024-09-15,2024-12-13,25,-0.337485
2026-07-23T23:51:22.315701+00:00,2024-09-16,2024-12-14,25,-0.296603
2026-07-23T23:51:22.354693+00:00,2024-09-17,2024-12-15,21,-0.269804
2026-07-23T23:51:22.393242+00:00,2024-09-18,2024-12-16,4,0.275448
2026-07-23T23:51:22.432051+00:00,2024-09-19,2024-12-17,5,0.276224
2026-07-23T23:51:22.470617+00:00,2024-09-20,2024-12-18,-30,-0.287796
2026-07-23T23:51:22.510233+00:00,2024-09-21,2024-12-19,-30,-0.308126
2026-07-23T23:51:22.548980+00:00,2024-09-22,2024-12-20,-30,-0.327362
2026-07-23T23:51:22.587649+00:00,2024-09-23,2024-12-21,-30,-0.347003
2026-07-23T23:51:22.626500+00:00,2024-09-24,2024-12-22,-30,-0.350867
2026-07-23T23:51:22.665173+00:00,2024-09-25,2024-12-23,-30,-0.349669
2026-07-23T23:51:22.703707+00:00,2024-09-26,2024-12-24,4,0.370003
2026-07-23T23:51:22.742452+00:00,2024-09-27,2024-12-25,4,0.398169
2026-07-23T23:51:22.781256+00:00,2024-09-28,2024-12-26,4,0.41216
2026-07-23T23:51:22.819895+00:00,2024-09-29,2024-12-27,4,0.427013
2026-07-23T23:51:22.860150+00:00,2024-09-30,2024-12-28,4,0.441169
2026-07-23T23:51:22.900194+00:00,2024-10-01,2024-12-29,4,0.466533
2026-07-23T23:51:22.940090+00:00,2024-10-02,2024-12-30,4,0.482523
2026-07-23T23:51:22.980492+00:00,2024-10-03,2024-12-31,4,0.487921
2026-07-23T23:51:23.019708+00:00,2024-10-04,2025-01-01,4,0.495741
2026-07-23T23:51:23.060042+00:00,2024-10-05,2025-01-02,4,0.498417
2026-07-23T23:51:23.100146+00:00,2024-10-06,2025-01-03,4,0.502328
2026-07-23T23:51:23.139766+00:00,2024-10-07,2025-01-04,4,0.505849
2026-07-23T23:51:23.179670+00:00,2024-10-08,2025-01-05,4,0.50678
2026-07-23T23:51:23.219567+00:00,2024-10-09,2025-01-06,4,0.504369
2026-07-23T23:51:23.259883+00:00,2024-10-10,2025-01-07,4,0.499437
2026-07-23T23:51:23.299744+00:00,2024-10-11,2025-01-08,4,0.493879
2026-07-23T23:51:23.339344+00:00,2024-10-12,2025-01-09,4,0.489596
2026-07-23T23:51:23.378781+00:00,2024-10-13,2025-01-10,4,0.485519
2026-07-23T23:51:23.418588+00:00,2024-10-14,2025-01-11,1,0.487676
2026-07-23T23:51:23.458571+00:00,2024-10-15,2025-01-12,1,0.492208
2026-07-23T23:51:23.498352+00:00,2024-10-16,2025-01-13,1,0.503272
2026-07-23T23:51:23.538026+00:00,2024-10-17,2025-01-14,1,0.518918
2026-07-23T23:51:23.578295+00:00,2024-10-18,2025-01-15,1,0.532521
2026-07-23T23:51:23.617662+00:00,2024-10-19,2025-01-16,1,0.532126
2026-07-23T23:51:23.657329+00:00,2024-10-20,2025-01-17,1,0.522254
2026-07-23T23:51:23.697111+00:00,2024-10-21,2025-01-18,1,0.517554
2026-07-23T23:51:23.736667+00:00,2024-10-22,2025-01-19,4,0.509027
2026-07-23T23:51:23.776381+00:00,2024-10-23,2025-01-20,-1,0.498485
2026-07-23T23:51:23.816174+00:00,2024-10-24,2025-01-21,4,0.485808
2026-07-23T23:51:23.855750+00:00,2024-10-25,2025-01-22,4,0.488745
2026-07-23T23:51:23.895665+00:00,2024-10-26,2025-01-23,4,0.482541
2026-07-23T23:51:23.934779+00:00,2024-10-27,2025-01-24,4,0.479666
2026-07-23T23:51:23.974346+00:00,2024-10-28,2025-01-25,4,0.484301
2026-07-23T23:51:24.014083+00:00,2024-10-29,2025-01-26,4,0.494002
2026-07-23T23:51:24.053027+00:00,2024-10-30,2025-01-27,4,0.518742
2026-07-23T23:51:24.091475+00:00,2024-10-31,2025-01-28,4,0.533874
2026-07-23T23:51:24.129527+00:00,2024-11-01,2025-01-29,4,0.544852
2026-07-23T23:51:24.168103+00:00,2024-11-02,2025-01-30,4,0.546329
2026-07-23T23:51:24.207191+00:00,2024-11-03,2025-01-31,4,0.533812
2026-07-23T23:51:24.246053+00:00,2024-11-04,2025-02-01,4,0.514679
2026-07-23T23:51:24.284765+00:00,2024-11-05,2025-02-02,-30,-0.503606
2026-07-23T23:51:24.323555+00:00,2024-11-06,2025-02-03,-29,-0.51902
2026-07-23T23:51:24.362813+00:00,2024-11-07,2025-02-04,-29,-0.51143
2026-07-23T23:51:24.401676+00:00,2024-11-08,2025-02-05,-30,-0.500301
2026-07-23T23:51:24.440896+00:00,2024-11-09,2025-02-06,-30,-0.480104
2026-07-23T23:51:24.480478+00:00,2024-11-10,2025-02-07,23,-0.469413
2026-07-23T23:51:24.520762+00:00,2024-11-11,2025-02-08,-30,-0.456827
2026-07-23T23:51:24.560332+00:00,2024-11-12,2025-02-09,5,0.46174
2026-07-23T23:51:24.600354+00:00,2024-11-13,2025-02-10,5,0.49019
2026-07-23T23:51:24.640393+00:00,2024-11-14,2025-02-11,4,0.524304
2026-07-23T23:51:24.680461+00:00,2024-11-15,2025-02-12,4,0.549153
2026-07-23T23:51:24.720194+00:00,2024-11-16,2025-02-13,4,0.555111
2026-07-23T23:51:24.760276+00:00,2024-11-17,2025-02-14,4,0.547096
2026-07-23T23:51:24.800278+00:00,2024-11-18,2025-02-15,4,0.528387
2026-07-23T23:51:24.840730+00:00,2024-11-19,2025-02-16,5,0.483536
2026-07-23T23:51:24.880360+00:00,2024-11-20,2025-02-17,6,0.446173
2026-07-23T23:51:24.920215+00:00,2024-11-21,2025-02-18,7,0.414409
2026-07-23T23:51:24.959995+00:00,2024-11-22,2025-02-19,6,0.410116
2026-07-23T23:51:25.000315+00:00,2024-11-23,2025-02-20,6,0.401339
2026-07-23T23:51:25.039730+00:00,2024-11-24,2025-02-21,7,0.383124
2026-07-23T23:51:25.079609+00:00,2024-11-25,2025-02-22,7,0.362199
2026-07-23T23:51:25.119054+00:00,2024-11-26,2025-02-23,24,-0.350136
2026-07-23T23:51:25.158142+00:00,2024-11-27,2025-02-24,24,-0.349267
2026-07-23T23:51:25.197492+00:00,2024-11-28,2025-02-25,24,-0.349119
2026-07-23T23:51:25.238297+00:00,2024-11-29,2025-02-26,6,0.351592
2026-07-23T23:51:25.277509+00:00,2024-11-30,2025-02-27,6,0.3556
2026-07-23T23:51:25.317716+00:00,2024-12-01,2025-02-28,6,0.367148
2026-07-23T23:51:25.357292+00:00,2024-12-02,2025-03-01,6,0.369891
2026-07-23T23:51:25.396816+00:00,2024-12-03,2025-03-02,6,0.372195
2026-07-23T23:51:25.436531+00:00,2024-12-04,2025-03-03,6,0.376432
2026-07-23T23:51:25.476545+00:00,2024-12-05,2025-03-04,6,0.379256
2026-07-23T23:51:25.516190+00:00,2024-12-06,2025-03-05,6,0.374788
2026-07-23T23:51:25.556506+00:00,2024-12-07,2025-03-06,6,0.366946
2026-07-23T23:51:25.596716+00:00,2024-12-08,2025-03-07,6,0.353106
2026-07-23T23:51:25.637127+00:00,2024-12-09,2025-03-08,5,0.336477
2026-07-23T23:51:25.676903+00:00,2024-12-10,2025-03-09,5,0.335298
2026-07-23T23:51:25.716510+00:00,2024-12-11,2025-03-10,5,0.336497
2026-07-23T23:51:25.756398+00:00,2024-12-12,2025-03-11,5,0.34207
2026-07-23T23:51:25.796716+00:00,2024-12-13,2025-03-12,-3,0.361438
2026-07-23T23:51:25.836475+00:00,2024-12-14,2025-03-13,-3,0.387212
2026-07-23T23:51:25.876234+00:00,2024-12-15,2025-03-14,-3,0.414499
2026-07-23T23:51:25.916217+00:00,2024-12-16,2025-03-15,-3,0.438981
2026-07-23T23:51:25.956798+00:00,2024-12-17,2025-03-16,-4,0.469162
2026-07-23T23:51:25.996729+00:00,2024-12-18,2025-03-17,-5,0.505745
2026-07-23T23:51:26.036273+00:00,2024-12-19,2025-03-18,-5,0.52615
2026-07-23T23:51:26.076625+00:00,2024-12-20,2025-03-19,-5,0.533929
2026-07-23T23:51:26.116162+00:00,2024-12-21,2025-03-20,-5,0.52966
2026-07-23T23:51:26.155742+00:00,2024-12-22,2025-03-21,-5,0.52715
2026-07-23T23:51:26.195617+00:00,2024-12-23,2025-03-22,-5,0.516386
2026-07-23T23:51:26.235582+00:00,2024-12-24,2025-03-23,-5,0.490662
2026-07-23T23:51:26.275764+00:00,2024-12-25,2025-03-24,-5,0.460366
2026-07-23T23:51:26.315540+00:00,2024-12-26,2025-03-25,-5,0.422778
2026-07-23T23:51:26.355957+00:00,2024-12-27,2025-03-26,29,-0.402886
2026-07-23T23:51:26.395208+00:00,2024-12-28,2025-03-27,29,-0.409434
2026-07-23T23:51:26.435298+00:00,2024-12-29,2025-03-28,29,-0.411566
2026-07-23T23:51:26.475820+00:00,2024-12-30,2025-03-29,28,-0.414376
2026-07-23T23:51:26.515623+00:00,2024-12-31,2025-03-30,27,-0.390675
2026-07-23T23:51:26.556042+00:00,2025-01-01,2025-03-31,27,-0.34639
2026-07-23T23:51:26.595361+00:00,2025-01-02,2025-04-01,-17,0.324674
2026-07-23T23:51:26.635319+00:00,2025-01-03,2025-04-02,-17,0.325327
2026-07-23T23:51:26.675220+00:00,2025-01-04,2025-04-03,-17,0.34031
2026-07-23T23:51:26.714988+00:00,2025-01-05,2025-04-04,-18,0.360404
2026-07-23T23:51:26.754901+00:00,2025-01-06,2025-04-05,30,-0.381968
2026-07-23T23:51:26.794725+00:00,2025-01-07,2025-04-06,-18,0.391221
2026-07-23T23:51:26.834496+00:00,2025-01-08,2025-04-07,30,-0.422273
2026-07-23T23:51:26.874659+00:00,2025-01-09,2025-04-08,30,-0.432426
2026-07-23T23:51:26.914337+00:00,2025-01-10,2025-04-09,30,-0.431675
2026-07-23T23:51:26.954782+00:00,2025-01-11,2025-04-10,30,-0.427342
2026-07-23T23:51:26.994424+00:00,2025-01-12,2025-04-11,30,-0.41632
2026-07-23T23:51:27.033989+00:00,2025-01-13,2025-04-12,30,-0.398976
2026-07-23T23:51:27.073963+00:00,2025-01-14,2025-04-13,30,-0.372642
2026-07-23T23:51:27.113869+00:00,2025-01-15,2025-04-14,30,-0.335678
2026-07-23T23:51:27.152898+00:00,2025-01-16,2025-04-15,30,-0.298289
2026-07-23T23:51:27.192868+00:00,2025-01-17,2025-04-16,30,-0.256819
2026-07-23T23:51:27.232874+00:00,2025-01-18,2025-04-17,3,-0.270899
2026-07-23T23:51:27.272541+00:00,2025-01-19,2025-04-18,3,-0.278013
2026-07-23T23:51:27.312119+00:00,2025-01-20,2025-04-19,3,-0.285933
2026-07-23T23:51:27.351707+00:00,2025-01-21,2025-04-20,3,-0.278502
2026-07-23T23:51:27.390950+00:00,2025-01-22,2025-04-21,3,-0.265818
2026-07-23T23:51:27.431387+00:00,2025-01-23,2025-04-22,-24,-0.255108
2026-07-23T23:51:27.470585+00:00,2025-01-24,2025-04-23,29,-0.248828
2026-07-23T23:51:27.510233+00:00,2025-01-25,2025-04-24,29,-0.268652
2026-07-23T23:51:27.550010+00:00,2025-01-26,2025-04-25,29,-0.285227
2026-07-23T23:51:27.589804+00:00,2025-01-27,2025-04-26,29,-0.300147
2026-07-23T23:51:27.628982+00:00,2025-01-28,2025-04-27,29,-0.301625
2026-07-23T23:51:27.668603+00:00,2025-01-29,2025-04-28,29,-0.294025
2026-07-23T23:51:27.707889+00:00,2025-01-30,2025-04-29,29,-0.283681
2026-07-23T23:51:27.748392+00:00,2025-01-31,2025-04-30,28,-0.271583
2026-07-23T23:51:27.788350+00:00,2025-02-01,2025-05-01,28,-0.287011
2026-07-23T23:51:27.828243+00:00,2025-02-02,2025-05-02,28,-0.30558
2026-07-23T23:51:27.868285+00:00,2025-02-03,2025-05-03,28,-0.322744
2026-07-23T23:51:27.908615+00:00,2025-02-04,2025-05-04,28,-0.33773
2026-07-23T23:51:27.948953+00:00,2025-02-05,2025-05-05,28,-0.347843
2026-07-23T23:51:27.988976+00:00,2025-02-06,2025-05-06,28,-0.359251
2026-07-23T23:51:28.028833+00:00,2025-02-07,2025-05-07,28,-0.374744
2026-07-23T23:51:28.068861+00:00,2025-02-08,2025-05-08,28,-0.391091
2026-07-23T23:51:28.109030+00:00,2025-02-09,2025-05-09,28,-0.41289
2026-07-23T23:51:28.148750+00:00,2025-02-10,2025-05-10,2,-0.43711
2026-07-23T23:51:28.188946+00:00,2025-02-11,2025-05-11,2,-0.462764
2026-07-23T23:51:28.229170+00:00,2025-02-12,2025-05-12,27,-0.493763
2026-07-23T23:51:28.269260+00:00,2025-02-13,2025-05-13,26,-0.528052
2026-07-23T23:51:28.309358+00:00,2025-02-14,2025-05-14,25,-0.558028
2026-07-23T23:51:28.348868+00:00,2025-02-15,2025-05-15,25,-0.586771
2026-07-23T23:51:28.388609+00:00,2025-02-16,2025-05-16,25,-0.598622
2026-07-23T23:51:28.428970+00:00,2025-02-17,2025-05-17,25,-0.605556
2026-07-23T23:51:28.468638+00:00,2025-02-18,2025-05-18,25,-0.610575
2026-07-23T23:51:28.508750+00:00,2025-02-19,2025-05-19,25,-0.614087
2026-07-23T23:51:28.548354+00:00,2025-02-20,2025-05-20,25,-0.628648
2026-07-23T23:51:28.588295+00:00,2025-02-21,2025-05-21,25,-0.640727
2026-07-23T23:51:28.628458+00:00,2025-02-22,2025-05-22,25,-0.649706
2026-07-23T23:51:28.668043+00:00,2025-02-23,2025-05-23,24,-0.644318
2026-07-23T23:51:28.707798+00:00,2025-02-24,2025-05-24,25,-0.6441
2026-07-23T23:51:28.748109+00:00,2025-02-25,2025-05-25,25,-0.636647
2026-07-23T23:51:28.787743+00:00,2025-02-26,2025-05-26,25,-0.628951
2026-07-23T23:51:28.828006+00:00,2025-02-27,2025-05-27,24,-0.619079
2026-07-23T23:51:28.867362+00:00,2025-02-28,2025-05-28,24,-0.604813
2026-07-23T23:51:28.906680+00:00,2025-03-01,2025-05-29,24,-0.595642
2026-07-23T23:51:28.945026+00:00,2025-03-02,2025-05-30,24,-0.577489
2026-07-23T23:51:28.985118+00:00,2025-03-03,2025-05-31,24,-0.566496
2026-07-23T23:51:29.024777+00:00,2025-03-04,2025-06-01,17,-0.553259
2026-07-23T23:51:29.065083+00:00,2025-03-05,2025-06-02,17,-0.552762
2026-07-23T23:51:29.105246+00:00,2025-03-06,2025-06-03,17,-0.556762
2026-07-23T23:51:29.143365+00:00,2025-03-07,2025-06-04,18,-0.558548
2026-07-23T23:51:29.181977+00:00,2025-03-08,2025-06-05,19,-0.565812
2026-07-23T23:51:29.221640+00:00,2025-03-09,2025-06-06,18,-0.579864
2026-07-23T23:51:29.261367+00:00,2025-03-10,2025-06-07,18,-0.588976
2026-07-23T23:51:29.301233+00:00,2025-03-11,2025-06-08,18,-0.605941
2026-07-23T23:51:29.340818+00:00,2025-03-12,2025-06-09,17,-0.62167
2026-07-23T23:51:29.380519+00:00,2025-03-13,2025-06-10,17,-0.628902
2026-07-23T23:51:29.420290+00:00,2025-03-14,2025-06-11,16,-0.617103
2026-07-23T23:51:29.459795+00:00,2025-03-15,2025-06-12,15,-0.608932
2026-07-23T23:51:29.498898+00:00,2025-03-16,2025-06-13,14,-0.594905
2026-07-23T23:51:29.537765+00:00,2025-03-17,2025-06-14,-30,0.614398
2026-07-23T23:51:29.576258+00:00,2025-03-18,2025-06-15,-30,0.656115
2026-07-23T23:51:29.614795+00:00,2025-03-19,2025-06-16,-30,0.688153
2026-07-23T23:51:29.653604+00:00,2025-03-20,2025-06-17,-30,0.701728
2026-07-23T23:51:29.692468+00:00,2025-03-21,2025-06-18,-30,0.712244
2026-07-23T23:51:29.731170+00:00,2025-03-22,2025-06-19,-30,0.717275
2026-07-23T23:51:29.769916+00:00,2025-03-23,2025-06-20,-30,0.712403
2026-07-23T23:51:29.808201+00:00,2025-03-24,2025-06-21,-30,0.697593
2026-07-23T23:51:29.846886+00:00,2025-03-25,2025-06-22,-30,0.645851
2026-07-23T23:51:29.885456+00:00,2025-03-26,2025-06-23,-30,0.620054
2026-07-23T23:51:29.924255+00:00,2025-03-27,2025-06-24,-30,0.602033
2026-07-23T23:51:29.963389+00:00,2025-03-28,2025-06-25,-30,0.579211
2026-07-23T23:51:30.001881+00:00,2025-03-29,2025-06-26,-30,0.56546
2026-07-23T23:51:30.041055+00:00,2025-03-30,2025-06-27,-30,0.551667
2026-07-23T23:51:30.079913+00:00,2025-03-31,2025-06-28,-30,0.547376
2026-07-23T23:51:30.118819+00:00,2025-04-01,2025-06-29,-30,0.536317
2026-07-23T23:51:30.158126+00:00,2025-04-02,2025-06-30,15,-0.523633
2026-07-23T23:51:30.197808+00:00,2025-04-03,2025-07-01,14,-0.545535
2026-07-23T23:51:30.236880+00:00,2025-04-04,2025-07-02,14,-0.56174
2026-07-23T23:51:30.276823+00:00,2025-04-05,2025-07-03,13,-0.580437
2026-07-23T23:51:30.316702+00:00,2025-04-06,2025-07-04,13,-0.586472
2026-07-23T23:51:30.356816+00:00,2025-04-07,2025-07-05,13,-0.563028
2026-07-23T23:51:30.396827+00:00,2025-04-08,2025-07-06,13,-0.534445
2026-07-23T23:51:30.436884+00:00,2025-04-09,2025-07-07,12,-0.509659
2026-07-23T23:51:30.476594+00:00,2025-04-10,2025-07-08,10,-0.485405
2026-07-23T23:51:30.516280+00:00,2025-04-11,2025-07-09,10,-0.468609
2026-07-23T23:51:30.556362+00:00,2025-04-12,2025-07-10,10,-0.444254
2026-07-23T23:51:30.595917+00:00,2025-04-13,2025-07-11,9,-0.419089
2026-07-23T23:51:30.635608+00:00,2025-04-14,2025-07-12,9,-0.420544
2026-07-23T23:51:30.675332+00:00,2025-04-15,2025-07-13,9,-0.424294
2026-07-23T23:51:30.715543+00:00,2025-04-16,2025-07-14,9,-0.44346
2026-07-23T23:51:30.755261+00:00,2025-04-17,2025-07-15,9,-0.465596
2026-07-23T23:51:30.794626+00:00,2025-04-18,2025-07-16,9,-0.469452
2026-07-23T23:51:30.834862+00:00,2025-04-19,2025-07-17,9,-0.464061
2026-07-23T23:51:30.874527+00:00,2025-04-20,2025-07-18,9,-0.461593
2026-07-23T23:51:30.913704+00:00,2025-04-21,2025-07-19,9,-0.459179
2026-07-23T23:51:30.952604+00:00,2025-04-22,2025-07-20,9,-0.45381
2026-07-23T23:51:30.992511+00:00,2025-04-23,2025-07-21,9,-0.423178
2026-07-23T23:51:31.031069+00:00,2025-04-24,2025-07-22,9,-0.441298
2026-07-23T23:51:31.070250+00:00,2025-04-25,2025-07-23,9,-0.449042
2026-07-23T23:51:31.110021+00:00,2025-04-26,2025-07-24,9,-0.446246
2026-07-23T23:51:31.149785+00:00,2025-04-27,2025-07-25,9,-0.415049
2026-07-23T23:51:31.189798+00:00,2025-04-28,2025-07-26,25,-0.396621
2026-07-23T23:51:31.228402+00:00,2025-04-29,2025-07-27,25,-0.399123
2026-07-23T23:51:31.267613+00:00,2025-04-30,2025-07-28,25,-0.403557
2026-07-23T23:51:31.306585+00:00,2025-05-01,2025-07-29,25,-0.394185
2026-07-23T23:51:31.345934+00:00,2025-05-02,2025-07-30,25,-0.39552
2026-07-23T23:51:31.385332+00:00,2025-05-03,2025-07-31,25,-0.391194
2026-07-23T23:51:31.424817+00:00,2025-05-04,2025-08-01,25,-0.389672
2026-07-23T23:51:31.464833+00:00,2025-05-05,2025-08-02,25,-0.379277
2026-07-23T23:51:31.504642+00:00,2025-05-06,2025-08-03,25,-0.384242
2026-07-23T23:51:31.544612+00:00,2025-05-07,2025-08-04,25,-0.388082
2026-07-23T23:51:31.584737+00:00,2025-05-08,2025-08-05,25,-0.404034
2026-07-23T23:51:31.623976+00:00,2025-05-09,2025-08-06,-9,-0.373886
2026-07-23T23:51:31.662319+00:00,2025-05-10,2025-08-07,-11,-0.370029
2026-07-23T23:51:31.700848+00:00,2025-05-11,2025-08-08,-9,-0.366618
2026-07-23T23:51:31.739583+00:00,2025-05-12,2025-08-09,-9,-0.3664
2026-07-23T23:51:31.778849+00:00,2025-05-13,2025-08-10,-9,-0.359547
2026-07-23T23:51:31.817407+00:00,2025-05-14,2025-08-11,-11,-0.35144
2026-07-23T23:51:31.856583+00:00,2025-05-15,2025-08-12,-11,-0.341211
2026-07-23T23:51:31.896225+00:00,2025-05-16,2025-08-13,-11,-0.327691
2026-07-23T23:51:31.936242+00:00,2025-05-17,2025-08-14,-11,-0.31134
2026-07-23T23:51:31.976663+00:00,2025-05-18,2025-08-15,-11,-0.294403
2026-07-23T23:51:32.016604+00:00,2025-05-19,2025-08-16,-11,-0.277958
2026-07-23T23:51:32.056118+00:00,2025-05-20,2025-08-17,-30,0.265799
2026-07-23T23:51:32.095678+00:00,2025-05-21,2025-08-18,16,0.299327
2026-07-23T23:51:32.136201+00:00,2025-05-22,2025-08-19,16,0.33503
2026-07-23T23:51:32.175937+00:00,2025-05-23,2025-08-20,17,0.387914
2026-07-23T23:51:32.215681+00:00,2025-05-24,2025-08-21,16,0.428729
2026-07-23T23:51:32.255301+00:00,2025-05-25,2025-08-22,16,0.465088
2026-07-23T23:51:32.295594+00:00,2025-05-26,2025-08-23,16,0.485523
2026-07-23T23:51:32.335718+00:00,2025-05-27,2025-08-24,15,0.49711
2026-07-23T23:51:32.375282+00:00,2025-05-28,2025-08-25,15,0.480911
2026-07-23T23:51:32.415456+00:00,2025-05-29,2025-08-26,15,0.434447
2026-07-23T23:51:32.455751+00:00,2025-05-30,2025-08-27,13,0.41442
2026-07-23T23:51:32.495514+00:00,2025-05-31,2025-08-28,13,0.400929
2026-07-23T23:51:32.535807+00:00,2025-06-01,2025-08-29,13,0.389006
2026-07-23T23:51:32.575663+00:00,2025-06-02,2025-08-30,13,0.381437
2026-07-23T23:51:32.615712+00:00,2025-06-03,2025-08-31,13,0.374925
2026-07-23T23:51:32.655915+00:00,2025-06-04,2025-09-01,13,0.37544
2026-07-23T23:51:32.695944+00:00,2025-06-05,2025-09-02,13,0.356987
2026-07-23T23:51:32.736086+00:00,2025-06-06,2025-09-03,13,0.351457
2026-07-23T23:51:32.776111+00:00,2025-06-07,2025-09-04,13,0.342247
2026-07-23T23:51:32.814863+00:00,2025-06-08,2025-09-05,-21,-0.375938
2026-07-23T23:51:32.854632+00:00,2025-06-09,2025-09-06,-20,-0.413585
2026-07-23T23:51:32.894692+00:00,2025-06-10,2025-09-07,-21,-0.38557
2026-07-23T23:51:32.934797+00:00,2025-06-11,2025-09-08,13,0.364965
2026-07-23T23:51:32.974867+00:00,2025-06-12,2025-09-09,13,0.378447
2026-07-23T23:51:33.013781+00:00,2025-06-13,2025-09-10,13,0.39167
2026-07-23T23:51:33.053541+00:00,2025-06-14,2025-09-11,13,0.40187
2026-07-23T23:51:33.094027+00:00,2025-06-15,2025-09-12,13,0.408766
2026-07-23T23:51:33.133567+00:00,2025-06-16,2025-09-13,13,0.410984
2026-07-23T23:51:33.173557+00:00,2025-06-17,2025-09-14,13,0.412327
2026-07-23T23:51:33.212826+00:00,2025-06-18,2025-09-15,13,0.413559
2026-07-23T23:51:33.251841+00:00,2025-06-19,2025-09-16,13,0.410903
2026-07-23T23:51:33.291580+00:00,2025-06-20,2025-09-17,-14,-0.410629
2026-07-23T23:51:33.331226+00:00,2025-06-21,2025-09-18,-14,-0.417252
2026-07-23T23:51:33.370888+00:00,2025-06-22,2025-09-19,-14,-0.418993
2026-07-23T23:51:33.410692+00:00,2025-06-23,2025-09-20,-16,-0.41398
2026-07-23T23:51:33.450156+00:00,2025-06-24,2025-09-21,-16,-0.412504
2026-07-23T23:51:33.489725+00:00,2025-06-25,2025-09-22,-17,-0.404651
2026-07-23T23:51:33.529728+00:00,2025-06-26,2025-09-23,-17,-0.382629
2026-07-23T23:51:33.569674+00:00,2025-06-27,2025-09-24,-29,0.419974
2026-07-23T23:51:33.609832+00:00,2025-06-28,2025-09-25,-29,0.467217
2026-07-23T23:51:33.649691+00:00,2025-06-29,2025-09-26,-29,0.496724
2026-07-23T23:51:33.689254+00:00,2025-06-30,2025-09-27,-29,0.518672
2026-07-23T23:51:33.729374+00:00,2025-07-01,2025-09-28,-29,0.522276
2026-07-23T23:51:33.769408+00:00,2025-07-02,2025-09-29,-29,0.52807
2026-07-23T23:51:33.809165+00:00,2025-07-03,2025-09-30,-29,0.535604
2026-07-23T23:51:33.849018+00:00,2025-07-04,2025-10-01,-29,0.544289
2026-07-23T23:51:33.887400+00:00,2025-07-05,2025-10-02,-29,0.550198
2026-07-23T23:51:33.926485+00:00,2025-07-06,2025-10-03,-29,0.56331
2026-07-23T23:51:33.966464+00:00,2025-07-07,2025-10-04,-29,0.563094
2026-07-23T23:51:34.005781+00:00,2025-07-08,2025-10-05,-29,0.544123
2026-07-23T23:51:34.045016+00:00,2025-07-09,2025-10-06,-17,-0.452033
2026-07-23T23:51:34.083711+00:00,2025-07-10,2025-10-07,-17,-0.382464
2026-07-23T23:51:34.122311+00:00,2025-07-11,2025-10-08,-7,0.429406
2026-07-23T23:51:34.164870+00:00,2025-07-12,2025-10-09,-7,0.487994
2026-07-23T23:51:34.203972+00:00,2025-07-13,2025-10-10,-7,0.53246
2026-07-23T23:51:34.243292+00:00,2025-07-14,2025-10-11,-7,0.534051
2026-07-23T23:51:34.281911+00:00,2025-07-15,2025-10-12,-7,0.542864
2026-07-23T23:51:34.320586+00:00,2025-07-16,2025-10-13,-7,0.527598
2026-07-23T23:51:34.359474+00:00,2025-07-17,2025-10-14,-8,0.492268
2026-07-23T23:51:34.398310+00:00,2025-07-18,2025-10-15,-8,0.452985
2026-07-23T23:51:34.437127+00:00,2025-07-19,2025-10-16,27,-0.451215
2026-07-23T23:51:34.476161+00:00,2025-07-20,2025-10-17,27,-0.480824
2026-07-23T23:51:34.514539+00:00,2025-07-21,2025-10-18,27,-0.474788
2026-07-23T23:51:34.553475+00:00,2025-07-22,2025-10-19,26,-0.468189
2026-07-23T23:51:34.592301+00:00,2025-07-23,2025-10-20,25,-0.456115
2026-07-23T23:51:34.630952+00:00,2025-07-24,2025-10-21,25,-0.434319
2026-07-23T23:51:34.669542+00:00,2025-07-25,2025-10-22,24,-0.408409
2026-07-23T23:51:34.709256+00:00,2025-07-26,2025-10-23,23,-0.385247
2026-07-23T23:51:34.749167+00:00,2025-07-27,2025-10-24,23,-0.350752
2026-07-23T23:51:34.789126+00:00,2025-07-28,2025-10-25,3,-0.317417
2026-07-23T23:51:34.829161+00:00,2025-07-29,2025-10-26,3,-0.333315
2026-07-23T23:51:34.868583+00:00,2025-07-30,2025-10-27,3,-0.336992
2026-07-23T23:51:34.906840+00:00,2025-07-31,2025-10-28,3,-0.338526
2026-07-23T23:51:34.946389+00:00,2025-08-01,2025-10-29,3,-0.345885
2026-07-23T23:51:34.986197+00:00,2025-08-02,2025-10-30,3,-0.36673
2026-07-23T23:51:35.026368+00:00,2025-08-03,2025-10-31,3,-0.390829
2026-07-23T23:51:35.065832+00:00,2025-08-04,2025-11-01,23,-0.434315
2026-07-23T23:51:35.105919+00:00,2025-08-05,2025-11-02,24,-0.485776
2026-07-23T23:51:35.145950+00:00,2025-08-06,2025-11-03,24,-0.505314
2026-07-23T23:51:35.185834+00:00,2025-08-07,2025-11-04,23,-0.510761
2026-07-23T23:51:35.225707+00:00,2025-08-08,2025-11-05,24,-0.518649
2026-07-23T23:51:35.265649+00:00,2025-08-09,2025-11-06,23,-0.499641
2026-07-23T23:51:35.305490+00:00,2025-08-10,2025-11-07,23,-0.459889
2026-07-23T23:51:35.345441+00:00,2025-08-11,2025-11-08,15,-0.453585
2026-07-23T23:51:35.385101+00:00,2025-08-12,2025-11-09,15,-0.436788
2026-07-23T23:51:35.424943+00:00,2025-08-13,2025-11-10,16,-0.403397
2026-07-23T23:51:35.464988+00:00,2025-08-14,2025-11-11,6,-0.4053
2026-07-23T23:51:35.505042+00:00,2025-08-15,2025-11-12,6,-0.406861
2026-07-23T23:51:35.544455+00:00,2025-08-16,2025-11-13,6,-0.409393
2026-07-23T23:51:35.584656+00:00,2025-08-17,2025-11-14,6,-0.414145
2026-07-23T23:51:35.624643+00:00,2025-08-18,2025-11-15,6,-0.415387
2026-07-23T23:51:35.664243+00:00,2025-08-19,2025-11-16,15,-0.416015
2026-07-23T23:51:35.704088+00:00,2025-08-20,2025-11-17,15,-0.428611
2026-07-23T23:51:35.743430+00:00,2025-08-21,2025-11-18,21,-0.429905
2026-07-23T23:51:35.783176+00:00,2025-08-22,2025-11-19,21,-0.46134
2026-07-23T23:51:35.823220+00:00,2025-08-23,2025-11-20,21,-0.497523
2026-07-23T23:51:35.863169+00:00,2025-08-24,2025-11-21,21,-0.536623
2026-07-23T23:51:35.902816+00:00,2025-08-25,2025-11-22,21,-0.56324
2026-07-23T23:51:35.943725+00:00,2025-08-26,2025-11-23,21,-0.58069
2026-07-23T23:51:35.983068+00:00,2025-08-27,2025-11-24,20,-0.591964
2026-07-23T23:51:36.023196+00:00,2025-08-28,2025-11-25,19,-0.600281
2026-07-23T23:51:36.063184+00:00,2025-08-29,2025-11-26,19,-0.602152
2026-07-23T23:51:36.102510+00:00,2025-08-30,2025-11-27,19,-0.600417
2026-07-23T23:51:36.142176+00:00,2025-08-31,2025-11-28,19,-0.595287
2026-07-23T23:51:36.182133+00:00,2025-09-01,2025-11-29,20,-0.580785
2026-07-23T23:51:36.221773+00:00,2025-09-02,2025-11-30,21,-0.565013
2026-07-23T23:51:36.261450+00:00,2025-09-03,2025-12-01,21,-0.573887
2026-07-23T23:51:36.301222+00:00,2025-09-04,2025-12-02,20,-0.603038
2026-07-23T23:51:36.341057+00:00,2025-09-05,2025-12-03,20,-0.624841
2026-07-23T23:51:36.380583+00:00,2025-09-06,2025-12-04,20,-0.64636
2026-07-23T23:51:36.420074+00:00,2025-09-07,2025-12-05,20,-0.662301
2026-07-23T23:51:36.460220+00:00,2025-09-08,2025-12-06,20,-0.671149
2026-07-23T23:51:36.500084+00:00,2025-09-09,2025-12-07,20,-0.675736
2026-07-23T23:51:36.539785+00:00,2025-09-10,2025-12-08,20,-0.682341
2026-07-23T23:51:36.580036+00:00,2025-09-11,2025-12-09,20,-0.684944
2026-07-23T23:51:36.619991+00:00,2025-09-12,2025-12-10,20,-0.675991
2026-07-23T23:51:36.660242+00:00,2025-09-13,2025-12-11,19,-0.661377
2026-07-23T23:51:36.699703+00:00,2025-09-14,2025-12-12,19,-0.649702
2026-07-23T23:51:36.739446+00:00,2025-09-15,2025-12-13,19,-0.634541
2026-07-23T23:51:36.779183+00:00,2025-09-16,2025-12-14,20,-0.610785
2026-07-23T23:51:36.819190+00:00,2025-09-17,2025-12-15,20,-0.570247
2026-07-23T23:51:36.858921+00:00,2025-09-18,2025-12-16,21,-0.548046
2026-07-23T23:51:36.898739+00:00,2025-09-19,2025-12-17,21,-0.547843
2026-07-23T23:51:36.938492+00:00,2025-09-20,2025-12-18,21,-0.531622
2026-07-23T23:51:36.978377+00:00,2025-09-21,2025-12-19,19,-0.506944
2026-07-23T23:51:37.017853+00:00,2025-09-22,2025-12-20,19,-0.517674
2026-07-23T23:51:37.057550+00:00,2025-09-23,2025-12-21,19,-0.520891
2026-07-23T23:51:37.097454+00:00,2025-09-24,2025-12-22,19,-0.518548
2026-07-23T23:51:37.137165+00:00,2025-09-25,2025-12-23,19,-0.525487
2026-07-23T23:51:37.176357+00:00,2025-09-26,2025-12-24,19,-0.515648
2026-07-23T23:51:37.216455+00:00,2025-09-27,2025-12-25,19,-0.506792
2026-07-23T23:51:37.256107+00:00,2025-09-28,2025-12-26,19,-0.497934
2026-07-23T23:51:37.296042+00:00,2025-09-29,2025-12-27,19,-0.481356
2026-07-23T23:51:37.336001+00:00,2025-09-30,2025-12-28,19,-0.459933
2026-07-23T23:51:37.376083+00:00,2025-10-01,2025-12-29,19,-0.446741
2026-07-23T23:51:37.415781+00:00,2025-10-02,2025-12-30,19,-0.435043
2026-07-23T23:51:37.456065+00:00,2025-10-03,2025-12-31,19,-0.424831
2026-07-23T23:51:37.496013+00:00,2025-10-04,2026-01-01,19,-0.421616
2026-07-23T23:51:37.536005+00:00,2025-10-05,2026-01-02,19,-0.420588
2026-07-23T23:51:37.576058+00:00,2025-10-06,2026-01-03,19,-0.419853
2026-07-23T23:51:37.615516+00:00,2025-10-07,2026-01-04,19,-0.420004
2026-07-23T23:51:37.655159+00:00,2025-10-08,2026-01-05,-29,-0.435965
2026-07-23T23:51:37.695559+00:00,2025-10-09,2026-01-06,-29,-0.457051
2026-07-23T23:51:37.734858+00:00,2025-10-10,2026-01-07,-29,-0.466144
2026-07-23T23:51:37.774433+00:00,2025-10-11,2026-01-08,-30,-0.47327
2026-07-23T23:51:37.814677+00:00,2025-10-12,2026-01-09,-30,-0.476827
2026-07-23T23:51:37.853854+00:00,2025-10-13,2026-01-10,-30,-0.472537
2026-07-23T23:51:37.893747+00:00,2025-10-14,2026-01-11,-30,-0.451211
2026-07-23T23:51:37.933861+00:00,2025-10-15,2026-01-12,-30,-0.402345
2026-07-23T23:51:37.973644+00:00,2025-10-16,2026-01-13,-30,-0.342603
2026-07-23T23:51:38.013554+00:00,2025-10-17,2026-01-14,-30,-0.312543
2026-07-23T23:51:38.053500+00:00,2025-10-18,2026-01-15,-30,-0.284108
2026-07-23T23:51:38.092894+00:00,2025-10-19,2026-01-16,-30,-0.261258
2026-07-23T23:51:38.132952+00:00,2025-10-20,2026-01-17,-30,-0.232091
2026-07-23T23:51:38.172490+00:00,2025-10-21,2026-01-18,21,-0.221417
2026-07-23T23:51:38.211748+00:00,2025-10-22,2026-01-19,21,-0.271831
2026-07-23T23:51:38.251666+00:00,2025-10-23,2026-01-20,21,-0.316754
2026-07-23T23:51:38.291697+00:00,2025-10-24,2026-01-21,21,-0.352213
2026-07-23T23:51:38.331820+00:00,2025-10-25,2026-01-22,20,-0.394666
2026-07-23T23:51:38.371963+00:00,2025-10-26,2026-01-23,20,-0.419759
2026-07-23T23:51:38.412097+00:00,2025-10-27,2026-01-24,20,-0.438297
2026-07-23T23:51:38.452613+00:00,2025-10-28,2026-01-25,19,-0.446491
2026-07-23T23:51:38.492776+00:00,2025-10-29,2026-01-26,19,-0.4384
2026-07-23T23:51:38.532555+00:00,2025-10-30,2026-01-27,18,-0.399787
2026-07-23T23:51:38.572402+00:00,2025-10-31,2026-01-28,18,-0.375955
2026-07-23T23:51:38.612309+00:00,2025-11-01,2026-01-29,18,-0.338673
2026-07-23T23:51:38.652260+00:00,2025-11-02,2026-01-30,13,-0.314287
2026-07-23T23:51:38.692381+00:00,2025-11-03,2026-01-31,13,-0.305864
2026-07-23T23:51:38.732244+00:00,2025-11-04,2026-02-01,13,-0.286238
2026-07-23T23:51:38.772646+00:00,2025-11-05,2026-02-02,12,-0.275588
2026-07-23T23:51:38.812704+00:00,2025-11-06,2026-02-03,10,-0.280138
2026-07-23T23:51:38.851949+00:00,2025-11-07,2026-02-04,10,-0.281395
2026-07-23T23:51:38.891403+00:00,2025-11-08,2026-02-05,10,-0.2744
2026-07-23T23:51:38.931382+00:00,2025-11-09,2026-02-06,10,-0.268681
2026-07-23T23:51:38.970865+00:00,2025-11-10,2026-02-07,10,-0.261684
2026-07-23T23:51:39.009577+00:00,2025-11-11,2026-02-08,10,-0.262957
2026-07-23T23:51:39.048882+00:00,2025-11-12,2026-02-09,-29,-0.308226
2026-07-23T23:51:39.089195+00:00,2025-11-13,2026-02-10,-30,-0.351911
2026-07-23T23:51:39.128078+00:00,2025-11-14,2026-02-11,-30,-0.391669
2026-07-23T23:51:39.166730+00:00,2025-11-15,2026-02-12,-30,-0.426472
2026-07-23T23:51:39.205239+00:00,2025-11-16,2026-02-13,-30,-0.455376
2026-07-23T23:51:39.244752+00:00,2025-11-17,2026-02-14,-30,-0.438144
2026-07-23T23:51:39.283678+00:00,2025-11-18,2026-02-15,-30,-0.376812
2026-07-23T23:51:39.322740+00:00,2025-11-19,2026-02-16,-30,-0.316798
2026-07-23T23:51:39.362299+00:00,2025-11-20,2026-02-17,-30,-0.242257
2026-07-23T23:51:39.401206+00:00,2025-11-21,2026-02-18,-24,0.167764
2026-07-23T23:51:39.440478+00:00,2025-11-22,2026-02-19,-24,0.223105
2026-07-23T23:51:39.478722+00:00,2025-11-23,2026-02-20,-25,0.27287
2026-07-23T23:51:39.517045+00:00,2025-11-24,2026-02-21,-26,0.297184
2026-07-23T23:51:39.555673+00:00,2025-11-25,2026-02-22,-26,0.316966
2026-07-23T23:51:39.594905+00:00,2025-11-26,2026-02-23,-26,0.342897
2026-07-23T23:51:39.633701+00:00,2025-11-27,2026-02-24,-25,0.380467
2026-07-23T23:51:39.672391+00:00,2025-11-28,2026-02-25,-24,0.411659
2026-07-23T23:51:39.711658+00:00,2025-11-29,2026-02-26,-24,0.435434
2026-07-23T23:51:39.751501+00:00,2025-11-30,2026-02-27,-24,0.45538
2026-07-23T23:51:39.791671+00:00,2025-12-01,2026-02-28,-24,0.465722
2026-07-23T23:51:39.831824+00:00,2025-12-02,2026-03-01,-24,0.457018
2026-07-23T23:51:39.871449+00:00,2025-12-03,2026-03-02,-24,0.44403
2026-07-23T23:51:39.911841+00:00,2025-12-04,2026-03-03,7,-0.445836
2026-07-23T23:51:39.951839+00:00,2025-12-05,2026-03-04,7,-0.45538
2026-07-23T23:51:39.991313+00:00,2025-12-06,2026-03-05,6,-0.463259
2026-07-23T23:51:40.031455+00:00,2025-12-07,2026-03-06,6,-0.469631
2026-07-23T23:51:40.071706+00:00,2025-12-08,2026-03-07,6,-0.471102
2026-07-23T23:51:40.111716+00:00,2025-12-09,2026-03-08,6,-0.464967
2026-07-23T23:51:40.152186+00:00,2025-12-10,2026-03-09,6,-0.458142
2026-07-23T23:51:40.192025+00:00,2025-12-11,2026-03-10,6,-0.452374
2026-07-23T23:51:40.232061+00:00,2025-12-12,2026-03-11,6,-0.455627
2026-07-23T23:51:40.272366+00:00,2025-12-13,2026-03-12,30,0.465253
2026-07-23T23:51:40.310848+00:00,2025-12-14,2026-03-13,30,0.515281
2026-07-23T23:51:40.349167+00:00,2025-12-15,2026-03-14,30,0.553444
2026-07-23T23:51:40.387675+00:00,2025-12-16,2026-03-15,30,0.577536
2026-07-23T23:51:40.425841+00:00,2025-12-17,2026-03-16,30,0.573011
2026-07-23T23:51:40.464639+00:00,2025-12-18,2026-03-17,30,0.528612
2026-07-23T23:51:40.504571+00:00,2025-12-19,2026-03-18,30,0.479543
2026-07-23T23:51:40.544943+00:00,2025-12-20,2026-03-19,9,-0.499129
2026-07-23T23:51:40.584677+00:00,2025-12-21,2026-03-20,8,-0.558541
2026-07-23T23:51:40.624468+00:00,2025-12-22,2026-03-21,8,-0.616635
2026-07-23T23:51:40.664406+00:00,2025-12-23,2026-03-22,8,-0.649147
2026-07-23T23:51:40.704764+00:00,2025-12-24,2026-03-23,8,-0.664768
2026-07-23T23:51:40.744829+00:00,2025-12-25,2026-03-24,8,-0.66625
2026-07-23T23:51:40.783574+00:00,2025-12-26,2026-03-25,8,-0.663616
2026-07-23T23:51:40.821784+00:00,2025-12-27,2026-03-26,8,-0.654978
2026-07-23T23:51:40.860671+00:00,2025-12-28,2026-03-27,8,-0.630392
2026-07-23T23:51:40.899417+00:00,2025-12-29,2026-03-28,8,-0.600041
2026-07-23T23:51:40.938043+00:00,2025-12-30,2026-03-29,8,-0.565698
2026-07-23T23:51:40.977394+00:00,2025-12-31,2026-03-30,8,-0.532905
2026-07-23T23:51:41.017423+00:00,2026-01-01,2026-03-31,8,-0.495374
2026-07-23T23:51:41.057414+00:00,2026-01-02,2026-04-01,-30,-0.468231
2026-07-23T23:51:41.097170+00:00,2026-01-03,2026-04-02,-30,-0.462702
2026-07-23T23:51:41.137616+00:00,2026-01-04,2026-04-03,-30,-0.464068
2026-07-23T23:51:41.177862+00:00,2026-01-05,2026-04-04,-30,-0.453187
2026-07-23T23:51:41.217493+00:00,2026-01-06,2026-04-05,-30,-0.447234
2026-07-23T23:51:41.257122+00:00,2026-01-07,2026-04-06,-30,-0.440588
2026-07-23T23:51:41.296793+00:00,2026-01-08,2026-04-07,-30,-0.435255
2026-07-23T23:51:41.337091+00:00,2026-01-09,2026-04-08,-30,-0.439974
2026-07-23T23:51:41.376777+00:00,2026-01-10,2026-04-09,-30,-0.449126
2026-07-23T23:51:41.416172+00:00,2026-01-11,2026-04-10,-30,-0.441003
2026-07-23T23:51:41.455766+00:00,2026-01-12,2026-04-11,-30,-0.44164
2026-07-23T23:51:41.495719+00:00,2026-01-13,2026-04-12,-30,-0.454275
2026-07-23T23:51:41.535714+00:00,2026-01-14,2026-04-13,-30,-0.466671
2026-07-23T23:51:41.576068+00:00,2026-01-15,2026-04-14,-30,-0.473334
2026-07-23T23:51:41.615754+00:00,2026-01-16,2026-04-15,-30,-0.477594
2026-07-23T23:51:41.656044+00:00,2026-01-17,2026-04-16,-30,-0.49072
2026-07-23T23:51:41.696138+00:00,2026-01-18,2026-04-17,-30,-0.504508
2026-07-23T23:51:41.736419+00:00,2026-01-19,2026-04-18,-30,-0.525009
2026-07-23T23:51:41.776626+00:00,2026-01-20,2026-04-19,-30,-0.554931
2026-07-23T23:51:41.816554+00:00,2026-01-21,2026-04-20,-30,-0.585364
2026-07-23T23:51:41.856467+00:00,2026-01-22,2026-04-21,-30,-0.600261
2026-07-23T23:51:41.896720+00:00,2026-01-23,2026-04-22,-30,-0.623883
2026-07-23T23:51:41.936623+00:00,2026-01-24,2026-04-23,-30,-0.606756
2026-07-23T23:51:41.976944+00:00,2026-01-25,2026-04-24,-30,-0.586349
2026-07-23T23:51:42.017256+00:00,2026-01-26,2026-04-25,-30,-0.560087
2026-07-23T23:51:42.057305+00:00,2026-01-27,2026-04-26,-30,-0.523068
2026-07-23T23:51:42.097620+00:00,2026-01-28,2026-04-27,-30,-0.519203
2026-07-23T23:51:42.137258+00:00,2026-01-29,2026-04-28,-12,0.508486
2026-07-23T23:51:42.177419+00:00,2026-01-30,2026-04-29,-12,0.516946
2026-07-23T23:51:42.217272+00:00,2026-01-31,2026-04-30,-12,0.519992
2026-07-23T23:51:42.257139+00:00,2026-02-01,2026-05-01,-11,0.52511
2026-07-23T23:51:42.297195+00:00,2026-02-02,2026-05-02,-11,0.528271
2026-07-23T23:51:42.337299+00:00,2026-02-03,2026-05-03,-11,0.535784
2026-07-23T23:51:42.377059+00:00,2026-02-04,2026-05-04,-11,0.553545
2026-07-23T23:51:42.417267+00:00,2026-02-05,2026-05-05,-11,0.552897
2026-07-23T23:51:42.457034+00:00,2026-02-06,2026-05-06,-12,0.546408
2026-07-23T23:51:42.495863+00:00,2026-02-07,2026-05-07,-12,0.522853
2026-07-23T23:51:42.534340+00:00,2026-02-08,2026-05-08,-12,0.500419
2026-07-23T23:51:42.572759+00:00,2026-02-09,2026-05-09,-16,0.526626
2026-07-23T23:51:42.611235+00:00,2026-02-10,2026-05-10,-16,0.548096
2026-07-23T23:51:42.650468+00:00,2026-02-11,2026-05-11,-17,0.57233
2026-07-23T23:51:42.689578+00:00,2026-02-12,2026-05-12,-17,0.578682
2026-07-23T23:51:42.729415+00:00,2026-02-13,2026-05-13,-17,0.579559
2026-07-23T23:51:42.769214+00:00,2026-02-14,2026-05-14,-17,0.573543
2026-07-23T23:51:42.808244+00:00,2026-02-15,2026-05-15,-17,0.57842
2026-07-23T23:51:42.848373+00:00,2026-02-16,2026-05-16,-17,0.584392
2026-07-23T23:51:42.888246+00:00,2026-02-17,2026-05-17,-18,0.594374
2026-07-23T23:51:42.928571+00:00,2026-02-18,2026-05-18,-18,0.598094
2026-07-23T23:51:42.968662+00:00,2026-02-19,2026-05-19,-19,0.582326
2026-07-23T23:51:43.008677+00:00,2026-02-20,2026-05-20,-17,0.567048
2026-07-23T23:51:43.048576+00:00,2026-02-21,2026-05-21,-17,0.549596
2026-07-23T23:51:43.088455+00:00,2026-02-22,2026-05-22,-18,0.518592
2026-07-23T23:51:43.128474+00:00,2026-02-23,2026-05-23,-17,0.482758
2026-07-23T23:51:43.168500+00:00,2026-02-24,2026-05-24,-17,0.455383
2026-07-23T23:51:43.208442+00:00,2026-02-25,2026-05-25,-17,0.423577
2026-07-23T23:51:43.248506+00:00,2026-02-26,2026-05-26,-18,0.397359
2026-07-23T23:51:43.288382+00:00,2026-02-27,2026-05-27,-18,0.382528
2026-07-23T23:51:43.328233+00:00,2026-02-28,2026-05-28,-18,0.371269
2026-07-23T23:51:43.368116+00:00,2026-03-01,2026-05-29,-17,0.369308
2026-07-23T23:51:43.408096+00:00,2026-03-02,2026-05-30,-17,0.375172
2026-07-23T23:51:43.448433+00:00,2026-03-03,2026-05-31,-17,0.386854
2026-07-23T23:51:43.487832+00:00,2026-03-04,2026-06-01,-17,0.399986
2026-07-23T23:51:43.528007+00:00,2026-03-05,2026-06-02,-17,0.407993
2026-07-23T23:51:43.567858+00:00,2026-03-06,2026-06-03,-18,0.415878
2026-07-23T23:51:43.607304+00:00,2026-03-07,2026-06-04,-18,0.411026
2026-07-23T23:51:43.647558+00:00,2026-03-08,2026-06-05,-18,0.408994
2026-07-23T23:51:43.687417+00:00,2026-03-09,2026-06-06,-18,0.411959
2026-07-23T23:51:43.727722+00:00,2026-03-10,2026-06-07,-18,0.417552
2026-07-23T23:51:43.767459+00:00,2026-03-11,2026-06-08,-18,0.417268
2026-07-23T23:51:43.807765+00:00,2026-03-12,2026-06-09,-4,-0.415675
2026-07-23T23:51:43.847208+00:00,2026-03-13,2026-06-10,-4,-0.421499
2026-07-23T23:51:43.886552+00:00,2026-03-14,2026-06-11,-4,-0.430032
2026-07-23T23:51:43.926241+00:00,2026-03-15,2026-06-12,-4,-0.44245
2026-07-23T23:51:43.966423+00:00,2026-03-16,2026-06-13,-4,-0.450053
2026-07-23T23:51:44.006073+00:00,2026-03-17,2026-06-14,-4,-0.450063
2026-07-23T23:51:44.045607+00:00,2026-03-18,2026-06-15,-4,-0.445339
2026-07-23T23:51:44.087967+00:00,2026-03-19,2026-06-16,-4,-0.4406
2026-07-23T23:51:44.126820+00:00,2026-03-20,2026-06-17,-21,0.444221
2026-07-23T23:51:44.165621+00:00,2026-03-21,2026-06-18,-21,0.506134
2026-07-23T23:51:44.204250+00:00,2026-03-22,2026-06-19,-21,0.569907
2026-07-23T23:51:44.244238+00:00,2026-03-23,2026-06-20,-21,0.581612
2026-07-23T23:51:44.284348+00:00,2026-03-24,2026-06-21,-21,0.587543
2026-07-23T23:51:44.324821+00:00,2026-03-25,2026-06-22,-21,0.596832
2026-07-23T23:51:44.365328+00:00,2026-03-26,2026-06-23,-21,0.609693
2026-07-23T23:51:44.405351+00:00,2026-03-27,2026-06-24,-21,0.618201
2026-07-23T23:51:44.445416+00:00,2026-03-28,2026-06-25,-21,0.615973
2026-07-23T23:51:44.484898+00:00,2026-03-29,2026-06-26,-21,0.617842
2026-07-23T23:51:44.525211+00:00,2026-03-30,2026-06-27,-21,0.61712
2026-07-23T23:51:44.565464+00:00,2026-03-31,2026-06-28,-21,0.618089
2026-07-23T23:51:44.606351+00:00,2026-04-01,2026-06-29,-21,0.615384
2026-07-23T23:51:44.645320+00:00,2026-04-02,2026-06-30,-21,0.606175
