timestamp,window_start,window_end,best_lag,pearson
2026-07-23T23:51:49.498284+00:00,2020-01-01,2020-06-28,150,-0.723696
2026-07-23T23:51:49.663643+00:00,2020-01-02,2020-06-29,150,-0.747424
2026-07-23T23:51:49.831577+00:00,2020-01-03,2020-06-30,150,-0.763522
2026-07-23T23:51:49.999171+00:00,2020-01-04,2020-07-01,150,-0.762794
2026-07-23T23:51:50.166432+00:00,2020-01-05,2020-07-02,150,-0.85616
2026-07-23T23:51:50.333204+00:00,2020-01-06,2020-07-03,150,-0.8651
2026-07-23T23:51:50.498398+00:00,2020-01-07,2020-07-04,150,-0.867331
2026-07-23T23:51:50.661009+00:00,2020-01-08,2020-07-05,150,-0.846605
2026-07-23T23:51:50.823844+00:00,2020-01-09,2020-07-06,150,-0.820627
2026-07-23T23:51:50.988409+00:00,2020-01-10,2020-07-07,150,-0.79256
2026-07-23T23:51:51.154238+00:00,2020-01-11,2020-07-08,150,-0.67296
2026-07-23T23:51:51.320365+00:00,2020-01-12,2020-07-09,114,-0.679378
2026-07-23T23:51:51.486640+00:00,2020-01-13,2020-07-10,114,-0.704841
2026-07-23T23:51:51.653304+00:00,2020-01-14,2020-07-11,114,-0.707214
2026-07-23T23:51:51.821036+00:00,2020-01-15,2020-07-12,114,-0.708679
2026-07-23T23:51:51.989027+00:00,2020-01-16,2020-07-13,114,-0.709158
2026-07-23T23:51:52.155876+00:00,2020-01-17,2020-07-14,115,-0.704696
2026-07-23T23:51:52.321393+00:00,2020-01-18,2020-07-15,115,-0.700495
2026-07-23T23:51:52.487556+00:00,2020-01-19,2020-07-16,115,-0.689885
2026-07-23T23:51:52.654468+00:00,2020-01-20,2020-07-17,115,-0.678112
2026-07-23T23:51:52.821023+00:00,2020-01-21,2020-07-18,115,-0.66533
2026-07-23T23:51:52.987544+00:00,2020-01-22,2020-07-19,-137,0.698953
2026-07-23T23:51:53.155675+00:00,2020-01-23,2020-07-20,-137,0.750484
2026-07-23T23:51:53.320653+00:00,2020-01-24,2020-07-21,-137,0.804637
2026-07-23T23:51:53.485421+00:00,2020-01-25,2020-07-22,-137,0.798578
2026-07-23T23:51:53.653912+00:00,2020-01-26,2020-07-23,-138,0.758216
2026-07-23T23:51:53.819830+00:00,2020-01-27,2020-07-24,-138,0.750935
2026-07-23T23:51:53.985455+00:00,2020-01-28,2020-07-25,-138,0.742968
2026-07-23T23:51:54.149524+00:00,2020-01-29,2020-07-26,-139,0.661376
2026-07-23T23:51:54.316680+00:00,2020-01-30,2020-07-27,114,-0.662924
2026-07-23T23:51:54.484150+00:00,2020-01-31,2020-07-28,114,-0.668219
2026-07-23T23:51:54.652333+00:00,2020-02-01,2020-07-29,114,-0.671999
2026-07-23T23:51:54.822182+00:00,2020-02-02,2020-07-30,115,-0.676291
2026-07-23T23:51:54.987208+00:00,2020-02-03,2020-07-31,115,-0.679474
2026-07-23T23:51:55.156547+00:00,2020-02-04,2020-08-01,148,0.742832
2026-07-23T23:51:55.321952+00:00,2020-02-05,2020-08-02,148,0.807709
2026-07-23T23:51:55.487836+00:00,2020-02-06,2020-08-03,148,0.813585
2026-07-23T23:51:55.654175+00:00,2020-02-07,2020-08-04,148,0.818634
2026-07-23T23:51:55.820670+00:00,2020-02-08,2020-08-05,147,0.827793
2026-07-23T23:51:55.988321+00:00,2020-02-09,2020-08-06,147,0.831654
2026-07-23T23:51:56.155245+00:00,2020-02-10,2020-08-07,147,0.841039
2026-07-23T23:51:56.322616+00:00,2020-02-11,2020-08-08,148,0.840466
2026-07-23T23:51:56.488468+00:00,2020-02-12,2020-08-09,147,0.854755
2026-07-23T23:51:56.652992+00:00,2020-02-13,2020-08-10,146,0.867655
2026-07-23T23:51:56.818893+00:00,2020-02-14,2020-08-11,145,0.879953
2026-07-23T23:51:56.985951+00:00,2020-02-15,2020-08-12,144,0.893904
2026-07-23T23:51:57.148840+00:00,2020-02-16,2020-08-13,144,0.886779
2026-07-23T23:51:57.313350+00:00,2020-02-17,2020-08-14,144,0.88361
2026-07-23T23:51:57.479449+00:00,2020-02-18,2020-08-15,144,0.877516
2026-07-23T23:51:57.647075+00:00,2020-02-19,2020-08-16,144,0.87376
2026-07-23T23:51:57.812748+00:00,2020-02-20,2020-08-17,144,0.871449
2026-07-23T23:51:57.976940+00:00,2020-02-21,2020-08-18,144,0.835646
2026-07-23T23:51:58.142972+00:00,2020-02-22,2020-08-19,144,0.776004
2026-07-23T23:51:58.308800+00:00,2020-02-23,2020-08-20,144,0.741919
2026-07-23T23:51:58.475996+00:00,2020-02-24,2020-08-21,144,0.742483
2026-07-23T23:51:58.643262+00:00,2020-02-25,2020-08-22,144,0.737131
2026-07-23T23:51:58.810441+00:00,2020-02-26,2020-08-23,144,0.739194
2026-07-23T23:51:58.974937+00:00,2020-02-27,2020-08-24,144,0.745626
2026-07-23T23:51:59.140492+00:00,2020-02-28,2020-08-25,144,0.757468
2026-07-23T23:51:59.306094+00:00,2020-02-29,2020-08-26,144,0.77182
2026-07-23T23:51:59.469993+00:00,2020-03-01,2020-08-27,144,0.790588
2026-07-23T23:51:59.631054+00:00,2020-03-02,2020-08-28,144,0.804906
2026-07-23T23:51:59.797229+00:00,2020-03-03,2020-08-29,144,0.816955
2026-07-23T23:51:59.964422+00:00,2020-03-04,2020-08-30,144,0.828523
2026-07-23T23:52:00.129270+00:00,2020-03-05,2020-08-31,144,0.839948
2026-07-23T23:52:00.295598+00:00,2020-03-06,2020-09-01,145,0.8342
2026-07-23T23:52:00.461526+00:00,2020-03-07,2020-09-02,145,0.806195
2026-07-23T23:52:00.627515+00:00,2020-03-08,2020-09-03,146,0.775426
2026-07-23T23:52:00.792717+00:00,2020-03-09,2020-09-04,146,0.754773
2026-07-23T23:52:00.953893+00:00,2020-03-10,2020-09-05,146,0.713982
2026-07-23T23:52:01.120777+00:00,2020-03-11,2020-09-06,147,0.677946
2026-07-23T23:52:01.285731+00:00,2020-03-12,2020-09-07,147,0.63456
2026-07-23T23:52:01.452056+00:00,2020-03-13,2020-09-08,28,-0.598971
2026-07-23T23:52:01.617506+00:00,2020-03-14,2020-09-09,28,-0.597288
2026-07-23T23:52:01.781601+00:00,2020-03-15,2020-09-10,28,-0.595499
2026-07-23T23:52:01.947893+00:00,2020-03-16,2020-09-11,28,-0.593663
2026-07-23T23:52:02.113963+00:00,2020-03-17,2020-09-12,106,0.598504
2026-07-23T23:52:02.280101+00:00,2020-03-18,2020-09-13,106,0.614426
2026-07-23T23:52:02.447236+00:00,2020-03-19,2020-09-14,106,0.633877
2026-07-23T23:52:02.613036+00:00,2020-03-20,2020-09-15,106,0.66235
2026-07-23T23:52:02.779278+00:00,2020-03-21,2020-09-16,106,0.670243
2026-07-23T23:52:02.944822+00:00,2020-03-22,2020-09-17,106,0.6769
2026-07-23T23:52:03.109444+00:00,2020-03-23,2020-09-18,106,0.678075
2026-07-23T23:52:03.274621+00:00,2020-03-24,2020-09-19,105,0.677549
2026-07-23T23:52:03.440653+00:00,2020-03-25,2020-09-20,106,0.687101
2026-07-23T23:52:03.607095+00:00,2020-03-26,2020-09-21,106,0.697499
2026-07-23T23:52:03.773470+00:00,2020-03-27,2020-09-22,106,0.70798
2026-07-23T23:52:03.938757+00:00,2020-03-28,2020-09-23,106,0.712524
2026-07-23T23:52:04.101509+00:00,2020-03-29,2020-09-24,106,0.719038
2026-07-23T23:52:04.268059+00:00,2020-03-30,2020-09-25,106,0.726208
2026-07-23T23:52:04.433425+00:00,2020-03-31,2020-09-26,106,0.737116
2026-07-23T23:52:04.599704+00:00,2020-04-01,2020-09-27,106,0.744442
2026-07-23T23:52:04.766137+00:00,2020-04-02,2020-09-28,106,0.748359
2026-07-23T23:52:04.932490+00:00,2020-04-03,2020-09-29,106,0.749632
2026-07-23T23:52:05.098975+00:00,2020-04-04,2020-09-30,106,0.750646
2026-07-23T23:52:05.267549+00:00,2020-04-05,2020-10-01,106,0.751519
2026-07-23T23:52:05.435449+00:00,2020-04-06,2020-10-02,106,0.746484
2026-07-23T23:52:05.602665+00:00,2020-04-07,2020-10-03,106,0.73967
2026-07-23T23:52:05.769972+00:00,2020-04-08,2020-10-04,106,0.735894
2026-07-23T23:52:05.937718+00:00,2020-04-09,2020-10-05,106,0.731843
2026-07-23T23:52:06.104450+00:00,2020-04-10,2020-10-06,106,0.720574
2026-07-23T23:52:06.273454+00:00,2020-04-11,2020-10-07,106,0.705732
2026-07-23T23:52:06.441814+00:00,2020-04-12,2020-10-08,29,-0.687137
2026-07-23T23:52:06.610241+00:00,2020-04-13,2020-10-09,29,-0.624855
2026-07-23T23:52:06.776094+00:00,2020-04-14,2020-10-10,29,-0.572851
2026-07-23T23:52:06.942289+00:00,2020-04-15,2020-10-11,-140,0.568163
2026-07-23T23:52:07.109151+00:00,2020-04-16,2020-10-12,150,-0.59253
2026-07-23T23:52:07.279357+00:00,2020-04-17,2020-10-13,-140,0.572091
2026-07-23T23:52:07.446894+00:00,2020-04-18,2020-10-14,-140,0.575311
2026-07-23T23:52:07.614279+00:00,2020-04-19,2020-10-15,-140,0.579514
2026-07-23T23:52:07.779906+00:00,2020-04-20,2020-10-16,-141,0.585999
2026-07-23T23:52:07.945819+00:00,2020-04-21,2020-10-17,-141,0.594004
2026-07-23T23:52:08.112820+00:00,2020-04-22,2020-10-18,-143,0.621309
2026-07-23T23:52:08.279993+00:00,2020-04-23,2020-10-19,-143,0.6607
2026-07-23T23:52:08.447245+00:00,2020-04-24,2020-10-20,-143,0.710347
2026-07-23T23:52:08.615211+00:00,2020-04-25,2020-10-21,-143,0.767613
2026-07-23T23:52:08.782089+00:00,2020-04-26,2020-10-22,-144,0.78095
2026-07-23T23:52:08.947842+00:00,2020-04-27,2020-10-23,-143,0.765329
2026-07-23T23:52:09.111754+00:00,2020-04-28,2020-10-24,115,-0.761911
2026-07-23T23:52:09.278111+00:00,2020-04-29,2020-10-25,115,-0.792045
2026-07-23T23:52:09.443558+00:00,2020-04-30,2020-10-26,115,-0.810522
2026-07-23T23:52:09.606463+00:00,2020-05-01,2020-10-27,115,-0.79863
2026-07-23T23:52:09.774547+00:00,2020-05-02,2020-10-28,115,-0.808402
2026-07-23T23:52:09.942113+00:00,2020-05-03,2020-10-29,118,-0.816104
2026-07-23T23:52:10.110307+00:00,2020-05-04,2020-10-30,121,-0.833391
2026-07-23T23:52:10.277237+00:00,2020-05-05,2020-10-31,121,-0.841964
2026-07-23T23:52:10.445859+00:00,2020-05-06,2020-11-01,118,-0.816712
2026-07-23T23:52:10.608506+00:00,2020-05-07,2020-11-02,-145,0.806824
2026-07-23T23:52:10.774762+00:00,2020-05-08,2020-11-03,-145,0.818454
2026-07-23T23:52:10.941378+00:00,2020-05-09,2020-11-04,-145,0.825799
2026-07-23T23:52:11.108806+00:00,2020-05-10,2020-11-05,-145,0.829595
2026-07-23T23:52:11.275672+00:00,2020-05-11,2020-11-06,-145,0.830636
2026-07-23T23:52:11.444015+00:00,2020-05-12,2020-11-07,-145,0.827345
2026-07-23T23:52:11.611842+00:00,2020-05-13,2020-11-08,-145,0.816656
2026-07-23T23:52:11.778812+00:00,2020-05-14,2020-11-09,-145,0.818418
2026-07-23T23:52:11.946156+00:00,2020-05-15,2020-11-10,121,-0.822756
2026-07-23T23:52:12.114446+00:00,2020-05-16,2020-11-11,121,-0.82779
2026-07-23T23:52:12.282292+00:00,2020-05-17,2020-11-12,121,-0.831945
2026-07-23T23:52:12.443450+00:00,2020-05-18,2020-11-13,121,-0.834332
2026-07-23T23:52:12.604914+00:00,2020-05-19,2020-11-14,121,-0.834322
2026-07-23T23:52:12.770525+00:00,2020-05-20,2020-11-15,-145,0.849938
2026-07-23T23:52:12.936578+00:00,2020-05-21,2020-11-16,-145,0.851147
2026-07-23T23:52:13.104226+00:00,2020-05-22,2020-11-17,-145,0.852413
2026-07-23T23:52:13.270645+00:00,2020-05-23,2020-11-18,-145,0.84452
2026-07-23T23:52:13.437205+00:00,2020-05-24,2020-11-19,-145,0.845015
2026-07-23T23:52:13.603747+00:00,2020-05-25,2020-11-20,-145,0.84606
2026-07-23T23:52:13.770716+00:00,2020-05-26,2020-11-21,-145,0.82137
2026-07-23T23:52:13.935236+00:00,2020-05-27,2020-11-22,-145,0.795894
2026-07-23T23:52:14.098655+00:00,2020-05-28,2020-11-23,-145,0.79359
2026-07-23T23:52:14.261220+00:00,2020-05-29,2020-11-24,-145,0.765961
2026-07-23T23:52:14.428211+00:00,2020-05-30,2020-11-25,-144,0.723203
2026-07-23T23:52:14.597194+00:00,2020-05-31,2020-11-26,69,0.690637
2026-07-23T23:52:14.763420+00:00,2020-06-01,2020-11-27,72,0.69667
2026-07-23T23:52:14.930428+00:00,2020-06-02,2020-11-28,74,0.70593
2026-07-23T23:52:15.096335+00:00,2020-06-03,2020-11-29,76,0.716327
2026-07-23T23:52:15.263488+00:00,2020-06-04,2020-11-30,75,0.732744
2026-07-23T23:52:15.430445+00:00,2020-06-05,2020-12-01,74,0.744951
2026-07-23T23:52:15.597114+00:00,2020-06-06,2020-12-02,74,0.752604
2026-07-23T23:52:15.763918+00:00,2020-06-07,2020-12-03,76,0.759415
2026-07-23T23:52:15.929229+00:00,2020-06-08,2020-12-04,76,0.76751
2026-07-23T23:52:16.096503+00:00,2020-06-09,2020-12-05,76,0.773304
2026-07-23T23:52:16.264678+00:00,2020-06-10,2020-12-06,76,0.775236
2026-07-23T23:52:16.433763+00:00,2020-06-11,2020-12-07,76,0.77515
2026-07-23T23:52:16.600469+00:00,2020-06-12,2020-12-08,75,0.77336
2026-07-23T23:52:16.768529+00:00,2020-06-13,2020-12-09,75,0.771798
2026-07-23T23:52:16.934383+00:00,2020-06-14,2020-12-10,75,0.769274
2026-07-23T23:52:17.101458+00:00,2020-06-15,2020-12-11,75,0.766719
2026-07-23T23:52:17.270086+00:00,2020-06-16,2020-12-12,75,0.762417
2026-07-23T23:52:17.436335+00:00,2020-06-17,2020-12-13,75,0.758133
2026-07-23T23:52:17.604258+00:00,2020-06-18,2020-12-14,74,0.754682
2026-07-23T23:52:17.771296+00:00,2020-06-19,2020-12-15,74,0.752654
2026-07-23T23:52:17.939140+00:00,2020-06-20,2020-12-16,74,0.750655
2026-07-23T23:52:18.106496+00:00,2020-06-21,2020-12-17,74,0.748404
2026-07-23T23:52:18.272867+00:00,2020-06-22,2020-12-18,74,0.744864
2026-07-23T23:52:18.440305+00:00,2020-06-23,2020-12-19,74,0.738865
2026-07-23T23:52:18.608625+00:00,2020-06-24,2020-12-20,74,0.732964
2026-07-23T23:52:18.776877+00:00,2020-06-25,2020-12-21,74,0.729998
2026-07-23T23:52:18.944434+00:00,2020-06-26,2020-12-22,74,0.726976
2026-07-23T23:52:19.110360+00:00,2020-06-27,2020-12-23,-146,-0.732101
2026-07-23T23:52:19.275949+00:00,2020-06-28,2020-12-24,-146,-0.781662
2026-07-23T23:52:19.441786+00:00,2020-06-29,2020-12-25,-146,-0.808078
2026-07-23T23:52:19.602904+00:00,2020-06-30,2020-12-26,-146,-0.818382
2026-07-23T23:52:19.766132+00:00,2020-07-01,2020-12-27,-146,-0.810746
2026-07-23T23:52:19.932764+00:00,2020-07-02,2020-12-28,-146,-0.800808
2026-07-23T23:52:20.100371+00:00,2020-07-03,2020-12-29,-146,-0.796852
2026-07-23T23:52:20.268679+00:00,2020-07-04,2020-12-30,-122,0.778676
2026-07-23T23:52:20.436328+00:00,2020-07-05,2020-12-31,-146,-0.774874
2026-07-23T23:52:20.599850+00:00,2020-07-06,2021-01-01,139,-0.778588
2026-07-23T23:52:20.767597+00:00,2020-07-07,2021-01-02,139,-0.795328
2026-07-23T23:52:20.935550+00:00,2020-07-08,2021-01-03,138,-0.81647
2026-07-23T23:52:21.102887+00:00,2020-07-09,2021-01-04,138,-0.823488
2026-07-23T23:52:21.269700+00:00,2020-07-10,2021-01-05,138,-0.838215
2026-07-23T23:52:21.436901+00:00,2020-07-11,2021-01-06,137,-0.845534
2026-07-23T23:52:21.605328+00:00,2020-07-12,2021-01-07,137,-0.854959
2026-07-23T23:52:21.772072+00:00,2020-07-13,2021-01-08,137,-0.860453
2026-07-23T23:52:21.938721+00:00,2020-07-14,2021-01-09,136,-0.865921
2026-07-23T23:52:22.106832+00:00,2020-07-15,2021-01-10,135,-0.879399
2026-07-23T23:52:22.275433+00:00,2020-07-16,2021-01-11,133,-0.902241
2026-07-23T23:52:22.442948+00:00,2020-07-17,2021-01-12,133,-0.903591
2026-07-23T23:52:22.609809+00:00,2020-07-18,2021-01-13,132,-0.900837
2026-07-23T23:52:22.776635+00:00,2020-07-19,2021-01-14,131,-0.884607
2026-07-23T23:52:22.944444+00:00,2020-07-20,2021-01-15,131,-0.846519
2026-07-23T23:52:23.111985+00:00,2020-07-21,2021-01-16,131,-0.798177
2026-07-23T23:52:23.280219+00:00,2020-07-22,2021-01-17,-122,0.759583
2026-07-23T23:52:23.446736+00:00,2020-07-23,2021-01-18,-119,0.760276
2026-07-23T23:52:23.614453+00:00,2020-07-24,2021-01-19,-119,0.761701
2026-07-23T23:52:23.783270+00:00,2020-07-25,2021-01-20,-119,0.765108
2026-07-23T23:52:23.950467+00:00,2020-07-26,2021-01-21,-119,0.763435
2026-07-23T23:52:24.116513+00:00,2020-07-27,2021-01-22,-119,0.761641
2026-07-23T23:52:24.281421+00:00,2020-07-28,2021-01-23,-119,0.760211
2026-07-23T23:52:24.447505+00:00,2020-07-29,2021-01-24,-119,0.762313
2026-07-23T23:52:24.614469+00:00,2020-07-30,2021-01-25,-118,0.759563
2026-07-23T23:52:24.782279+00:00,2020-07-31,2021-01-26,-118,0.748881
2026-07-23T23:52:24.949790+00:00,2020-08-01,2021-01-27,-117,0.729427
2026-07-23T23:52:25.116459+00:00,2020-08-02,2021-01-28,-117,0.716593
2026-07-23T23:52:25.283722+00:00,2020-08-03,2021-01-29,-117,0.690956
2026-07-23T23:52:25.450389+00:00,2020-08-04,2021-01-30,-117,0.668607
2026-07-23T23:52:25.616044+00:00,2020-08-05,2021-01-31,-64,-0.6956
2026-07-23T23:52:25.782484+00:00,2020-08-06,2021-02-01,-64,-0.710301
2026-07-23T23:52:25.947036+00:00,2020-08-07,2021-02-02,-64,-0.729955
2026-07-23T23:52:26.112127+00:00,2020-08-08,2021-02-03,-64,-0.744841
2026-07-23T23:52:26.277559+00:00,2020-08-09,2021-02-04,-64,-0.758084
2026-07-23T23:52:26.444206+00:00,2020-08-10,2021-02-05,-64,-0.760801
2026-07-23T23:52:26.610582+00:00,2020-08-11,2021-02-06,-64,-0.760955
2026-07-23T23:52:26.776889+00:00,2020-08-12,2021-02-07,-65,-0.761426
2026-07-23T23:52:26.943994+00:00,2020-08-13,2021-02-08,-67,-0.760781
2026-07-23T23:52:27.111289+00:00,2020-08-14,2021-02-09,-67,-0.763166
2026-07-23T23:52:27.278177+00:00,2020-08-15,2021-02-10,-67,-0.768944
2026-07-23T23:52:27.444478+00:00,2020-08-16,2021-02-11,-68,-0.772698
2026-07-23T23:52:27.612314+00:00,2020-08-17,2021-02-12,-68,-0.765616
2026-07-23T23:52:27.778769+00:00,2020-08-18,2021-02-13,-68,-0.756234
2026-07-23T23:52:27.941433+00:00,2020-08-19,2021-02-14,-69,-0.742118
2026-07-23T23:52:28.103283+00:00,2020-08-20,2021-02-15,150,-0.748161
2026-07-23T23:52:28.265592+00:00,2020-08-21,2021-02-16,149,-0.764012
2026-07-23T23:52:28.428193+00:00,2020-08-22,2021-02-17,150,-0.784613
2026-07-23T23:52:28.592751+00:00,2020-08-23,2021-02-18,149,-0.789728
2026-07-23T23:52:28.759878+00:00,2020-08-24,2021-02-19,148,-0.790337
2026-07-23T23:52:28.925779+00:00,2020-08-25,2021-02-20,148,-0.779039
2026-07-23T23:52:29.091970+00:00,2020-08-26,2021-02-21,130,0.768832
2026-07-23T23:52:29.259286+00:00,2020-08-27,2021-02-22,129,0.783264
2026-07-23T23:52:29.425184+00:00,2020-08-28,2021-02-23,-101,-0.751794
2026-07-23T23:52:29.588115+00:00,2020-08-29,2021-02-24,-101,-0.745341
2026-07-23T23:52:29.751534+00:00,2020-08-30,2021-02-25,-101,-0.734746
2026-07-23T23:52:29.917767+00:00,2020-08-31,2021-02-26,-101,-0.732401
2026-07-23T23:52:30.084463+00:00,2020-09-01,2021-02-27,-101,-0.730947
2026-07-23T23:52:30.253074+00:00,2020-09-02,2021-02-28,-101,-0.729152
2026-07-23T23:52:30.419928+00:00,2020-09-03,2021-03-01,-101,-0.726972
2026-07-23T23:52:30.583905+00:00,2020-09-04,2021-03-02,-102,-0.702283
2026-07-23T23:52:30.748422+00:00,2020-09-05,2021-03-03,150,-0.747339
2026-07-23T23:52:30.915084+00:00,2020-09-06,2021-03-04,150,-0.774204
2026-07-23T23:52:31.083151+00:00,2020-09-07,2021-03-05,-144,0.768813
2026-07-23T23:52:31.250224+00:00,2020-09-08,2021-03-06,-145,0.745135
2026-07-23T23:52:31.418202+00:00,2020-09-09,2021-03-07,150,-0.713796
2026-07-23T23:52:31.585832+00:00,2020-09-10,2021-03-08,144,-0.713217
2026-07-23T23:52:31.752502+00:00,2020-09-11,2021-03-09,-138,0.73565
2026-07-23T23:52:31.919965+00:00,2020-09-12,2021-03-10,-138,0.759955
2026-07-23T23:52:32.087875+00:00,2020-09-13,2021-03-11,-138,0.778297
2026-07-23T23:52:32.254044+00:00,2020-09-14,2021-03-12,-138,0.791825
2026-07-23T23:52:32.421953+00:00,2020-09-15,2021-03-13,-138,0.802283
2026-07-23T23:52:32.589006+00:00,2020-09-16,2021-03-14,-134,0.791514
2026-07-23T23:52:32.756138+00:00,2020-09-17,2021-03-15,-135,0.794958
2026-07-23T23:52:32.923697+00:00,2020-09-18,2021-03-16,-136,0.783736
2026-07-23T23:52:33.091880+00:00,2020-09-19,2021-03-17,-144,0.780986
2026-07-23T23:52:33.259589+00:00,2020-09-20,2021-03-18,-144,0.780252
2026-07-23T23:52:33.423115+00:00,2020-09-21,2021-03-19,-144,0.774286
2026-07-23T23:52:33.590779+00:00,2020-09-22,2021-03-20,-129,0.77465
2026-07-23T23:52:33.757698+00:00,2020-09-23,2021-03-21,-129,0.778026
2026-07-23T23:52:33.921781+00:00,2020-09-24,2021-03-22,-129,0.778668
2026-07-23T23:52:34.084589+00:00,2020-09-25,2021-03-23,-130,0.777201
2026-07-23T23:52:34.246782+00:00,2020-09-26,2021-03-24,-130,0.772939
2026-07-23T23:52:34.409987+00:00,2020-09-27,2021-03-25,-131,0.758393
2026-07-23T23:52:34.574682+00:00,2020-09-28,2021-03-26,-132,0.736055
2026-07-23T23:52:34.737515+00:00,2020-09-29,2021-03-27,-133,0.70956
2026-07-23T23:52:34.902770+00:00,2020-09-30,2021-03-28,-133,0.699239
2026-07-23T23:52:35.070512+00:00,2020-10-01,2021-03-29,-133,0.693341
2026-07-23T23:52:35.237748+00:00,2020-10-02,2021-03-30,-133,0.688922
2026-07-23T23:52:35.405515+00:00,2020-10-03,2021-03-31,-133,0.673313
2026-07-23T23:52:35.572346+00:00,2020-10-04,2021-04-01,-133,0.655809
2026-07-23T23:52:35.737861+00:00,2020-10-05,2021-04-02,-133,0.636341
2026-07-23T23:52:35.904845+00:00,2020-10-06,2021-04-03,-133,0.596032
2026-07-23T23:52:36.071713+00:00,2020-10-07,2021-04-04,1,0.567981
2026-07-23T23:52:36.237785+00:00,2020-10-08,2021-04-05,-145,-0.583887
2026-07-23T23:52:36.404735+00:00,2020-10-09,2021-04-06,-144,-0.628004
2026-07-23T23:52:36.571643+00:00,2020-10-10,2021-04-07,-143,-0.62812
2026-07-23T23:52:36.737476+00:00,2020-10-11,2021-04-08,-144,-0.63156
2026-07-23T23:52:36.904580+00:00,2020-10-12,2021-04-09,-144,-0.640905
2026-07-23T23:52:37.068926+00:00,2020-10-13,2021-04-10,-144,-0.64599
2026-07-23T23:52:37.237626+00:00,2020-10-14,2021-04-11,-144,-0.647439
2026-07-23T23:52:37.404408+00:00,2020-10-15,2021-04-12,-144,-0.647263
2026-07-23T23:52:37.572184+00:00,2020-10-16,2021-04-13,-144,-0.647876
2026-07-23T23:52:37.740460+00:00,2020-10-17,2021-04-14,-144,-0.59911
2026-07-23T23:52:37.908534+00:00,2020-10-18,2021-04-15,-136,0.593891
2026-07-23T23:52:38.075884+00:00,2020-10-19,2021-04-16,-136,0.614777
2026-07-23T23:52:38.243408+00:00,2020-10-20,2021-04-17,-137,0.629459
2026-07-23T23:52:38.411915+00:00,2020-10-21,2021-04-18,-138,0.644999
2026-07-23T23:52:38.578904+00:00,2020-10-22,2021-04-19,-139,0.656541
2026-07-23T23:52:38.745784+00:00,2020-10-23,2021-04-20,145,0.690462
2026-07-23T23:52:38.913636+00:00,2020-10-24,2021-04-21,144,0.737873
2026-07-23T23:52:39.078812+00:00,2020-10-25,2021-04-22,145,0.750765
2026-07-23T23:52:39.244735+00:00,2020-10-26,2021-04-23,145,0.751953
2026-07-23T23:52:39.410198+00:00,2020-10-27,2021-04-24,-123,-0.764007
2026-07-23T23:52:39.572990+00:00,2020-10-28,2021-04-25,145,0.785747
2026-07-23T23:52:39.739191+00:00,2020-10-29,2021-04-26,144,0.828264
2026-07-23T23:52:39.907512+00:00,2020-10-30,2021-04-27,144,0.839964
2026-07-23T23:52:40.076083+00:00,2020-10-31,2021-04-28,144,0.846903
2026-07-23T23:52:40.242847+00:00,2020-11-01,2021-04-29,144,0.865466
2026-07-23T23:52:40.413293+00:00,2020-11-02,2021-04-30,144,0.882496
2026-07-23T23:52:40.581156+00:00,2020-11-03,2021-05-01,144,0.864538
2026-07-23T23:52:40.746158+00:00,2020-11-04,2021-05-02,144,0.83579
2026-07-23T23:52:40.908904+00:00,2020-11-05,2021-05-03,144,0.815008
2026-07-23T23:52:41.077307+00:00,2020-11-06,2021-05-04,144,0.799016
2026-07-23T23:52:41.244142+00:00,2020-11-07,2021-05-05,144,0.787449
2026-07-23T23:52:41.410840+00:00,2020-11-08,2021-05-06,144,0.778636
2026-07-23T23:52:41.578010+00:00,2020-11-09,2021-05-07,144,0.774632
2026-07-23T23:52:41.746493+00:00,2020-11-10,2021-05-08,144,0.768071
2026-07-23T23:52:41.912663+00:00,2020-11-11,2021-05-09,144,0.757264
2026-07-23T23:52:42.080553+00:00,2020-11-12,2021-05-10,-145,0.794731
2026-07-23T23:52:42.249667+00:00,2020-11-13,2021-05-11,-144,0.818247
2026-07-23T23:52:42.416690+00:00,2020-11-14,2021-05-12,-144,0.819319
2026-07-23T23:52:42.582248+00:00,2020-11-15,2021-05-13,-144,0.812817
2026-07-23T23:52:42.748095+00:00,2020-11-16,2021-05-14,-144,0.80418
2026-07-23T23:52:42.914367+00:00,2020-11-17,2021-05-15,-144,0.794418
2026-07-23T23:52:43.082545+00:00,2020-11-18,2021-05-16,-144,0.790095
2026-07-23T23:52:43.248496+00:00,2020-11-19,2021-05-17,-144,0.787467
2026-07-23T23:52:43.417136+00:00,2020-11-20,2021-05-18,-144,0.787034
2026-07-23T23:52:43.583578+00:00,2020-11-21,2021-05-19,-144,0.790422
2026-07-23T23:52:43.751145+00:00,2020-11-22,2021-05-20,-144,0.791681
2026-07-23T23:52:43.918559+00:00,2020-11-23,2021-05-21,-144,0.791683
2026-07-23T23:52:44.085070+00:00,2020-11-24,2021-05-22,-144,0.789067
2026-07-23T23:52:44.249456+00:00,2020-11-25,2021-05-23,-126,-0.792963
2026-07-23T23:52:44.416084+00:00,2020-11-26,2021-05-24,-126,-0.790494
2026-07-23T23:52:44.581264+00:00,2020-11-27,2021-05-25,-126,-0.781732
2026-07-23T23:52:44.743509+00:00,2020-11-28,2021-05-26,-144,0.763898
2026-07-23T23:52:44.910867+00:00,2020-11-29,2021-05-27,-144,0.736008
2026-07-23T23:52:45.077867+00:00,2020-11-30,2021-05-28,-146,0.706553
2026-07-23T23:52:45.245387+00:00,2020-12-01,2021-05-29,-145,0.686926
2026-07-23T23:52:45.413289+00:00,2020-12-02,2021-05-30,-144,0.63253
2026-07-23T23:52:45.580777+00:00,2020-12-03,2021-05-31,-143,0.580446
2026-07-23T23:52:45.746460+00:00,2020-12-04,2021-06-01,148,-0.579093
2026-07-23T23:52:45.915428+00:00,2020-12-05,2021-06-02,147,-0.626738
2026-07-23T23:52:46.083056+00:00,2020-12-06,2021-06-03,146,-0.664795
2026-07-23T23:52:46.250335+00:00,2020-12-07,2021-06-04,145,-0.649332
2026-07-23T23:52:46.417662+00:00,2020-12-08,2021-06-05,144,-0.623549
2026-07-23T23:52:46.584910+00:00,2020-12-09,2021-06-06,-118,0.634406
2026-07-23T23:52:46.750730+00:00,2020-12-10,2021-06-07,-117,0.657999
2026-07-23T23:52:46.916318+00:00,2020-12-11,2021-06-08,-116,0.65972
2026-07-23T23:52:47.082920+00:00,2020-12-12,2021-06-09,-116,0.659017
2026-07-23T23:52:47.252571+00:00,2020-12-13,2021-06-10,-116,0.656724
2026-07-23T23:52:47.418411+00:00,2020-12-14,2021-06-11,-116,0.654187
2026-07-23T23:52:47.584663+00:00,2020-12-15,2021-06-12,-116,0.652375
2026-07-23T23:52:47.752063+00:00,2020-12-16,2021-06-13,-116,0.653606
2026-07-23T23:52:47.918665+00:00,2020-12-17,2021-06-14,-117,0.64911
2026-07-23T23:52:48.086713+00:00,2020-12-18,2021-06-15,-118,0.637022
2026-07-23T23:52:48.253477+00:00,2020-12-19,2021-06-16,-119,0.631526
2026-07-23T23:52:48.420784+00:00,2020-12-20,2021-06-17,-120,0.641841
2026-07-23T23:52:48.587161+00:00,2020-12-21,2021-06-18,-150,0.665005
2026-07-23T23:52:48.752902+00:00,2020-12-22,2021-06-19,137,0.665423
2026-07-23T23:52:48.917031+00:00,2020-12-23,2021-06-20,136,0.71222
2026-07-23T23:52:49.083825+00:00,2020-12-24,2021-06-21,136,0.74283
2026-07-23T23:52:49.248840+00:00,2020-12-25,2021-06-22,136,0.755519
2026-07-23T23:52:49.415852+00:00,2020-12-26,2021-06-23,135,0.764878
2026-07-23T23:52:49.577479+00:00,2020-12-27,2021-06-24,135,0.772066
2026-07-23T23:52:49.740087+00:00,2020-12-28,2021-06-25,135,0.764806
2026-07-23T23:52:49.907743+00:00,2020-12-29,2021-06-26,135,0.762951
2026-07-23T23:52:50.074393+00:00,2020-12-30,2021-06-27,136,0.721967
2026-07-23T23:52:50.241973+00:00,2020-12-31,2021-06-28,137,0.606896
2026-07-23T23:52:50.409492+00:00,2021-01-01,2021-06-29,150,-0.678293
2026-07-23T23:52:50.576018+00:00,2021-01-02,2021-06-30,150,-0.727063
2026-07-23T23:52:50.743640+00:00,2021-01-03,2021-07-01,150,-0.770347
2026-07-23T23:52:50.909400+00:00,2021-01-04,2021-07-02,150,-0.796969
2026-07-23T23:52:51.074849+00:00,2021-01-05,2021-07-03,150,-0.819469
2026-07-23T23:52:51.241847+00:00,2021-01-06,2021-07-04,150,-0.829315
2026-07-23T23:52:51.409494+00:00,2021-01-07,2021-07-05,150,-0.820946
2026-07-23T23:52:51.577152+00:00,2021-01-08,2021-07-06,150,-0.824173
2026-07-23T23:52:51.745966+00:00,2021-01-09,2021-07-07,150,-0.802748
2026-07-23T23:52:51.914256+00:00,2021-01-10,2021-07-08,150,-0.751071
2026-07-23T23:52:52.082095+00:00,2021-01-11,2021-07-09,149,-0.702438
2026-07-23T23:52:52.250463+00:00,2021-01-12,2021-07-10,149,-0.687854
2026-07-23T23:52:52.417811+00:00,2021-01-13,2021-07-11,149,-0.665075
2026-07-23T23:52:52.584891+00:00,2021-01-14,2021-07-12,149,-0.641625
2026-07-23T23:52:52.750212+00:00,2021-01-15,2021-07-13,-139,0.613418
2026-07-23T23:52:52.917455+00:00,2021-01-16,2021-07-14,-139,0.680639
2026-07-23T23:52:53.084709+00:00,2021-01-17,2021-07-15,-139,0.699202
2026-07-23T23:52:53.251992+00:00,2021-01-18,2021-07-16,-139,0.687522
2026-07-23T23:52:53.418835+00:00,2021-01-19,2021-07-17,-140,0.669074
2026-07-23T23:52:53.587161+00:00,2021-01-20,2021-07-18,-141,0.633256
2026-07-23T23:52:53.756330+00:00,2021-01-21,2021-07-19,-137,0.62786
2026-07-23T23:52:53.924677+00:00,2021-01-22,2021-07-20,-138,0.639366
2026-07-23T23:52:54.092897+00:00,2021-01-23,2021-07-21,-139,0.671209
2026-07-23T23:52:54.261972+00:00,2021-01-24,2021-07-22,-139,0.689141
2026-07-23T23:52:54.430877+00:00,2021-01-25,2021-07-23,-141,0.688625
2026-07-23T23:52:54.597708+00:00,2021-01-26,2021-07-24,-139,0.714926
2026-07-23T23:52:54.762248+00:00,2021-01-27,2021-07-25,-139,0.723767
2026-07-23T23:52:54.929289+00:00,2021-01-28,2021-07-26,-139,0.730326
2026-07-23T23:52:55.096849+00:00,2021-01-29,2021-07-27,-139,0.732192
2026-07-23T23:52:55.263369+00:00,2021-01-30,2021-07-28,-139,0.733675
2026-07-23T23:52:55.430413+00:00,2021-01-31,2021-07-29,-139,0.738365
2026-07-23T23:52:55.597207+00:00,2021-02-01,2021-07-30,-139,0.742503
2026-07-23T23:52:55.763514+00:00,2021-02-02,2021-07-31,-139,0.730965
2026-07-23T23:52:55.931642+00:00,2021-02-03,2021-08-01,-139,0.712379
2026-07-23T23:52:56.100328+00:00,2021-02-04,2021-08-02,-142,0.70283
2026-07-23T23:52:56.267951+00:00,2021-02-05,2021-08-03,-138,0.69651
2026-07-23T23:52:56.435475+00:00,2021-02-06,2021-08-04,-138,0.6879
2026-07-23T23:52:56.603065+00:00,2021-02-07,2021-08-05,-138,0.672558
2026-07-23T23:52:56.770322+00:00,2021-02-08,2021-08-06,-138,0.660213
2026-07-23T23:52:56.942025+00:00,2021-02-09,2021-08-07,-139,0.630473
2026-07-23T23:52:57.107086+00:00,2021-02-10,2021-08-08,-107,-0.592765
2026-07-23T23:52:57.275109+00:00,2021-02-11,2021-08-09,150,-0.609071
2026-07-23T23:52:57.439696+00:00,2021-02-12,2021-08-10,150,-0.635339
2026-07-23T23:52:57.605162+00:00,2021-02-13,2021-08-11,150,-0.666986
2026-07-23T23:52:57.772992+00:00,2021-02-14,2021-08-12,150,-0.716662
2026-07-23T23:52:57.941159+00:00,2021-02-15,2021-08-13,149,-0.749724
2026-07-23T23:52:58.108227+00:00,2021-02-16,2021-08-14,150,-0.781196
2026-07-23T23:52:58.275479+00:00,2021-02-17,2021-08-15,149,-0.812858
2026-07-23T23:52:58.443919+00:00,2021-02-18,2021-08-16,148,-0.846254
2026-07-23T23:52:58.611131+00:00,2021-02-19,2021-08-17,148,-0.867119
2026-07-23T23:52:58.778298+00:00,2021-02-20,2021-08-18,147,-0.883512
2026-07-23T23:52:58.944728+00:00,2021-02-21,2021-08-19,147,-0.88123
2026-07-23T23:52:59.113023+00:00,2021-02-22,2021-08-20,147,-0.877065
2026-07-23T23:52:59.280576+00:00,2021-02-23,2021-08-21,147,-0.872278
2026-07-23T23:52:59.447479+00:00,2021-02-24,2021-08-22,147,-0.812254
2026-07-23T23:52:59.612944+00:00,2021-02-25,2021-08-23,148,-0.722639
2026-07-23T23:52:59.783156+00:00,2021-02-26,2021-08-24,147,-0.670609
2026-07-23T23:52:59.949284+00:00,2021-02-27,2021-08-25,147,-0.681104
2026-07-23T23:53:00.111374+00:00,2021-02-28,2021-08-26,147,-0.698124
2026-07-23T23:53:00.277209+00:00,2021-03-01,2021-08-27,150,-0.717517
2026-07-23T23:53:00.441642+00:00,2021-03-02,2021-08-28,150,-0.873218
2026-07-23T23:53:00.605676+00:00,2021-03-03,2021-08-29,150,-0.889744
2026-07-23T23:53:00.769957+00:00,2021-03-04,2021-08-30,150,-0.890624
2026-07-23T23:53:00.936054+00:00,2021-03-05,2021-08-31,150,-0.885341
2026-07-23T23:53:01.100848+00:00,2021-03-06,2021-09-01,150,-0.882338
2026-07-23T23:53:01.266618+00:00,2021-03-07,2021-09-02,150,-0.878418
2026-07-23T23:53:01.427892+00:00,2021-03-08,2021-09-03,150,-0.875307
2026-07-23T23:53:01.590577+00:00,2021-03-09,2021-09-04,-127,0.756691
2026-07-23T23:53:01.756769+00:00,2021-03-10,2021-09-05,-127,0.737912
2026-07-23T23:53:01.921595+00:00,2021-03-11,2021-09-06,-128,0.708476
2026-07-23T23:53:02.084901+00:00,2021-03-12,2021-09-07,134,0.708233
2026-07-23T23:53:02.250282+00:00,2021-03-13,2021-09-08,135,0.709435
2026-07-23T23:53:02.414191+00:00,2021-03-14,2021-09-09,140,0.708847
2026-07-23T23:53:02.576287+00:00,2021-03-15,2021-09-10,140,0.739108
2026-07-23T23:53:02.739143+00:00,2021-03-16,2021-09-11,140,0.755299
2026-07-23T23:53:02.901515+00:00,2021-03-17,2021-09-12,141,0.753937
2026-07-23T23:53:03.069544+00:00,2021-03-18,2021-09-13,138,0.743662
2026-07-23T23:53:03.236391+00:00,2021-03-19,2021-09-14,137,0.736591
2026-07-23T23:53:03.400429+00:00,2021-03-20,2021-09-15,137,0.724249
2026-07-23T23:53:03.566920+00:00,2021-03-21,2021-09-16,135,0.718456
2026-07-23T23:53:03.733905+00:00,2021-03-22,2021-09-17,-148,-0.753297
2026-07-23T23:53:03.898965+00:00,2021-03-23,2021-09-18,-148,-0.787327
2026-07-23T23:53:04.073158+00:00,2021-03-24,2021-09-19,-148,-0.819386
2026-07-23T23:53:04.240412+00:00,2021-03-25,2021-09-20,-148,-0.842798
2026-07-23T23:53:04.408316+00:00,2021-03-26,2021-09-21,-148,-0.861547
2026-07-23T23:53:04.571337+00:00,2021-03-27,2021-09-22,-148,-0.882269
2026-07-23T23:53:04.738175+00:00,2021-03-28,2021-09-23,-150,-0.896742
2026-07-23T23:53:04.904285+00:00,2021-03-29,2021-09-24,-150,-0.900727
2026-07-23T23:53:05.069778+00:00,2021-03-30,2021-09-25,-150,-0.89827
2026-07-23T23:53:05.233663+00:00,2021-03-31,2021-09-26,-150,-0.877276
2026-07-23T23:53:05.395977+00:00,2021-04-01,2021-09-27,-150,-0.829175
2026-07-23T23:53:05.561419+00:00,2021-04-02,2021-09-28,-150,-0.720748
2026-07-23T23:53:05.728041+00:00,2021-04-03,2021-09-29,135,0.644398
2026-07-23T23:53:05.895897+00:00,2021-04-04,2021-09-30,135,0.645875
2026-07-23T23:53:06.063945+00:00,2021-04-05,2021-10-01,135,0.638454
2026-07-23T23:53:06.232888+00:00,2021-04-06,2021-10-02,135,0.62719
2026-07-23T23:53:06.400511+00:00,2021-04-07,2021-10-03,135,0.609746
2026-07-23T23:53:06.567238+00:00,2021-04-08,2021-10-04,135,0.591311
2026-07-23T23:53:06.735302+00:00,2021-04-09,2021-10-05,135,0.573296
2026-07-23T23:53:06.901602+00:00,2021-04-10,2021-10-06,135,0.55677
2026-07-23T23:53:07.069803+00:00,2021-04-11,2021-10-07,135,0.538426
2026-07-23T23:53:07.235090+00:00,2021-04-12,2021-10-08,135,0.527732
2026-07-23T23:53:07.401162+00:00,2021-04-13,2021-10-09,135,0.525224
2026-07-23T23:53:07.564392+00:00,2021-04-14,2021-10-10,135,0.526863
2026-07-23T23:53:07.726795+00:00,2021-04-15,2021-10-11,135,0.533034
2026-07-23T23:53:07.888703+00:00,2021-04-16,2021-10-12,135,0.536822
2026-07-23T23:53:08.055332+00:00,2021-04-17,2021-10-13,135,0.542962
2026-07-23T23:53:08.222429+00:00,2021-04-18,2021-10-14,135,0.558637
2026-07-23T23:53:08.390895+00:00,2021-04-19,2021-10-15,-142,0.619416
2026-07-23T23:53:08.558753+00:00,2021-04-20,2021-10-16,-142,0.645273
2026-07-23T23:53:08.725355+00:00,2021-04-21,2021-10-17,135,0.676673
2026-07-23T23:53:08.892488+00:00,2021-04-22,2021-10-18,135,0.694824
2026-07-23T23:53:09.059148+00:00,2021-04-23,2021-10-19,134,0.699518
2026-07-23T23:53:09.226671+00:00,2021-04-24,2021-10-20,144,-0.701796
2026-07-23T23:53:09.393916+00:00,2021-04-25,2021-10-21,144,-0.681443
2026-07-23T23:53:09.559584+00:00,2021-04-26,2021-10-22,143,-0.667277
2026-07-23T23:53:09.726364+00:00,2021-04-27,2021-10-23,142,-0.655584
2026-07-23T23:53:09.893664+00:00,2021-04-28,2021-10-24,143,-0.617038
2026-07-23T23:53:10.066054+00:00,2021-04-29,2021-10-25,-125,-0.655617
2026-07-23T23:53:10.234274+00:00,2021-04-30,2021-10-26,-124,-0.709412
2026-07-23T23:53:10.401590+00:00,2021-05-01,2021-10-27,144,-0.788197
2026-07-23T23:53:10.570170+00:00,2021-05-02,2021-10-28,144,-0.867004
2026-07-23T23:53:10.736801+00:00,2021-05-03,2021-10-29,144,-0.890677
2026-07-23T23:53:10.904378+00:00,2021-05-04,2021-10-30,144,-0.893163
2026-07-23T23:53:11.068699+00:00,2021-05-05,2021-10-31,144,-0.874303
2026-07-23T23:53:11.232351+00:00,2021-05-06,2021-11-01,144,-0.831148
2026-07-23T23:53:11.400503+00:00,2021-05-07,2021-11-02,143,-0.782134
2026-07-23T23:53:11.567712+00:00,2021-05-08,2021-11-03,143,-0.71804
2026-07-23T23:53:11.735957+00:00,2021-05-09,2021-11-04,142,-0.660182
2026-07-23T23:53:11.902835+00:00,2021-05-10,2021-11-05,143,-0.658654
2026-07-23T23:53:12.070428+00:00,2021-05-11,2021-11-06,142,-0.657981
2026-07-23T23:53:12.238967+00:00,2021-05-12,2021-11-07,141,-0.637824
2026-07-23T23:53:12.406727+00:00,2021-05-13,2021-11-08,141,-0.635368
2026-07-23T23:53:12.571400+00:00,2021-05-14,2021-11-09,140,-0.634416
2026-07-23T23:53:12.737838+00:00,2021-05-15,2021-11-10,141,-0.626953
2026-07-23T23:53:12.904287+00:00,2021-05-16,2021-11-11,141,-0.609107
2026-07-23T23:53:13.069923+00:00,2021-05-17,2021-11-12,141,-0.577328
2026-07-23T23:53:13.236888+00:00,2021-05-18,2021-11-13,101,0.53557
2026-07-23T23:53:13.403740+00:00,2021-05-19,2021-11-14,101,0.532274
2026-07-23T23:53:13.570148+00:00,2021-05-20,2021-11-15,102,0.529037
2026-07-23T23:53:13.737176+00:00,2021-05-21,2021-11-16,102,0.540089
2026-07-23T23:53:13.905708+00:00,2021-05-22,2021-11-17,103,0.557181
2026-07-23T23:53:14.074108+00:00,2021-05-23,2021-11-18,103,0.582477
2026-07-23T23:53:14.241564+00:00,2021-05-24,2021-11-19,150,0.618579
2026-07-23T23:53:14.403897+00:00,2021-05-25,2021-11-20,150,0.742685
2026-07-23T23:53:14.566654+00:00,2021-05-26,2021-11-21,150,0.802722
2026-07-23T23:53:14.732515+00:00,2021-05-27,2021-11-22,150,0.832485
2026-07-23T23:53:14.896254+00:00,2021-05-28,2021-11-23,150,0.867321
2026-07-23T23:53:15.060497+00:00,2021-05-29,2021-11-24,149,0.844981
2026-07-23T23:53:15.223359+00:00,2021-05-30,2021-11-25,149,0.845215
2026-07-23T23:53:15.384998+00:00,2021-05-31,2021-11-26,148,0.822141
2026-07-23T23:53:15.545045+00:00,2021-06-01,2021-11-27,147,0.818577
2026-07-23T23:53:15.705525+00:00,2021-06-02,2021-11-28,146,0.814129
2026-07-23T23:53:15.866895+00:00,2021-06-03,2021-11-29,146,0.780785
2026-07-23T23:53:16.033726+00:00,2021-06-04,2021-11-30,144,0.755684
2026-07-23T23:53:16.202046+00:00,2021-06-05,2021-12-01,-150,0.738196
2026-07-23T23:53:16.368670+00:00,2021-06-06,2021-12-02,-150,0.742328
2026-07-23T23:53:16.535165+00:00,2021-06-07,2021-12-03,-150,0.758319
2026-07-23T23:53:16.702923+00:00,2021-06-08,2021-12-04,-150,0.710221
2026-07-23T23:53:16.870670+00:00,2021-06-09,2021-12-05,-150,0.639089
2026-07-23T23:53:17.038362+00:00,2021-06-10,2021-12-06,123,-0.567714
2026-07-23T23:53:17.204538+00:00,2021-06-11,2021-12-07,-137,0.556346
2026-07-23T23:53:17.370711+00:00,2021-06-12,2021-12-08,-138,0.539624
2026-07-23T23:53:17.535965+00:00,2021-06-13,2021-12-09,-137,0.517195
2026-07-23T23:53:17.702599+00:00,2021-06-14,2021-12-10,150,-0.589012
2026-07-23T23:53:17.869024+00:00,2021-06-15,2021-12-11,150,-0.663237
2026-07-23T23:53:18.035393+00:00,2021-06-16,2021-12-12,150,-0.695272
2026-07-23T23:53:18.202766+00:00,2021-06-17,2021-12-13,150,-0.658493
2026-07-23T23:53:18.369167+00:00,2021-06-18,2021-12-14,-121,-0.578446
2026-07-23T23:53:18.536213+00:00,2021-06-19,2021-12-15,-120,-0.585414
2026-07-23T23:53:18.701347+00:00,2021-06-20,2021-12-16,-120,-0.595517
2026-07-23T23:53:18.866501+00:00,2021-06-21,2021-12-17,-120,-0.600567
2026-07-23T23:53:19.033718+00:00,2021-06-22,2021-12-18,-120,-0.599713
2026-07-23T23:53:19.198825+00:00,2021-06-23,2021-12-19,-120,-0.598143
2026-07-23T23:53:19.361364+00:00,2021-06-24,2021-12-20,-120,-0.598647
2026-07-23T23:53:19.525696+00:00,2021-06-25,2021-12-21,-120,-0.598578
2026-07-23T23:53:19.692770+00:00,2021-06-26,2021-12-22,-120,-0.600158
2026-07-23T23:53:19.859727+00:00,2021-06-27,2021-12-23,-121,-0.599615
2026-07-23T23:53:20.027658+00:00,2021-06-28,2021-12-24,-121,-0.594037
2026-07-23T23:53:20.195668+00:00,2021-06-29,2021-12-25,-123,-0.58429
2026-07-23T23:53:20.364148+00:00,2021-06-30,2021-12-26,-124,-0.565933
2026-07-23T23:53:20.532105+00:00,2021-07-01,2021-12-27,-125,-0.556001
2026-07-23T23:53:20.699653+00:00,2021-07-02,2021-12-28,120,0.608814
2026-07-23T23:53:20.866751+00:00,2021-07-03,2021-12-29,140,-0.673766
2026-07-23T23:53:21.033728+00:00,2021-07-04,2021-12-30,140,-0.707457
2026-07-23T23:53:21.201306+00:00,2021-07-05,2021-12-31,140,-0.741003
2026-07-23T23:53:21.368833+00:00,2021-07-06,2022-01-01,140,-0.774364
2026-07-23T23:53:21.535719+00:00,2021-07-07,2022-01-02,140,-0.795862
2026-07-23T23:53:21.701848+00:00,2021-07-08,2022-01-03,140,-0.805283
2026-07-23T23:53:21.865322+00:00,2021-07-09,2022-01-04,140,-0.826103
2026-07-23T23:53:22.031363+00:00,2021-07-10,2022-01-05,139,-0.83918
2026-07-23T23:53:22.198463+00:00,2021-07-11,2022-01-06,139,-0.848714
2026-07-23T23:53:22.365727+00:00,2021-07-12,2022-01-07,140,-0.852136
2026-07-23T23:53:22.531836+00:00,2021-07-13,2022-01-08,141,-0.825942
2026-07-23T23:53:22.698624+00:00,2021-07-14,2022-01-09,-141,0.811324
2026-07-23T23:53:22.865838+00:00,2021-07-15,2022-01-10,-141,0.816735
2026-07-23T23:53:23.031204+00:00,2021-07-16,2022-01-11,-141,0.838887
2026-07-23T23:53:23.193202+00:00,2021-07-17,2022-01-12,-141,0.842665
2026-07-23T23:53:23.361021+00:00,2021-07-18,2022-01-13,-141,0.80796
2026-07-23T23:53:23.524288+00:00,2021-07-19,2022-01-14,150,0.75788
2026-07-23T23:53:23.690883+00:00,2021-07-20,2022-01-15,150,0.780492
2026-07-23T23:53:23.857969+00:00,2021-07-21,2022-01-16,150,0.819465
2026-07-23T23:53:24.021379+00:00,2021-07-22,2022-01-17,150,0.79424
2026-07-23T23:53:24.186147+00:00,2021-07-23,2022-01-18,-93,0.665593
2026-07-23T23:53:24.352937+00:00,2021-07-24,2022-01-19,-93,0.675314
2026-07-23T23:53:24.524198+00:00,2021-07-25,2022-01-20,-93,0.677878
2026-07-23T23:53:24.687431+00:00,2021-07-26,2022-01-21,-146,-0.743525
2026-07-23T23:53:24.852429+00:00,2021-07-27,2022-01-22,-147,-0.786507
2026-07-23T23:53:25.015168+00:00,2021-07-28,2022-01-23,-148,-0.841239
2026-07-23T23:53:25.180696+00:00,2021-07-29,2022-01-24,-149,-0.862103
2026-07-23T23:53:25.348419+00:00,2021-07-30,2022-01-25,-149,-0.873372
2026-07-23T23:53:25.513275+00:00,2021-07-31,2022-01-26,-149,-0.871804
2026-07-23T23:53:25.679259+00:00,2021-08-01,2022-01-27,-149,-0.8635
2026-07-23T23:53:25.845660+00:00,2021-08-02,2022-01-28,-149,-0.864857
2026-07-23T23:53:26.012584+00:00,2021-08-03,2022-01-29,-150,-0.867174
2026-07-23T23:53:26.173926+00:00,2021-08-04,2022-01-30,-150,-0.867113
2026-07-23T23:53:26.334671+00:00,2021-08-05,2022-01-31,-150,-0.861511
2026-07-23T23:53:26.500856+00:00,2021-08-06,2022-02-01,-150,-0.834569
2026-07-23T23:53:26.665788+00:00,2021-08-07,2022-02-02,-150,-0.796853
2026-07-23T23:53:26.833275+00:00,2021-08-08,2022-02-03,-150,-0.744596
2026-07-23T23:53:26.998522+00:00,2021-08-09,2022-02-04,134,-0.676435
2026-07-23T23:53:27.161446+00:00,2021-08-10,2022-02-05,134,-0.651933
2026-07-23T23:53:27.328952+00:00,2021-08-11,2022-02-06,-144,-0.652164
2026-07-23T23:53:27.497035+00:00,2021-08-12,2022-02-07,-144,-0.645431
2026-07-23T23:53:27.663966+00:00,2021-08-13,2022-02-08,-144,-0.637093
2026-07-23T23:53:27.832186+00:00,2021-08-14,2022-02-09,-144,-0.631541
2026-07-23T23:53:27.998982+00:00,2021-08-15,2022-02-10,-144,-0.63247
2026-07-23T23:53:28.166829+00:00,2021-08-16,2022-02-11,-144,-0.617319
2026-07-23T23:53:28.333861+00:00,2021-08-17,2022-02-12,-145,-0.587768
2026-07-23T23:53:28.501310+00:00,2021-08-18,2022-02-13,-145,-0.534085
2026-07-23T23:53:28.668996+00:00,2021-08-19,2022-02-14,61,0.518918
2026-07-23T23:53:28.833603+00:00,2021-08-20,2022-02-15,61,0.518448
2026-07-23T23:53:28.999979+00:00,2021-08-21,2022-02-16,61,0.516827
2026-07-23T23:53:29.165087+00:00,2021-08-22,2022-02-17,61,0.524656
2026-07-23T23:53:29.327386+00:00,2021-08-23,2022-02-18,61,0.527137
2026-07-23T23:53:29.498235+00:00,2021-08-24,2022-02-19,61,0.526984
2026-07-23T23:53:29.661669+00:00,2021-08-25,2022-02-20,61,0.529768
2026-07-23T23:53:29.831588+00:00,2021-08-26,2022-02-21,61,0.52581
2026-07-23T23:53:29.995657+00:00,2021-08-27,2022-02-22,61,0.516823
2026-07-23T23:53:30.160867+00:00,2021-08-28,2022-02-23,150,0.605794
2026-07-23T23:53:30.325671+00:00,2021-08-29,2022-02-24,150,0.723719
2026-07-23T23:53:30.492148+00:00,2021-08-30,2022-02-25,150,0.77623
2026-07-23T23:53:30.659881+00:00,2021-08-31,2022-02-26,150,0.784586
2026-07-23T23:53:30.826628+00:00,2021-09-01,2022-02-27,150,0.813341
2026-07-23T23:53:30.993093+00:00,2021-09-02,2022-02-28,150,0.822309
2026-07-23T23:53:31.158161+00:00,2021-09-03,2022-03-01,150,0.779635
2026-07-23T23:53:31.325679+00:00,2021-09-04,2022-03-02,150,0.734854
2026-07-23T23:53:31.494657+00:00,2021-09-05,2022-03-03,150,0.666702
2026-07-23T23:53:31.662155+00:00,2021-09-06,2022-03-04,150,0.619303
2026-07-23T23:53:31.827112+00:00,2021-09-07,2022-03-05,-150,-0.591019
2026-07-23T23:53:31.994028+00:00,2021-09-08,2022-03-06,146,0.57298
2026-07-23T23:53:32.162373+00:00,2021-09-09,2022-03-07,145,0.591093
2026-07-23T23:53:32.328628+00:00,2021-09-10,2022-03-08,146,0.647059
2026-07-23T23:53:32.497358+00:00,2021-09-11,2022-03-09,145,0.698199
2026-07-23T23:53:32.664122+00:00,2021-09-12,2022-03-10,145,0.715507
2026-07-23T23:53:32.831819+00:00,2021-09-13,2022-03-11,145,0.70337
2026-07-23T23:53:32.998479+00:00,2021-09-14,2022-03-12,145,0.69873
2026-07-23T23:53:33.165608+00:00,2021-09-15,2022-03-13,145,0.689049
2026-07-23T23:53:33.333561+00:00,2021-09-16,2022-03-14,145,0.680362
2026-07-23T23:53:33.498780+00:00,2021-09-17,2022-03-15,145,0.655769
2026-07-23T23:53:33.664985+00:00,2021-09-18,2022-03-16,140,0.649385
2026-07-23T23:53:33.831464+00:00,2021-09-19,2022-03-17,140,0.638553
2026-07-23T23:53:33.997756+00:00,2021-09-20,2022-03-18,140,0.603007
2026-07-23T23:53:34.162425+00:00,2021-09-21,2022-03-19,140,0.579314
2026-07-23T23:53:34.333597+00:00,2021-09-22,2022-03-20,140,0.580327
2026-07-23T23:53:34.494057+00:00,2021-09-23,2022-03-21,140,0.578621
2026-07-23T23:53:34.656728+00:00,2021-09-24,2022-03-22,140,0.554721
2026-07-23T23:53:34.818229+00:00,2021-09-25,2022-03-23,-142,-0.549246
2026-07-23T23:53:34.978828+00:00,2021-09-26,2022-03-24,-143,-0.5673
2026-07-23T23:53:35.147244+00:00,2021-09-27,2022-03-25,-143,-0.596055
2026-07-23T23:53:35.314277+00:00,2021-09-28,2022-03-26,78,-0.608387
2026-07-23T23:53:35.479723+00:00,2021-09-29,2022-03-27,142,0.621644
2026-07-23T23:53:35.646577+00:00,2021-09-30,2022-03-28,141,0.657348
2026-07-23T23:53:35.812993+00:00,2021-10-01,2022-03-29,-146,-0.600242
2026-07-23T23:53:35.979510+00:00,2021-10-02,2022-03-30,-145,-0.639968
2026-07-23T23:53:36.147269+00:00,2021-10-03,2022-03-31,-144,-0.614981
2026-07-23T23:53:36.315538+00:00,2021-10-04,2022-04-01,-144,-0.54168
2026-07-23T23:53:36.481507+00:00,2021-10-05,2022-04-02,-138,-0.519205
2026-07-23T23:53:36.647273+00:00,2021-10-06,2022-04-03,137,0.523146
2026-07-23T23:53:36.809109+00:00,2021-10-07,2022-04-04,-106,0.518497
2026-07-23T23:53:36.971961+00:00,2021-10-08,2022-04-05,-106,0.540463
2026-07-23T23:53:37.136331+00:00,2021-10-09,2022-04-06,-106,0.565007
2026-07-23T23:53:37.303098+00:00,2021-10-10,2022-04-07,-106,0.602715
2026-07-23T23:53:37.468253+00:00,2021-10-11,2022-04-08,-107,0.659569
2026-07-23T23:53:37.638971+00:00,2021-10-12,2022-04-09,-107,0.720387
2026-07-23T23:53:37.806384+00:00,2021-10-13,2022-04-10,-107,0.763128
2026-07-23T23:53:37.966872+00:00,2021-10-14,2022-04-11,-107,0.782215
2026-07-23T23:53:38.130414+00:00,2021-10-15,2022-04-12,-108,0.796127
2026-07-23T23:53:38.297779+00:00,2021-10-16,2022-04-13,-108,0.803166
2026-07-23T23:53:38.465721+00:00,2021-10-17,2022-04-14,-108,0.812813
2026-07-23T23:53:38.633306+00:00,2021-10-18,2022-04-15,-108,0.815216
2026-07-23T23:53:38.801601+00:00,2021-10-19,2022-04-16,-108,0.822991
2026-07-23T23:53:38.967482+00:00,2021-10-20,2022-04-17,-108,0.820263
2026-07-23T23:53:39.131402+00:00,2021-10-21,2022-04-18,-108,0.817156
2026-07-23T23:53:39.293339+00:00,2021-10-22,2022-04-19,-108,0.813577
2026-07-23T23:53:39.456152+00:00,2021-10-23,2022-04-20,-108,0.814308
2026-07-23T23:53:39.623588+00:00,2021-10-24,2022-04-21,-108,0.819023
2026-07-23T23:53:39.789556+00:00,2021-10-25,2022-04-22,-108,0.822308
2026-07-23T23:53:39.956389+00:00,2021-10-26,2022-04-23,-108,0.826161
2026-07-23T23:53:40.127608+00:00,2021-10-27,2022-04-24,-108,0.832229
2026-07-23T23:53:40.296553+00:00,2021-10-28,2022-04-25,-108,0.837639
2026-07-23T23:53:40.463815+00:00,2021-10-29,2022-04-26,-108,0.838724
2026-07-23T23:53:40.631347+00:00,2021-10-30,2022-04-27,-108,0.829104
2026-07-23T23:53:40.800323+00:00,2021-10-31,2022-04-28,-108,0.818243
2026-07-23T23:53:40.968224+00:00,2021-11-01,2022-04-29,-108,0.808619
2026-07-23T23:53:41.135676+00:00,2021-11-02,2022-04-30,-109,0.800636
2026-07-23T23:53:41.303814+00:00,2021-11-03,2022-05-01,-109,0.780104
2026-07-23T23:53:41.471470+00:00,2021-11-04,2022-05-02,-109,0.755342
2026-07-23T23:53:41.639097+00:00,2021-11-05,2022-05-03,-110,0.730389
2026-07-23T23:53:41.805518+00:00,2021-11-06,2022-05-04,-110,0.713826
2026-07-23T23:53:41.978681+00:00,2021-11-07,2022-05-05,-109,0.696806
2026-07-23T23:53:42.147491+00:00,2021-11-08,2022-05-06,-109,0.686605
2026-07-23T23:53:42.314197+00:00,2021-11-09,2022-05-07,-108,0.664433
2026-07-23T23:53:42.478830+00:00,2021-11-10,2022-05-08,-108,0.650253
2026-07-23T23:53:42.646955+00:00,2021-11-11,2022-05-09,-108,0.655186
2026-07-23T23:53:42.814989+00:00,2021-11-12,2022-05-10,-108,0.659787
2026-07-23T23:53:42.984053+00:00,2021-11-13,2022-05-11,-108,0.666946
2026-07-23T23:53:43.152421+00:00,2021-11-14,2022-05-12,140,0.693152
2026-07-23T23:53:43.319807+00:00,2021-11-15,2022-05-13,140,0.765398
2026-07-23T23:53:43.487925+00:00,2021-11-16,2022-05-14,139,0.742646
2026-07-23T23:53:43.653627+00:00,2021-11-17,2022-05-15,139,0.710638
2026-07-23T23:53:43.819735+00:00,2021-11-18,2022-05-16,139,0.681064
2026-07-23T23:53:43.985579+00:00,2021-11-19,2022-05-17,140,0.649084
2026-07-23T23:53:44.152248+00:00,2021-11-20,2022-05-18,150,-0.648122
2026-07-23T23:53:44.318465+00:00,2021-11-21,2022-05-19,150,-0.693133
2026-07-23T23:53:44.480666+00:00,2021-11-22,2022-05-20,150,-0.727149
2026-07-23T23:53:44.646090+00:00,2021-11-23,2022-05-21,150,-0.727779
2026-07-23T23:53:44.813944+00:00,2021-11-24,2022-05-22,150,-0.759322
2026-07-23T23:53:44.979626+00:00,2021-11-25,2022-05-23,-146,-0.79738
2026-07-23T23:53:45.147636+00:00,2021-11-26,2022-05-24,-145,-0.833194
2026-07-23T23:53:45.314691+00:00,2021-11-27,2022-05-25,-144,-0.831932
2026-07-23T23:53:45.481440+00:00,2021-11-28,2022-05-26,-144,-0.834694
2026-07-23T23:53:45.643411+00:00,2021-11-29,2022-05-27,-144,-0.828251
2026-07-23T23:53:45.806092+00:00,2021-11-30,2022-05-28,-144,-0.814593
2026-07-23T23:53:45.966279+00:00,2021-12-01,2022-05-29,-144,-0.81119
2026-07-23T23:53:46.131707+00:00,2021-12-02,2022-05-30,-144,-0.801499
2026-07-23T23:53:46.298943+00:00,2021-12-03,2022-05-31,-144,-0.790912
2026-07-23T23:53:46.467763+00:00,2021-12-04,2022-06-01,-144,-0.773368
2026-07-23T23:53:46.635469+00:00,2021-12-05,2022-06-02,-144,-0.766329
2026-07-23T23:53:46.802475+00:00,2021-12-06,2022-06-03,-144,-0.761139
2026-07-23T23:53:46.968452+00:00,2021-12-07,2022-06-04,-144,-0.752523
2026-07-23T23:53:47.136793+00:00,2021-12-08,2022-06-05,-144,-0.741401
2026-07-23T23:53:47.303242+00:00,2021-12-09,2022-06-06,-144,-0.726448
2026-07-23T23:53:47.469784+00:00,2021-12-10,2022-06-07,-144,-0.706023
2026-07-23T23:53:47.638668+00:00,2021-12-11,2022-06-08,133,0.66636
2026-07-23T23:53:47.805754+00:00,2021-12-12,2022-06-09,133,0.682449
2026-07-23T23:53:47.972467+00:00,2021-12-13,2022-06-10,133,0.686728
2026-07-23T23:53:48.140028+00:00,2021-12-14,2022-06-11,133,0.692276
2026-07-23T23:53:48.305426+00:00,2021-12-15,2022-06-12,-110,0.694746
2026-07-23T23:53:48.473257+00:00,2021-12-16,2022-06-13,-110,0.708084
2026-07-23T23:53:48.638221+00:00,2021-12-17,2022-06-14,-110,0.709132
2026-07-23T23:53:48.804890+00:00,2021-12-18,2022-06-15,-110,0.704798
2026-07-23T23:53:48.973523+00:00,2021-12-19,2022-06-16,-110,0.701002
2026-07-23T23:53:49.138797+00:00,2021-12-20,2022-06-17,-110,0.69171
2026-07-23T23:53:49.305693+00:00,2021-12-21,2022-06-18,-110,0.673363
2026-07-23T23:53:49.471936+00:00,2021-12-22,2022-06-19,-111,0.638274
2026-07-23T23:53:49.640586+00:00,2021-12-23,2022-06-20,131,0.661052
2026-07-23T23:53:49.808631+00:00,2021-12-24,2022-06-21,130,0.688035
2026-07-23T23:53:49.976805+00:00,2021-12-25,2022-06-22,129,0.6963
2026-07-23T23:53:50.142568+00:00,2021-12-26,2022-06-23,129,0.688088
2026-07-23T23:53:50.308757+00:00,2021-12-27,2022-06-24,129,0.67237
2026-07-23T23:53:50.476430+00:00,2021-12-28,2022-06-25,130,0.645028
2026-07-23T23:53:50.645289+00:00,2021-12-29,2022-06-26,129,0.635111
2026-07-23T23:53:50.814177+00:00,2021-12-30,2022-06-27,129,0.629168
2026-07-23T23:53:50.980422+00:00,2021-12-31,2022-06-28,145,-0.633599
2026-07-23T23:53:51.146929+00:00,2022-01-01,2022-06-29,144,-0.675903
2026-07-23T23:53:51.315287+00:00,2022-01-02,2022-06-30,143,-0.708883
2026-07-23T23:53:51.482659+00:00,2022-01-03,2022-07-01,143,-0.75436
2026-07-23T23:53:51.650619+00:00,2022-01-04,2022-07-02,143,-0.773571
2026-07-23T23:53:51.817786+00:00,2022-01-05,2022-07-03,143,-0.77915
2026-07-23T23:53:51.983268+00:00,2022-01-06,2022-07-04,143,-0.773609
2026-07-23T23:53:52.149310+00:00,2022-01-07,2022-07-05,143,-0.75432
2026-07-23T23:53:52.316566+00:00,2022-01-08,2022-07-06,143,-0.738149
2026-07-23T23:53:52.484271+00:00,2022-01-09,2022-07-07,143,-0.711777
2026-07-23T23:53:52.653019+00:00,2022-01-10,2022-07-08,143,-0.688114
2026-07-23T23:53:52.820320+00:00,2022-01-11,2022-07-09,142,-0.658882
2026-07-23T23:53:52.989004+00:00,2022-01-12,2022-07-10,142,-0.635466
2026-07-23T23:53:53.156054+00:00,2022-01-13,2022-07-11,143,-0.5937
2026-07-23T23:53:53.323916+00:00,2022-01-14,2022-07-12,-135,-0.603614
2026-07-23T23:53:53.491062+00:00,2022-01-15,2022-07-13,-135,-0.616628
2026-07-23T23:53:53.661163+00:00,2022-01-16,2022-07-14,150,0.6006
2026-07-23T23:53:53.828836+00:00,2022-01-17,2022-07-15,150,0.600372
2026-07-23T23:53:53.994103+00:00,2022-01-18,2022-07-16,150,0.617312
2026-07-23T23:53:54.162575+00:00,2022-01-19,2022-07-17,150,0.663615
2026-07-23T23:53:54.330124+00:00,2022-01-20,2022-07-18,150,0.722989
2026-07-23T23:53:54.494674+00:00,2022-01-21,2022-07-19,150,0.754808
2026-07-23T23:53:54.659728+00:00,2022-01-22,2022-07-20,150,0.76828
2026-07-23T23:53:54.826715+00:00,2022-01-23,2022-07-21,150,0.78461
2026-07-23T23:53:54.992006+00:00,2022-01-24,2022-07-22,150,0.807537
2026-07-23T23:53:55.161006+00:00,2022-01-25,2022-07-23,150,0.805282
2026-07-23T23:53:55.327629+00:00,2022-01-26,2022-07-24,150,0.801652
2026-07-23T23:53:55.495463+00:00,2022-01-27,2022-07-25,150,0.785623
2026-07-23T23:53:55.663234+00:00,2022-01-28,2022-07-26,150,0.747334
2026-07-23T23:53:55.830345+00:00,2022-01-29,2022-07-27,-140,-0.720118
2026-07-23T23:53:55.995849+00:00,2022-01-30,2022-07-28,-140,-0.72526
2026-07-23T23:53:56.159157+00:00,2022-01-31,2022-07-29,-140,-0.703687
2026-07-23T23:53:56.325692+00:00,2022-02-01,2022-07-30,-140,-0.697245
2026-07-23T23:53:56.493023+00:00,2022-02-02,2022-07-31,-140,-0.696295
2026-07-23T23:53:56.658028+00:00,2022-02-03,2022-08-01,-140,-0.708171
2026-07-23T23:53:56.823803+00:00,2022-02-04,2022-08-02,-140,-0.714457
2026-07-23T23:53:56.989936+00:00,2022-02-05,2022-08-03,-140,-0.695536
2026-07-23T23:53:57.156922+00:00,2022-02-06,2022-08-04,-140,-0.685993
2026-07-23T23:53:57.322167+00:00,2022-02-07,2022-08-05,-140,-0.695622
2026-07-23T23:53:57.489533+00:00,2022-02-08,2022-08-06,-139,-0.697951
2026-07-23T23:53:57.651185+00:00,2022-02-09,2022-08-07,-139,-0.705069
2026-07-23T23:53:57.814321+00:00,2022-02-10,2022-08-08,-139,-0.722683
2026-07-23T23:53:57.981432+00:00,2022-02-11,2022-08-09,-139,-0.732749
2026-07-23T23:53:58.148115+00:00,2022-02-12,2022-08-10,-139,-0.736569
2026-07-23T23:53:58.316273+00:00,2022-02-13,2022-08-11,-139,-0.768555
2026-07-23T23:53:58.483282+00:00,2022-02-14,2022-08-12,-139,-0.804428
2026-07-23T23:53:58.651397+00:00,2022-02-15,2022-08-13,-140,-0.790312
2026-07-23T23:53:58.819243+00:00,2022-02-16,2022-08-14,-140,-0.731018
2026-07-23T23:53:58.982851+00:00,2022-02-17,2022-08-15,-141,-0.711116
2026-07-23T23:53:59.148364+00:00,2022-02-18,2022-08-16,135,0.670964
2026-07-23T23:53:59.315928+00:00,2022-02-19,2022-08-17,135,0.659015
2026-07-23T23:53:59.481142+00:00,2022-02-20,2022-08-18,-150,0.628684
2026-07-23T23:53:59.648068+00:00,2022-02-21,2022-08-19,-150,0.613776
2026-07-23T23:53:59.815381+00:00,2022-02-22,2022-08-20,-150,0.595516
2026-07-23T23:53:59.979707+00:00,2022-02-23,2022-08-21,115,-0.583202
2026-07-23T23:54:00.144953+00:00,2022-02-24,2022-08-22,150,-0.662389
2026-07-23T23:54:00.309394+00:00,2022-02-25,2022-08-23,150,-0.629886
2026-07-23T23:54:00.476143+00:00,2022-02-26,2022-08-24,150,-0.643429
2026-07-23T23:54:00.644968+00:00,2022-02-27,2022-08-25,150,-0.70842
2026-07-23T23:54:00.810399+00:00,2022-02-28,2022-08-26,149,-0.733921
2026-07-23T23:54:00.976906+00:00,2022-03-01,2022-08-27,150,-0.700312
2026-07-23T23:54:01.143869+00:00,2022-03-02,2022-08-28,114,-0.60079
2026-07-23T23:54:01.309754+00:00,2022-03-03,2022-08-29,115,-0.584629
2026-07-23T23:54:01.475340+00:00,2022-03-04,2022-08-30,115,-0.545258
2026-07-23T23:54:01.642060+00:00,2022-03-05,2022-08-31,98,0.506508
2026-07-23T23:54:01.809424+00:00,2022-03-06,2022-09-01,98,0.522759
2026-07-23T23:54:01.976892+00:00,2022-03-07,2022-09-02,98,0.533524
2026-07-23T23:54:02.145897+00:00,2022-03-08,2022-09-03,98,0.534845
2026-07-23T23:54:02.312691+00:00,2022-03-09,2022-09-04,98,0.536207
2026-07-23T23:54:02.480089+00:00,2022-03-10,2022-09-05,98,0.540452
2026-07-23T23:54:02.647277+00:00,2022-03-11,2022-09-06,98,0.549718
2026-07-23T23:54:02.814551+00:00,2022-03-12,2022-09-07,98,0.552364
2026-07-23T23:54:02.981690+00:00,2022-03-13,2022-09-08,-115,-0.572227
2026-07-23T23:54:03.147365+00:00,2022-03-14,2022-09-09,-115,-0.598019
2026-07-23T23:54:03.313702+00:00,2022-03-15,2022-09-10,-115,-0.610326
2026-07-23T23:54:03.479447+00:00,2022-03-16,2022-09-11,-115,-0.62919
2026-07-23T23:54:03.645797+00:00,2022-03-17,2022-09-12,-115,-0.637312
2026-07-23T23:54:03.813733+00:00,2022-03-18,2022-09-13,-115,-0.652595
2026-07-23T23:54:03.977643+00:00,2022-03-19,2022-09-14,-115,-0.663417
2026-07-23T23:54:04.143286+00:00,2022-03-20,2022-09-15,143,-0.662961
2026-07-23T23:54:04.308704+00:00,2022-03-21,2022-09-16,143,-0.699744
2026-07-23T23:54:04.469762+00:00,2022-03-22,2022-09-17,142,-0.726449
2026-07-23T23:54:04.633540+00:00,2022-03-23,2022-09-18,142,-0.720454
2026-07-23T23:54:04.801322+00:00,2022-03-24,2022-09-19,141,-0.691868
2026-07-23T23:54:04.967526+00:00,2022-03-25,2022-09-20,141,-0.651489
2026-07-23T23:54:05.134205+00:00,2022-03-26,2022-09-21,141,-0.63405
2026-07-23T23:54:05.300709+00:00,2022-03-27,2022-09-22,141,-0.633701
2026-07-23T23:54:05.468069+00:00,2022-03-28,2022-09-23,141,-0.632611
2026-07-23T23:54:05.632757+00:00,2022-03-29,2022-09-24,140,-0.655635
2026-07-23T23:54:05.796785+00:00,2022-03-30,2022-09-25,140,-0.677338
2026-07-23T23:54:05.965474+00:00,2022-03-31,2022-09-26,140,-0.693786
2026-07-23T23:54:06.132200+00:00,2022-04-01,2022-09-27,140,-0.698818
2026-07-23T23:54:06.299843+00:00,2022-04-02,2022-09-28,140,-0.680702
2026-07-23T23:54:06.467091+00:00,2022-04-03,2022-09-29,140,-0.645357
2026-07-23T23:54:06.631900+00:00,2022-04-04,2022-09-30,140,-0.600673
2026-07-23T23:54:06.800310+00:00,2022-04-05,2022-10-01,140,-0.60189
2026-07-23T23:54:06.965691+00:00,2022-04-06,2022-10-02,140,-0.603635
2026-07-23T23:54:07.133078+00:00,2022-04-07,2022-10-03,141,-0.610094
2026-07-23T23:54:07.301910+00:00,2022-04-08,2022-10-04,141,-0.636622
2026-07-23T23:54:07.469117+00:00,2022-04-09,2022-10-05,141,-0.664517
2026-07-23T23:54:07.634968+00:00,2022-04-10,2022-10-06,141,-0.68142
2026-07-23T23:54:07.802498+00:00,2022-04-11,2022-10-07,140,-0.700882
2026-07-23T23:54:07.970396+00:00,2022-04-12,2022-10-08,140,-0.71105
2026-07-23T23:54:08.139292+00:00,2022-04-13,2022-10-09,139,-0.705944
2026-07-23T23:54:08.308322+00:00,2022-04-14,2022-10-10,138,-0.683013
2026-07-23T23:54:08.475841+00:00,2022-04-15,2022-10-11,105,-0.666912
2026-07-23T23:54:08.642855+00:00,2022-04-16,2022-10-12,105,-0.660776
2026-07-23T23:54:08.810301+00:00,2022-04-17,2022-10-13,105,-0.649824
2026-07-23T23:54:08.976771+00:00,2022-04-18,2022-10-14,-145,0.663947
2026-07-23T23:54:09.144551+00:00,2022-04-19,2022-10-15,-146,0.677636
2026-07-23T23:54:09.309648+00:00,2022-04-20,2022-10-16,-146,0.686552
2026-07-23T23:54:09.475383+00:00,2022-04-21,2022-10-17,-146,0.691274
2026-07-23T23:54:09.641482+00:00,2022-04-22,2022-10-18,-146,0.692427
2026-07-23T23:54:09.807897+00:00,2022-04-23,2022-10-19,-147,0.687274
2026-07-23T23:54:09.974869+00:00,2022-04-24,2022-10-20,-147,0.697852
2026-07-23T23:54:10.141627+00:00,2022-04-25,2022-10-21,-147,0.703689
2026-07-23T23:54:10.308126+00:00,2022-04-26,2022-10-22,-147,0.69373
2026-07-23T23:54:10.474133+00:00,2022-04-27,2022-10-23,-147,0.69086
2026-07-23T23:54:10.639311+00:00,2022-04-28,2022-10-24,-147,0.709243
2026-07-23T23:54:10.806622+00:00,2022-04-29,2022-10-25,-147,0.74111
2026-07-23T23:54:10.973644+00:00,2022-04-30,2022-10-26,-147,0.74658
2026-07-23T23:54:11.139115+00:00,2022-05-01,2022-10-27,-147,0.728398
2026-07-23T23:54:11.305949+00:00,2022-05-02,2022-10-28,-147,0.696004
2026-07-23T23:54:11.472503+00:00,2022-05-03,2022-10-29,-147,0.659084
2026-07-23T23:54:11.638601+00:00,2022-05-04,2022-10-30,-147,0.6759
2026-07-23T23:54:11.807398+00:00,2022-05-05,2022-10-31,-148,0.70565
2026-07-23T23:54:11.975725+00:00,2022-05-06,2022-11-01,-147,0.737988
2026-07-23T23:54:12.142780+00:00,2022-05-07,2022-11-02,-147,0.748276
2026-07-23T23:54:12.306607+00:00,2022-05-08,2022-11-03,-147,0.761576
2026-07-23T23:54:12.475999+00:00,2022-05-09,2022-11-04,-147,0.80863
2026-07-23T23:54:12.643332+00:00,2022-05-10,2022-11-05,-147,0.838187
2026-07-23T23:54:12.810521+00:00,2022-05-11,2022-11-06,-147,0.841567
2026-07-23T23:54:12.978174+00:00,2022-05-12,2022-11-07,-147,0.818356
2026-07-23T23:54:13.145947+00:00,2022-05-13,2022-11-08,-149,0.804497
2026-07-23T23:54:13.312081+00:00,2022-05-14,2022-11-09,-150,0.802892
2026-07-23T23:54:13.480009+00:00,2022-05-15,2022-11-10,-150,0.808784
2026-07-23T23:54:13.647860+00:00,2022-05-16,2022-11-11,-150,0.79035
2026-07-23T23:54:13.816166+00:00,2022-05-17,2022-11-12,-150,0.758404
2026-07-23T23:54:13.980389+00:00,2022-05-18,2022-11-13,-150,0.679119
2026-07-23T23:54:14.143329+00:00,2022-05-19,2022-11-14,104,-0.669412
2026-07-23T23:54:14.311619+00:00,2022-05-20,2022-11-15,104,-0.687032
2026-07-23T23:54:14.475192+00:00,2022-05-21,2022-11-16,104,-0.694358
2026-07-23T23:54:14.638091+00:00,2022-05-22,2022-11-17,104,-0.707119
2026-07-23T23:54:14.804143+00:00,2022-05-23,2022-11-18,104,-0.718379
2026-07-23T23:54:14.969563+00:00,2022-05-24,2022-11-19,104,-0.720145
2026-07-23T23:54:15.135104+00:00,2022-05-25,2022-11-20,104,-0.721031
2026-07-23T23:54:15.302119+00:00,2022-05-26,2022-11-21,104,-0.728084
2026-07-23T23:54:15.468976+00:00,2022-05-27,2022-11-22,104,-0.730496
2026-07-23T23:54:15.631072+00:00,2022-05-28,2022-11-23,104,-0.733236
2026-07-23T23:54:15.796862+00:00,2022-05-29,2022-11-24,104,-0.734568
2026-07-23T23:54:15.963560+00:00,2022-05-30,2022-11-25,104,-0.738635
2026-07-23T23:54:16.131385+00:00,2022-05-31,2022-11-26,104,-0.742424
2026-07-23T23:54:16.300439+00:00,2022-06-01,2022-11-27,104,-0.751862
2026-07-23T23:54:16.469316+00:00,2022-06-02,2022-11-28,104,-0.753683
2026-07-23T23:54:16.638931+00:00,2022-06-03,2022-11-29,104,-0.748694
2026-07-23T23:54:16.806983+00:00,2022-06-04,2022-11-30,104,-0.745226
2026-07-23T23:54:16.975049+00:00,2022-06-05,2022-12-01,104,-0.746165
2026-07-23T23:54:17.141862+00:00,2022-06-06,2022-12-02,104,-0.747642
2026-07-23T23:54:17.309625+00:00,2022-06-07,2022-12-03,104,-0.751547
2026-07-23T23:54:17.477232+00:00,2022-06-08,2022-12-04,104,-0.749724
2026-07-23T23:54:17.645578+00:00,2022-06-09,2022-12-05,104,-0.754899
2026-07-23T23:54:17.812962+00:00,2022-06-10,2022-12-06,104,-0.745979
2026-07-23T23:54:17.981310+00:00,2022-06-11,2022-12-07,103,-0.734081
2026-07-23T23:54:18.148114+00:00,2022-06-12,2022-12-08,103,-0.726196
2026-07-23T23:54:18.315215+00:00,2022-06-13,2022-12-09,103,-0.714448
2026-07-23T23:54:18.482366+00:00,2022-06-14,2022-12-10,103,-0.692462
2026-07-23T23:54:18.649678+00:00,2022-06-15,2022-12-11,103,-0.670332
2026-07-23T23:54:18.816933+00:00,2022-06-16,2022-12-12,103,-0.646252
2026-07-23T23:54:18.983162+00:00,2022-06-17,2022-12-13,103,-0.634053
2026-07-23T23:54:19.147499+00:00,2022-06-18,2022-12-14,103,-0.643169
2026-07-23T23:54:19.315389+00:00,2022-06-19,2022-12-15,103,-0.667154
2026-07-23T23:54:19.481814+00:00,2022-06-20,2022-12-16,103,-0.692623
2026-07-23T23:54:19.648902+00:00,2022-06-21,2022-12-17,102,-0.71161
2026-07-23T23:54:19.816012+00:00,2022-06-22,2022-12-18,101,-0.734913
2026-07-23T23:54:19.984819+00:00,2022-06-23,2022-12-19,101,-0.738777
2026-07-23T23:54:20.151940+00:00,2022-06-24,2022-12-20,101,-0.72835
2026-07-23T23:54:20.320693+00:00,2022-06-25,2022-12-21,100,-0.705515
2026-07-23T23:54:20.488897+00:00,2022-06-26,2022-12-22,99,-0.667324
2026-07-23T23:54:20.657335+00:00,2022-06-27,2022-12-23,99,-0.617512
2026-07-23T23:54:20.825768+00:00,2022-06-28,2022-12-24,140,-0.614859
2026-07-23T23:54:20.994881+00:00,2022-06-29,2022-12-25,142,-0.645231
2026-07-23T23:54:21.161777+00:00,2022-06-30,2022-12-26,142,-0.717103
2026-07-23T23:54:21.328996+00:00,2022-07-01,2022-12-27,141,-0.770646
2026-07-23T23:54:21.496265+00:00,2022-07-02,2022-12-28,141,-0.812279
2026-07-23T23:54:21.663729+00:00,2022-07-03,2022-12-29,141,-0.816823
2026-07-23T23:54:21.831973+00:00,2022-07-04,2022-12-30,142,-0.83195
2026-07-23T23:54:22.000363+00:00,2022-07-05,2022-12-31,142,-0.835547
2026-07-23T23:54:22.168628+00:00,2022-07-06,2023-01-01,142,-0.845656
2026-07-23T23:54:22.337130+00:00,2022-07-07,2023-01-02,142,-0.851089
2026-07-23T23:54:22.504930+00:00,2022-07-08,2023-01-03,141,-0.84942
2026-07-23T23:54:22.673540+00:00,2022-07-09,2023-01-04,141,-0.849001
2026-07-23T23:54:22.842047+00:00,2022-07-10,2023-01-05,141,-0.843668
2026-07-23T23:54:23.009835+00:00,2022-07-11,2023-01-06,141,-0.820544
2026-07-23T23:54:23.177981+00:00,2022-07-12,2023-01-07,140,-0.790366
2026-07-23T23:54:23.346479+00:00,2022-07-13,2023-01-08,140,-0.750311
2026-07-23T23:54:23.513560+00:00,2022-07-14,2023-01-09,141,-0.685221
2026-07-23T23:54:23.681337+00:00,2022-07-15,2023-01-10,150,0.644886
2026-07-23T23:54:23.849745+00:00,2022-07-16,2023-01-11,150,0.647654
2026-07-23T23:54:24.014655+00:00,2022-07-17,2023-01-12,150,0.610544
2026-07-23T23:54:24.181865+00:00,2022-07-18,2023-01-13,-81,0.586585
2026-07-23T23:54:24.348714+00:00,2022-07-19,2023-01-14,-81,0.593463
2026-07-23T23:54:24.516166+00:00,2022-07-20,2023-01-15,-81,0.595325
2026-07-23T23:54:24.680565+00:00,2022-07-21,2023-01-16,-149,-0.676734
2026-07-23T23:54:24.847534+00:00,2022-07-22,2023-01-17,-149,-0.727211
2026-07-23T23:54:25.015750+00:00,2022-07-23,2023-01-18,-149,-0.748551
2026-07-23T23:54:25.181371+00:00,2022-07-24,2023-01-19,-149,-0.784265
2026-07-23T23:54:25.348815+00:00,2022-07-25,2023-01-20,-149,-0.787073
2026-07-23T23:54:25.517059+00:00,2022-07-26,2023-01-21,133,-0.801513
2026-07-23T23:54:25.679091+00:00,2022-07-27,2023-01-22,132,-0.81451
2026-07-23T23:54:25.844401+00:00,2022-07-28,2023-01-23,131,-0.818131
2026-07-23T23:54:26.011787+00:00,2022-07-29,2023-01-24,130,-0.80202
2026-07-23T23:54:26.178279+00:00,2022-07-30,2023-01-25,127,-0.781351
2026-07-23T23:54:26.345621+00:00,2022-07-31,2023-01-26,125,-0.750199
2026-07-23T23:54:26.514617+00:00,2022-08-01,2023-01-27,126,-0.688484
2026-07-23T23:54:26.682095+00:00,2022-08-02,2023-01-28,113,-0.654922
2026-07-23T23:54:26.850186+00:00,2022-08-03,2023-01-29,113,-0.653459
2026-07-23T23:54:27.019915+00:00,2022-08-04,2023-01-30,113,-0.652351
2026-07-23T23:54:27.188218+00:00,2022-08-05,2023-01-31,113,-0.651087
2026-07-23T23:54:27.355601+00:00,2022-08-06,2023-02-01,113,-0.649664
2026-07-23T23:54:27.525085+00:00,2022-08-07,2023-02-02,150,0.710492
2026-07-23T23:54:27.692834+00:00,2022-08-08,2023-02-03,150,0.767803
2026-07-23T23:54:27.861330+00:00,2022-08-09,2023-02-04,150,0.778792
2026-07-23T23:54:28.028876+00:00,2022-08-10,2023-02-05,149,0.794475
2026-07-23T23:54:28.196288+00:00,2022-08-11,2023-02-06,148,0.776391
2026-07-23T23:54:28.364435+00:00,2022-08-12,2023-02-07,147,0.782941
2026-07-23T23:54:28.532765+00:00,2022-08-13,2023-02-08,146,0.781598
2026-07-23T23:54:28.699955+00:00,2022-08-14,2023-02-09,145,0.781169
2026-07-23T23:54:28.867593+00:00,2022-08-15,2023-02-10,143,0.753751
2026-07-23T23:54:29.035467+00:00,2022-08-16,2023-02-11,143,0.745188
2026-07-23T23:54:29.199167+00:00,2022-08-17,2023-02-12,142,0.740862
2026-07-23T23:54:29.366859+00:00,2022-08-18,2023-02-13,143,0.712766
2026-07-23T23:54:29.535654+00:00,2022-08-19,2023-02-14,143,0.674898
2026-07-23T23:54:29.700878+00:00,2022-08-20,2023-02-15,143,0.6728
2026-07-23T23:54:29.865090+00:00,2022-08-21,2023-02-16,142,0.675971
2026-07-23T23:54:30.032605+00:00,2022-08-22,2023-02-17,-132,0.720831
2026-07-23T23:54:30.198844+00:00,2022-08-23,2023-02-18,-133,0.735828
2026-07-23T23:54:30.368526+00:00,2022-08-24,2023-02-19,-133,0.742335
2026-07-23T23:54:30.536729+00:00,2022-08-25,2023-02-20,-134,0.736798
2026-07-23T23:54:30.704674+00:00,2022-08-26,2023-02-21,-134,0.740082
2026-07-23T23:54:30.872143+00:00,2022-08-27,2023-02-22,-135,0.74838
2026-07-23T23:54:31.039376+00:00,2022-08-28,2023-02-23,-135,0.762468
2026-07-23T23:54:31.206494+00:00,2022-08-29,2023-02-24,114,-0.76296
2026-07-23T23:54:31.370914+00:00,2022-08-30,2023-02-25,114,-0.763219
2026-07-23T23:54:31.539919+00:00,2022-08-31,2023-02-26,113,-0.761987
2026-07-23T23:54:31.706332+00:00,2022-09-01,2023-02-27,113,-0.761106
2026-07-23T23:54:31.875430+00:00,2022-09-02,2023-02-28,113,-0.75222
2026-07-23T23:54:32.043325+00:00,2022-09-03,2023-03-01,113,-0.746286
2026-07-23T23:54:32.210771+00:00,2022-09-04,2023-03-02,114,-0.74519
2026-07-23T23:54:32.376366+00:00,2022-09-05,2023-03-03,113,-0.74604
2026-07-23T23:54:32.543513+00:00,2022-09-06,2023-03-04,113,-0.742889
2026-07-23T23:54:32.711532+00:00,2022-09-07,2023-03-05,114,-0.735632
2026-07-23T23:54:32.879879+00:00,2022-09-08,2023-03-06,114,-0.714368
2026-07-23T23:54:33.047269+00:00,2022-09-09,2023-03-07,115,-0.68602
2026-07-23T23:54:33.214044+00:00,2022-09-10,2023-03-08,116,-0.653358
2026-07-23T23:54:33.380455+00:00,2022-09-11,2023-03-09,117,-0.621441
2026-07-23T23:54:33.545328+00:00,2022-09-12,2023-03-10,25,0.620558
2026-07-23T23:54:33.711576+00:00,2022-09-13,2023-03-11,25,0.646198
2026-07-23T23:54:33.877179+00:00,2022-09-14,2023-03-12,24,0.665006
2026-07-23T23:54:34.043311+00:00,2022-09-15,2023-03-13,24,0.673659
2026-07-23T23:54:34.208021+00:00,2022-09-16,2023-03-14,24,0.678505
2026-07-23T23:54:34.373279+00:00,2022-09-17,2023-03-15,23,0.680935
2026-07-23T23:54:34.534454+00:00,2022-09-18,2023-03-16,23,0.678752
2026-07-23T23:54:34.698064+00:00,2022-09-19,2023-03-17,-144,0.675349
2026-07-23T23:54:34.862653+00:00,2022-09-20,2023-03-18,-144,0.67779
2026-07-23T23:54:35.023370+00:00,2022-09-21,2023-03-19,-145,0.684671
2026-07-23T23:54:35.189914+00:00,2022-09-22,2023-03-20,-146,0.691177
2026-07-23T23:54:35.357505+00:00,2022-09-23,2023-03-21,-146,0.707389
2026-07-23T23:54:35.523481+00:00,2022-09-24,2023-03-22,-146,0.703105
2026-07-23T23:54:35.689945+00:00,2022-09-25,2023-03-23,-146,0.68758
2026-07-23T23:54:35.855558+00:00,2022-09-26,2023-03-24,-146,0.678068
2026-07-23T23:54:36.021025+00:00,2022-09-27,2023-03-25,-143,0.648178
2026-07-23T23:54:36.188624+00:00,2022-09-28,2023-03-26,-144,0.635256
2026-07-23T23:54:36.356685+00:00,2022-09-29,2023-03-27,-143,0.657801
2026-07-23T23:54:36.524556+00:00,2022-09-30,2023-03-28,-143,0.707003
2026-07-23T23:54:36.692034+00:00,2022-10-01,2023-03-29,-143,0.728904
2026-07-23T23:54:36.858611+00:00,2022-10-02,2023-03-30,-143,0.715309
2026-07-23T23:54:37.026298+00:00,2022-10-03,2023-03-31,-143,0.694496
2026-07-23T23:54:37.193318+00:00,2022-10-04,2023-04-01,-143,0.668754
2026-07-23T23:54:37.360003+00:00,2022-10-05,2023-04-02,-143,0.641932
2026-07-23T23:54:37.524279+00:00,2022-10-06,2023-04-03,147,0.645081
2026-07-23T23:54:37.691271+00:00,2022-10-07,2023-04-04,147,0.673136
2026-07-23T23:54:37.858760+00:00,2022-10-08,2023-04-05,147,0.691508
2026-07-23T23:54:38.026748+00:00,2022-10-09,2023-04-06,147,0.705569
2026-07-23T23:54:38.193184+00:00,2022-10-10,2023-04-07,147,0.698321
2026-07-23T23:54:38.359701+00:00,2022-10-11,2023-04-08,147,0.653787
2026-07-23T23:54:38.525548+00:00,2022-10-12,2023-04-09,-122,-0.631287
2026-07-23T23:54:38.692892+00:00,2022-10-13,2023-04-10,-123,-0.665461
2026-07-23T23:54:38.859307+00:00,2022-10-14,2023-04-11,-120,-0.701695
2026-07-23T23:54:39.025368+00:00,2022-10-15,2023-04-12,-120,-0.739077
2026-07-23T23:54:39.192609+00:00,2022-10-16,2023-04-13,-120,-0.759966
2026-07-23T23:54:39.355911+00:00,2022-10-17,2023-04-14,-120,-0.771981
2026-07-23T23:54:39.518899+00:00,2022-10-18,2023-04-15,-121,-0.781168
2026-07-23T23:54:39.681755+00:00,2022-10-19,2023-04-16,-121,-0.783988
2026-07-23T23:54:39.850155+00:00,2022-10-20,2023-04-17,-121,-0.785687
2026-07-23T23:54:40.013509+00:00,2022-10-21,2023-04-18,-121,-0.784956
2026-07-23T23:54:40.176168+00:00,2022-10-22,2023-04-19,-121,-0.780324
2026-07-23T23:54:40.339844+00:00,2022-10-23,2023-04-20,-121,-0.775255
2026-07-23T23:54:40.505804+00:00,2022-10-24,2023-04-21,-122,-0.760325
2026-07-23T23:54:40.672956+00:00,2022-10-25,2023-04-22,-90,-0.770822
2026-07-23T23:54:40.839120+00:00,2022-10-26,2023-04-23,-90,-0.777236
2026-07-23T23:54:41.003786+00:00,2022-10-27,2023-04-24,-91,-0.783106
2026-07-23T23:54:41.169985+00:00,2022-10-28,2023-04-25,-91,-0.792665
2026-07-23T23:54:41.336724+00:00,2022-10-29,2023-04-26,-91,-0.798226
2026-07-23T23:54:41.503344+00:00,2022-10-30,2023-04-27,-91,-0.802924
2026-07-23T23:54:41.670451+00:00,2022-10-31,2023-04-28,-92,-0.807665
2026-07-23T23:54:41.836799+00:00,2022-11-01,2023-04-29,-92,-0.802455
2026-07-23T23:54:42.003596+00:00,2022-11-02,2023-04-30,-92,-0.791042
2026-07-23T23:54:42.172087+00:00,2022-11-03,2023-05-01,-92,-0.775823
2026-07-23T23:54:42.337746+00:00,2022-11-04,2023-05-02,-92,-0.762999
2026-07-23T23:54:42.505045+00:00,2022-11-05,2023-05-03,-92,-0.750112
2026-07-23T23:54:42.672221+00:00,2022-11-06,2023-05-04,-121,-0.762869
2026-07-23T23:54:42.838893+00:00,2022-11-07,2023-05-05,-121,-0.7676
2026-07-23T23:54:43.007422+00:00,2022-11-08,2023-05-06,-121,-0.774191
2026-07-23T23:54:43.176168+00:00,2022-11-09,2023-05-07,-121,-0.774691
2026-07-23T23:54:43.343522+00:00,2022-11-10,2023-05-08,-121,-0.764157
2026-07-23T23:54:43.510977+00:00,2022-11-11,2023-05-09,-121,-0.753095
2026-07-23T23:54:43.678367+00:00,2022-11-12,2023-05-10,-122,-0.714676
2026-07-23T23:54:43.846313+00:00,2022-11-13,2023-05-11,-144,0.723627
2026-07-23T23:54:44.013241+00:00,2022-11-14,2023-05-12,-144,0.720317
2026-07-23T23:54:44.179114+00:00,2022-11-15,2023-05-13,-144,0.719469
2026-07-23T23:54:44.347727+00:00,2022-11-16,2023-05-14,-144,0.705775
2026-07-23T23:54:44.509361+00:00,2022-11-17,2023-05-15,-144,0.685795
2026-07-23T23:54:44.672974+00:00,2022-11-18,2023-05-16,-147,0.643339
2026-07-23T23:54:44.840613+00:00,2022-11-19,2023-05-17,-90,-0.633622
2026-07-23T23:54:45.005641+00:00,2022-11-20,2023-05-18,-90,-0.631074
2026-07-23T23:54:45.174038+00:00,2022-11-21,2023-05-19,-90,-0.628081
2026-07-23T23:54:45.340827+00:00,2022-11-22,2023-05-20,-90,-0.621154
2026-07-23T23:54:45.509628+00:00,2022-11-23,2023-05-21,147,0.651072
2026-07-23T23:54:45.675516+00:00,2022-11-24,2023-05-22,147,0.647476
2026-07-23T23:54:45.836542+00:00,2022-11-25,2023-05-23,145,0.620297
2026-07-23T23:54:46.004190+00:00,2022-11-26,2023-05-24,145,0.636479
2026-07-23T23:54:46.169406+00:00,2022-11-27,2023-05-25,145,0.647053
2026-07-23T23:54:46.337454+00:00,2022-11-28,2023-05-26,146,0.637614
2026-07-23T23:54:46.505105+00:00,2022-11-29,2023-05-27,147,0.655268
2026-07-23T23:54:46.673203+00:00,2022-11-30,2023-05-28,147,0.691957
2026-07-23T23:54:46.840488+00:00,2022-12-01,2023-05-29,147,0.657223
2026-07-23T23:54:47.005887+00:00,2022-12-02,2023-05-30,-128,0.675055
2026-07-23T23:54:47.171381+00:00,2022-12-03,2023-05-31,-128,0.684014
2026-07-23T23:54:47.338590+00:00,2022-12-04,2023-06-01,-127,0.674222
2026-07-23T23:54:47.505559+00:00,2022-12-05,2023-06-02,-128,0.646885
2026-07-23T23:54:47.671761+00:00,2022-12-06,2023-06-03,-150,-0.630638
2026-07-23T23:54:47.839414+00:00,2022-12-07,2023-06-04,-150,-0.666468
2026-07-23T23:54:48.007175+00:00,2022-12-08,2023-06-05,-150,-0.674368
2026-07-23T23:54:48.173329+00:00,2022-12-09,2023-06-06,-150,-0.693766
2026-07-23T23:54:48.340401+00:00,2022-12-10,2023-06-07,-150,-0.770586
2026-07-23T23:54:48.511716+00:00,2022-12-11,2023-06-08,-150,-0.822728
2026-07-23T23:54:48.679949+00:00,2022-12-12,2023-06-09,-150,-0.848113
2026-07-23T23:54:48.847450+00:00,2022-12-13,2023-06-10,-149,-0.886711
2026-07-23T23:54:49.012452+00:00,2022-12-14,2023-06-11,-149,-0.889347
2026-07-23T23:54:49.177897+00:00,2022-12-15,2023-06-12,-149,-0.891087
2026-07-23T23:54:49.343782+00:00,2022-12-16,2023-06-13,-149,-0.89325
2026-07-23T23:54:49.510958+00:00,2022-12-17,2023-06-14,-149,-0.906996
2026-07-23T23:54:49.677444+00:00,2022-12-18,2023-06-15,-148,-0.919056
2026-07-23T23:54:49.843532+00:00,2022-12-19,2023-06-16,-148,-0.929399
2026-07-23T23:54:50.012268+00:00,2022-12-20,2023-06-17,-148,-0.947795
2026-07-23T23:54:50.178463+00:00,2022-12-21,2023-06-18,-147,-0.957406
2026-07-23T23:54:50.346051+00:00,2022-12-22,2023-06-19,-147,-0.954317
2026-07-23T23:54:50.513581+00:00,2022-12-23,2023-06-20,-147,-0.947947
2026-07-23T23:54:50.682988+00:00,2022-12-24,2023-06-21,-147,-0.946002
2026-07-23T23:54:50.850656+00:00,2022-12-25,2023-06-22,-147,-0.945176
2026-07-23T23:54:51.018602+00:00,2022-12-26,2023-06-23,-147,-0.94039
2026-07-23T23:54:51.185273+00:00,2022-12-27,2023-06-24,-147,-0.942715
2026-07-23T23:54:51.351994+00:00,2022-12-28,2023-06-25,-147,-0.942962
2026-07-23T23:54:51.518934+00:00,2022-12-29,2023-06-26,-147,-0.945662
2026-07-23T23:54:51.687229+00:00,2022-12-30,2023-06-27,-147,-0.954057
2026-07-23T23:54:51.856435+00:00,2022-12-31,2023-06-28,-147,-0.962088
2026-07-23T23:54:52.025243+00:00,2023-01-01,2023-06-29,-147,-0.965042
2026-07-23T23:54:52.194247+00:00,2023-01-02,2023-06-30,-147,-0.967086
2026-07-23T23:54:52.362851+00:00,2023-01-03,2023-07-01,-147,-0.967739
2026-07-23T23:54:52.528832+00:00,2023-01-04,2023-07-02,-147,-0.968546
2026-07-23T23:54:52.697100+00:00,2023-01-05,2023-07-03,-148,-0.964578
2026-07-23T23:54:52.865246+00:00,2023-01-06,2023-07-04,-148,-0.96043
2026-07-23T23:54:53.033799+00:00,2023-01-07,2023-07-05,-148,-0.959295
2026-07-23T23:54:53.202315+00:00,2023-01-08,2023-07-06,-148,-0.954494
2026-07-23T23:54:53.369562+00:00,2023-01-09,2023-07-07,-148,-0.950383
2026-07-23T23:54:53.537611+00:00,2023-01-10,2023-07-08,-149,-0.953366
2026-07-23T23:54:53.704904+00:00,2023-01-11,2023-07-09,-149,-0.938579
2026-07-23T23:54:53.871619+00:00,2023-01-12,2023-07-10,-149,-0.943226
2026-07-23T23:54:54.037093+00:00,2023-01-13,2023-07-11,-149,-0.946569
2026-07-23T23:54:54.203664+00:00,2023-01-14,2023-07-12,-149,-0.94978
2026-07-23T23:54:54.367071+00:00,2023-01-15,2023-07-13,-150,-0.942251
2026-07-23T23:54:54.527821+00:00,2023-01-16,2023-07-14,-150,-0.924061
2026-07-23T23:54:54.691764+00:00,2023-01-17,2023-07-15,-150,-0.870967
2026-07-23T23:54:54.855167+00:00,2023-01-18,2023-07-16,-150,-0.777678
2026-07-23T23:54:55.022842+00:00,2023-01-19,2023-07-17,-150,-0.712349
2026-07-23T23:54:55.189964+00:00,2023-01-20,2023-07-18,-150,-0.664248
2026-07-23T23:54:55.357564+00:00,2023-01-21,2023-07-19,-150,-0.619865
2026-07-23T23:54:55.524880+00:00,2023-01-22,2023-07-20,-150,-0.582303
2026-07-23T23:54:55.692441+00:00,2023-01-23,2023-07-21,-150,-0.588321
2026-07-23T23:54:55.858706+00:00,2023-01-24,2023-07-22,-150,-0.617709
2026-07-23T23:54:56.026922+00:00,2023-01-25,2023-07-23,-150,-0.623354
2026-07-23T23:54:56.191870+00:00,2023-01-26,2023-07-24,-150,-0.652408
2026-07-23T23:54:56.359427+00:00,2023-01-27,2023-07-25,-150,-0.666397
2026-07-23T23:54:56.527348+00:00,2023-01-28,2023-07-26,-150,-0.653275
2026-07-23T23:54:56.693697+00:00,2023-01-29,2023-07-27,-150,-0.633172
2026-07-23T23:54:56.861725+00:00,2023-01-30,2023-07-28,-150,-0.6222
2026-07-23T23:54:57.029355+00:00,2023-01-31,2023-07-29,-150,-0.606937
2026-07-23T23:54:57.195507+00:00,2023-02-01,2023-07-30,-150,-0.592231
2026-07-23T23:54:57.361832+00:00,2023-02-02,2023-07-31,-150,-0.563282
2026-07-23T23:54:57.529825+00:00,2023-02-03,2023-08-01,-150,-0.512377
2026-07-23T23:54:57.695839+00:00,2023-02-04,2023-08-02,-150,-0.456062
2026-07-23T23:54:57.861859+00:00,2023-02-05,2023-08-03,-129,-0.405771
2026-07-23T23:54:58.028031+00:00,2023-02-06,2023-08-04,-143,0.480994
2026-07-23T23:54:58.196050+00:00,2023-02-07,2023-08-05,-143,0.535393
2026-07-23T23:54:58.360393+00:00,2023-02-08,2023-08-06,-144,0.61755
2026-07-23T23:54:58.527940+00:00,2023-02-09,2023-08-07,-144,0.664412
2026-07-23T23:54:58.694904+00:00,2023-02-10,2023-08-08,-145,0.700735
2026-07-23T23:54:58.862227+00:00,2023-02-11,2023-08-09,-145,0.677623
2026-07-23T23:54:59.028106+00:00,2023-02-12,2023-08-10,-144,0.634031
2026-07-23T23:54:59.193696+00:00,2023-02-13,2023-08-11,-144,0.619389
2026-07-23T23:54:59.358768+00:00,2023-02-14,2023-08-12,150,0.665569
2026-07-23T23:54:59.532591+00:00,2023-02-15,2023-08-13,150,0.695411
2026-07-23T23:54:59.700055+00:00,2023-02-16,2023-08-14,150,0.751136
2026-07-23T23:54:59.868783+00:00,2023-02-17,2023-08-15,149,0.75413
2026-07-23T23:55:00.036536+00:00,2023-02-18,2023-08-16,148,0.725887
2026-07-23T23:55:00.202688+00:00,2023-02-19,2023-08-17,149,0.711895
2026-07-23T23:55:00.371313+00:00,2023-02-20,2023-08-18,148,0.712611
2026-07-23T23:55:00.538495+00:00,2023-02-21,2023-08-19,148,0.701708
2026-07-23T23:55:00.705601+00:00,2023-02-22,2023-08-20,150,0.661019
2026-07-23T23:55:00.873523+00:00,2023-02-23,2023-08-21,150,0.681811
2026-07-23T23:55:01.041618+00:00,2023-02-24,2023-08-22,150,0.635258
2026-07-23T23:55:01.209015+00:00,2023-02-25,2023-08-23,150,0.559265
2026-07-23T23:55:01.376667+00:00,2023-02-26,2023-08-24,125,0.591898
2026-07-23T23:55:01.542208+00:00,2023-02-27,2023-08-25,124,0.643022
2026-07-23T23:55:01.707317+00:00,2023-02-28,2023-08-26,124,0.662627
2026-07-23T23:55:01.872989+00:00,2023-03-01,2023-08-27,124,0.670486
2026-07-23T23:55:02.040649+00:00,2023-03-02,2023-08-28,-143,0.702797
2026-07-23T23:55:02.206358+00:00,2023-03-03,2023-08-29,-143,0.726968
2026-07-23T23:55:02.373189+00:00,2023-03-04,2023-08-30,-143,0.734519
2026-07-23T23:55:02.539957+00:00,2023-03-05,2023-08-31,-144,0.727749
2026-07-23T23:55:02.707221+00:00,2023-03-06,2023-09-01,-144,0.701699
2026-07-23T23:55:02.875938+00:00,2023-03-07,2023-09-02,124,0.654867
2026-07-23T23:55:03.044658+00:00,2023-03-08,2023-09-03,124,0.647134
2026-07-23T23:55:03.212417+00:00,2023-03-09,2023-09-04,124,0.641034
2026-07-23T23:55:03.379620+00:00,2023-03-10,2023-09-05,124,0.641175
2026-07-23T23:55:03.547773+00:00,2023-03-11,2023-09-06,124,0.668456
2026-07-23T23:55:03.714592+00:00,2023-03-12,2023-09-07,123,0.681485
2026-07-23T23:55:03.881654+00:00,2023-03-13,2023-09-08,123,0.684548
2026-07-23T23:55:04.049066+00:00,2023-03-14,2023-09-09,123,0.689087
2026-07-23T23:55:04.216799+00:00,2023-03-15,2023-09-10,123,0.696273
2026-07-23T23:55:04.382929+00:00,2023-03-16,2023-09-11,123,0.688978
2026-07-23T23:55:04.544693+00:00,2023-03-17,2023-09-12,124,0.698007
2026-07-23T23:55:04.707938+00:00,2023-03-18,2023-09-13,124,0.707531
2026-07-23T23:55:04.875691+00:00,2023-03-19,2023-09-14,124,0.72503
2026-07-23T23:55:05.042989+00:00,2023-03-20,2023-09-15,123,0.722909
2026-07-23T23:55:05.209972+00:00,2023-03-21,2023-09-16,123,0.701943
2026-07-23T23:55:05.376318+00:00,2023-03-22,2023-09-17,124,0.678612
2026-07-23T23:55:05.541541+00:00,2023-03-23,2023-09-18,124,0.669657
2026-07-23T23:55:05.706483+00:00,2023-03-24,2023-09-19,124,0.674295
2026-07-23T23:55:05.873948+00:00,2023-03-25,2023-09-20,124,0.685794
2026-07-23T23:55:06.039504+00:00,2023-03-26,2023-09-21,124,0.695711
2026-07-23T23:55:06.201640+00:00,2023-03-27,2023-09-22,124,0.698397
2026-07-23T23:55:06.365421+00:00,2023-03-28,2023-09-23,124,0.697735
2026-07-23T23:55:06.531435+00:00,2023-03-29,2023-09-24,124,0.693769
2026-07-23T23:55:06.699342+00:00,2023-03-30,2023-09-25,124,0.685034
2026-07-23T23:55:06.867514+00:00,2023-03-31,2023-09-26,-89,-0.677359
2026-07-23T23:55:07.035460+00:00,2023-04-01,2023-09-27,-89,-0.669155
2026-07-23T23:55:07.202847+00:00,2023-04-02,2023-09-28,-89,-0.657151
2026-07-23T23:55:07.370978+00:00,2023-04-03,2023-09-29,-89,-0.642469
2026-07-23T23:55:07.537961+00:00,2023-04-04,2023-09-30,-89,-0.628088
2026-07-23T23:55:07.704604+00:00,2023-04-05,2023-10-01,-89,-0.614892
2026-07-23T23:55:07.871761+00:00,2023-04-06,2023-10-02,124,0.610932
2026-07-23T23:55:08.038249+00:00,2023-04-07,2023-10-03,124,0.614627
2026-07-23T23:55:08.206931+00:00,2023-04-08,2023-10-04,124,0.620959
2026-07-23T23:55:08.375035+00:00,2023-04-09,2023-10-05,124,0.626221
2026-07-23T23:55:08.542465+00:00,2023-04-10,2023-10-06,124,0.62935
2026-07-23T23:55:08.710787+00:00,2023-04-11,2023-10-07,124,0.612568
2026-07-23T23:55:08.877946+00:00,2023-04-12,2023-10-08,124,0.604934
2026-07-23T23:55:09.045238+00:00,2023-04-13,2023-10-09,127,0.632013
2026-07-23T23:55:09.209670+00:00,2023-04-14,2023-10-10,126,0.648566
2026-07-23T23:55:09.376265+00:00,2023-04-15,2023-10-11,125,0.652065
2026-07-23T23:55:09.543739+00:00,2023-04-16,2023-10-12,126,0.659626
2026-07-23T23:55:09.712195+00:00,2023-04-17,2023-10-13,125,0.669483
2026-07-23T23:55:09.881327+00:00,2023-04-18,2023-10-14,124,0.675073
2026-07-23T23:55:10.048853+00:00,2023-04-19,2023-10-15,-143,0.722756
2026-07-23T23:55:10.216945+00:00,2023-04-20,2023-10-16,-142,0.716708
2026-07-23T23:55:10.383525+00:00,2023-04-21,2023-10-17,-142,0.723443
2026-07-23T23:55:10.551829+00:00,2023-04-22,2023-10-18,-142,0.728087
2026-07-23T23:55:10.718733+00:00,2023-04-23,2023-10-19,150,-0.744837
2026-07-23T23:55:10.886005+00:00,2023-04-24,2023-10-20,150,-0.761909
2026-07-23T23:55:11.053268+00:00,2023-04-25,2023-10-21,150,-0.763754
2026-07-23T23:55:11.220679+00:00,2023-04-26,2023-10-22,150,-0.761454
2026-07-23T23:55:11.388758+00:00,2023-04-27,2023-10-23,150,-0.750005
2026-07-23T23:55:11.557743+00:00,2023-04-28,2023-10-24,150,-0.767754
2026-07-23T23:55:11.727668+00:00,2023-04-29,2023-10-25,150,-0.778761
2026-07-23T23:55:11.896298+00:00,2023-04-30,2023-10-26,150,-0.785202
2026-07-23T23:55:12.063637+00:00,2023-05-01,2023-10-27,150,-0.795081
2026-07-23T23:55:12.231701+00:00,2023-05-02,2023-10-28,150,-0.818271
2026-07-23T23:55:12.400885+00:00,2023-05-03,2023-10-29,150,-0.858613
2026-07-23T23:55:12.568469+00:00,2023-05-04,2023-10-30,150,-0.885579
2026-07-23T23:55:12.737238+00:00,2023-05-05,2023-10-31,150,-0.88007
2026-07-23T23:55:12.905936+00:00,2023-05-06,2023-11-01,150,-0.86214
2026-07-23T23:55:13.074153+00:00,2023-05-07,2023-11-02,150,-0.855715
2026-07-23T23:55:13.243094+00:00,2023-05-08,2023-11-03,150,-0.835604
2026-07-23T23:55:13.413097+00:00,2023-05-09,2023-11-04,150,-0.769896
2026-07-23T23:55:13.580934+00:00,2023-05-10,2023-11-05,150,-0.697755
2026-07-23T23:55:13.749306+00:00,2023-05-11,2023-11-06,150,-0.653389
2026-07-23T23:55:13.914518+00:00,2023-05-12,2023-11-07,137,0.609051
2026-07-23T23:55:14.077910+00:00,2023-05-13,2023-11-08,136,0.644245
2026-07-23T23:55:14.244733+00:00,2023-05-14,2023-11-09,135,0.664983
2026-07-23T23:55:14.411858+00:00,2023-05-15,2023-11-10,135,0.664169
2026-07-23T23:55:14.575122+00:00,2023-05-16,2023-11-11,134,0.644954
2026-07-23T23:55:14.742956+00:00,2023-05-17,2023-11-12,133,0.634916
2026-07-23T23:55:14.910490+00:00,2023-05-18,2023-11-13,-141,0.60482
2026-07-23T23:55:15.075426+00:00,2023-05-19,2023-11-14,-141,0.588205
2026-07-23T23:55:15.241775+00:00,2023-05-20,2023-11-15,54,0.557178
2026-07-23T23:55:15.410355+00:00,2023-05-21,2023-11-16,147,-0.620598
2026-07-23T23:55:15.578407+00:00,2023-05-22,2023-11-17,147,-0.704046
2026-07-23T23:55:15.745299+00:00,2023-05-23,2023-11-18,147,-0.780506
2026-07-23T23:55:15.913849+00:00,2023-05-24,2023-11-19,146,-0.787636
2026-07-23T23:55:16.081410+00:00,2023-05-25,2023-11-20,146,-0.716301
2026-07-23T23:55:16.249775+00:00,2023-05-26,2023-11-21,55,0.525788
2026-07-23T23:55:16.416102+00:00,2023-05-27,2023-11-22,55,0.516311
2026-07-23T23:55:16.578139+00:00,2023-05-28,2023-11-23,-88,-0.530691
2026-07-23T23:55:16.746497+00:00,2023-05-29,2023-11-24,-88,-0.552466
2026-07-23T23:55:16.913911+00:00,2023-05-30,2023-11-25,-88,-0.569458
2026-07-23T23:55:17.081332+00:00,2023-05-31,2023-11-26,150,0.592041
2026-07-23T23:55:17.250274+00:00,2023-06-01,2023-11-27,150,0.659987
2026-07-23T23:55:17.417601+00:00,2023-06-02,2023-11-28,150,0.704082
2026-07-23T23:55:17.584681+00:00,2023-06-03,2023-11-29,150,0.73667
2026-07-23T23:55:17.751941+00:00,2023-06-04,2023-11-30,150,0.745423
2026-07-23T23:55:17.920263+00:00,2023-06-05,2023-12-01,150,0.740753
2026-07-23T23:55:18.086942+00:00,2023-06-06,2023-12-02,150,0.725172
2026-07-23T23:55:18.253664+00:00,2023-06-07,2023-12-03,150,0.737778
2026-07-23T23:55:18.420994+00:00,2023-06-08,2023-12-04,150,0.739332
2026-07-23T23:55:18.587612+00:00,2023-06-09,2023-12-05,150,0.740818
2026-07-23T23:55:18.755367+00:00,2023-06-10,2023-12-06,150,0.739008
2026-07-23T23:55:18.922370+00:00,2023-06-11,2023-12-07,150,0.720406
2026-07-23T23:55:19.086985+00:00,2023-06-12,2023-12-08,150,0.737597
2026-07-23T23:55:19.250182+00:00,2023-06-13,2023-12-09,150,0.73066
2026-07-23T23:55:19.417260+00:00,2023-06-14,2023-12-10,150,0.698439
2026-07-23T23:55:19.584796+00:00,2023-06-15,2023-12-11,150,0.688224
2026-07-23T23:55:19.753137+00:00,2023-06-16,2023-12-12,-88,-0.678873
2026-07-23T23:55:19.920959+00:00,2023-06-17,2023-12-13,136,-0.705806
2026-07-23T23:55:20.088850+00:00,2023-06-18,2023-12-14,135,-0.73049
2026-07-23T23:55:20.255491+00:00,2023-06-19,2023-12-15,135,-0.743888
2026-07-23T23:55:20.421790+00:00,2023-06-20,2023-12-16,135,-0.753512
2026-07-23T23:55:20.586465+00:00,2023-06-21,2023-12-17,135,-0.753792
2026-07-23T23:55:20.752846+00:00,2023-06-22,2023-12-18,135,-0.758807
2026-07-23T23:55:20.921047+00:00,2023-06-23,2023-12-19,134,-0.76478
2026-07-23T23:55:21.087538+00:00,2023-06-24,2023-12-20,134,-0.767109
2026-07-23T23:55:21.253856+00:00,2023-06-25,2023-12-21,134,-0.76916
2026-07-23T23:55:21.419643+00:00,2023-06-26,2023-12-22,134,-0.768341
2026-07-23T23:55:21.586581+00:00,2023-06-27,2023-12-23,135,-0.77523
2026-07-23T23:55:21.753049+00:00,2023-06-28,2023-12-24,135,-0.77514
2026-07-23T23:55:21.920240+00:00,2023-06-29,2023-12-25,145,0.832987
2026-07-23T23:55:22.085883+00:00,2023-06-30,2023-12-26,145,0.835747
2026-07-23T23:55:22.252844+00:00,2023-07-01,2023-12-27,145,0.804366
2026-07-23T23:55:22.420998+00:00,2023-07-02,2023-12-28,145,0.774055
2026-07-23T23:55:22.586292+00:00,2023-07-03,2023-12-29,145,0.740353
2026-07-23T23:55:22.753828+00:00,2023-07-04,2023-12-30,145,0.676473
2026-07-23T23:55:22.921500+00:00,2023-07-05,2023-12-31,-105,-0.64473
2026-07-23T23:55:23.087322+00:00,2023-07-06,2024-01-01,-105,-0.642074
2026-07-23T23:55:23.254288+00:00,2023-07-07,2024-01-02,-106,-0.624921
2026-07-23T23:55:23.421505+00:00,2023-07-08,2024-01-03,-106,-0.604295
2026-07-23T23:55:23.588510+00:00,2023-07-09,2024-01-04,58,0.566094
2026-07-23T23:55:23.755661+00:00,2023-07-10,2024-01-05,-143,-0.587474
2026-07-23T23:55:23.922299+00:00,2023-07-11,2024-01-06,-141,-0.614665
2026-07-23T23:55:24.089957+00:00,2023-07-12,2024-01-07,-141,-0.676787
2026-07-23T23:55:24.256181+00:00,2023-07-13,2024-01-08,-141,-0.721106
2026-07-23T23:55:24.422703+00:00,2023-07-14,2024-01-09,-141,-0.684569
2026-07-23T23:55:24.585009+00:00,2023-07-15,2024-01-10,-141,-0.65365
2026-07-23T23:55:24.749107+00:00,2023-07-16,2024-01-11,-141,-0.617997
2026-07-23T23:55:24.913110+00:00,2023-07-17,2024-01-12,56,0.608177
2026-07-23T23:55:25.076695+00:00,2023-07-18,2024-01-13,56,0.611224
2026-07-23T23:55:25.243692+00:00,2023-07-19,2024-01-14,56,0.613873
2026-07-23T23:55:25.411721+00:00,2023-07-20,2024-01-15,56,0.61413
2026-07-23T23:55:25.575667+00:00,2023-07-21,2024-01-16,58,0.620113
2026-07-23T23:55:25.738867+00:00,2023-07-22,2024-01-17,58,0.63037
2026-07-23T23:55:25.905230+00:00,2023-07-23,2024-01-18,57,0.639755
2026-07-23T23:55:26.072705+00:00,2023-07-24,2024-01-19,57,0.640356
2026-07-23T23:55:26.241391+00:00,2023-07-25,2024-01-20,57,0.635601
2026-07-23T23:55:26.409473+00:00,2023-07-26,2024-01-21,57,0.632727
2026-07-23T23:55:26.577021+00:00,2023-07-27,2024-01-22,56,0.629003
2026-07-23T23:55:26.744459+00:00,2023-07-28,2024-01-23,56,0.61998
2026-07-23T23:55:26.913209+00:00,2023-07-29,2024-01-24,56,0.607166
2026-07-23T23:55:27.081610+00:00,2023-07-30,2024-01-25,56,0.584431
2026-07-23T23:55:27.249708+00:00,2023-07-31,2024-01-26,-150,0.585208
2026-07-23T23:55:27.418599+00:00,2023-08-01,2024-01-27,-123,-0.554525
2026-07-23T23:55:27.586160+00:00,2023-08-02,2024-01-28,-123,-0.570796
2026-07-23T23:55:27.755224+00:00,2023-08-03,2024-01-29,-123,-0.57739
2026-07-23T23:55:27.923100+00:00,2023-08-04,2024-01-30,-123,-0.579741
2026-07-23T23:55:28.089837+00:00,2023-08-05,2024-01-31,-123,-0.578979
2026-07-23T23:55:28.256209+00:00,2023-08-06,2024-02-01,-123,-0.565338
2026-07-23T23:55:28.423921+00:00,2023-08-07,2024-02-02,150,0.635185
2026-07-23T23:55:28.591929+00:00,2023-08-08,2024-02-03,150,0.67663
2026-07-23T23:55:28.760181+00:00,2023-08-09,2024-02-04,149,0.704302
2026-07-23T23:55:28.925226+00:00,2023-08-10,2024-02-05,148,0.71515
2026-07-23T23:55:29.091189+00:00,2023-08-11,2024-02-06,147,0.745128
2026-07-23T23:55:29.255811+00:00,2023-08-12,2024-02-07,147,0.789138
2026-07-23T23:55:29.423401+00:00,2023-08-13,2024-02-08,146,0.804433
2026-07-23T23:55:29.589653+00:00,2023-08-14,2024-02-09,146,0.82657
2026-07-23T23:55:29.755370+00:00,2023-08-15,2024-02-10,145,0.823637
2026-07-23T23:55:29.922864+00:00,2023-08-16,2024-02-11,145,0.81642
2026-07-23T23:55:30.089699+00:00,2023-08-17,2024-02-12,146,0.830077
2026-07-23T23:55:30.257811+00:00,2023-08-18,2024-02-13,145,0.848132
2026-07-23T23:55:30.421556+00:00,2023-08-19,2024-02-14,145,0.833565
2026-07-23T23:55:30.584736+00:00,2023-08-20,2024-02-15,145,0.810782
2026-07-23T23:55:30.751814+00:00,2023-08-21,2024-02-16,145,0.76525
2026-07-23T23:55:30.918478+00:00,2023-08-22,2024-02-17,146,0.660947
2026-07-23T23:55:31.085593+00:00,2023-08-23,2024-02-18,-126,-0.649664
2026-07-23T23:55:31.252208+00:00,2023-08-24,2024-02-19,-126,-0.64357
2026-07-23T23:55:31.418865+00:00,2023-08-25,2024-02-20,-126,-0.616514
2026-07-23T23:55:31.585207+00:00,2023-08-26,2024-02-21,-126,-0.584852
2026-07-23T23:55:31.751303+00:00,2023-08-27,2024-02-22,-126,-0.551333
2026-07-23T23:55:31.918971+00:00,2023-08-28,2024-02-23,126,-0.460115
2026-07-23T23:55:32.086723+00:00,2023-08-29,2024-02-24,126,-0.495024
2026-07-23T23:55:32.252889+00:00,2023-08-30,2024-02-25,126,-0.526038
2026-07-23T23:55:32.420398+00:00,2023-08-31,2024-02-26,126,-0.569121
2026-07-23T23:55:32.587250+00:00,2023-09-01,2024-02-27,125,-0.592978
2026-07-23T23:55:32.754549+00:00,2023-09-02,2024-02-28,125,-0.612927
2026-07-23T23:55:32.921634+00:00,2023-09-03,2024-02-29,-132,0.658032
2026-07-23T23:55:33.090546+00:00,2023-09-04,2024-03-01,-132,0.69703
2026-07-23T23:55:33.258525+00:00,2023-09-05,2024-03-02,-132,0.726451
2026-07-23T23:55:33.425785+00:00,2023-09-06,2024-03-03,-132,0.743873
2026-07-23T23:55:33.592449+00:00,2023-09-07,2024-03-04,-132,0.729799
2026-07-23T23:55:33.759677+00:00,2023-09-08,2024-03-05,-132,0.730607
2026-07-23T23:55:33.924394+00:00,2023-09-09,2024-03-06,148,-0.738303
2026-07-23T23:55:34.088484+00:00,2023-09-10,2024-03-07,147,-0.763169
2026-07-23T23:55:34.254410+00:00,2023-09-11,2024-03-08,147,-0.76405
2026-07-23T23:55:34.422817+00:00,2023-09-12,2024-03-09,146,-0.748257
2026-07-23T23:55:34.584643+00:00,2023-09-13,2024-03-10,145,-0.734041
2026-07-23T23:55:34.751215+00:00,2023-09-14,2024-03-11,145,-0.725362
2026-07-23T23:55:34.917349+00:00,2023-09-15,2024-03-12,132,0.762411
2026-07-23T23:55:35.083979+00:00,2023-09-16,2024-03-13,132,0.752169
2026-07-23T23:55:35.251848+00:00,2023-09-17,2024-03-14,132,0.712834
2026-07-23T23:55:35.418564+00:00,2023-09-18,2024-03-15,123,-0.700042
2026-07-23T23:55:35.583055+00:00,2023-09-19,2024-03-16,124,-0.719895
2026-07-23T23:55:35.748643+00:00,2023-09-20,2024-03-17,123,-0.721122
2026-07-23T23:55:35.916269+00:00,2023-09-21,2024-03-18,123,-0.654659
2026-07-23T23:55:36.083449+00:00,2023-09-22,2024-03-19,-129,0.625066
2026-07-23T23:55:36.250976+00:00,2023-09-23,2024-03-20,-129,0.602522
2026-07-23T23:55:36.419203+00:00,2023-09-24,2024-03-21,136,0.593048
2026-07-23T23:55:36.586557+00:00,2023-09-25,2024-03-22,136,0.619675
2026-07-23T23:55:36.753038+00:00,2023-09-26,2024-03-23,136,0.637128
2026-07-23T23:55:36.922086+00:00,2023-09-27,2024-03-24,136,0.657713
2026-07-23T23:55:37.089216+00:00,2023-09-28,2024-03-25,135,0.672879
2026-07-23T23:55:37.256342+00:00,2023-09-29,2024-03-26,135,0.662091
2026-07-23T23:55:37.423085+00:00,2023-09-30,2024-03-27,135,0.618182
2026-07-23T23:55:37.589501+00:00,2023-10-01,2024-03-28,13,0.593436
2026-07-23T23:55:37.757564+00:00,2023-10-02,2024-03-29,13,0.591063
2026-07-23T23:55:37.923787+00:00,2023-10-03,2024-03-30,12,0.5862
2026-07-23T23:55:38.090767+00:00,2023-10-04,2024-03-31,148,-0.627058
2026-07-23T23:55:38.257310+00:00,2023-10-05,2024-04-01,148,-0.696428
2026-07-23T23:55:38.424778+00:00,2023-10-06,2024-04-02,147,-0.741614
2026-07-23T23:55:38.591902+00:00,2023-10-07,2024-04-03,147,-0.769549
2026-07-23T23:55:38.758789+00:00,2023-10-08,2024-04-04,147,-0.779613
2026-07-23T23:55:38.877148+00:00,2023-10-09,2024-04-05,147,-0.754458
2026-07-23T23:55:38.979991+00:00,2023-10-10,2024-04-06,147,-0.725758
2026-07-23T23:55:39.083932+00:00,2023-10-11,2024-04-07,147,-0.693275
2026-07-23T23:55:39.188237+00:00,2023-10-12,2024-04-08,147,-0.67426
2026-07-23T23:55:39.292269+00:00,2023-10-13,2024-04-09,147,-0.686195
2026-07-23T23:55:39.396571+00:00,2023-10-14,2024-04-10,147,-0.692216
2026-07-23T23:55:39.500394+00:00,2023-10-15,2024-04-11,148,-0.670164
2026-07-23T23:55:39.603148+00:00,2023-10-16,2024-04-12,148,-0.664644
2026-07-23T23:55:39.705840+00:00,2023-10-17,2024-04-13,148,-0.596422
2026-07-23T23:55:39.808902+00:00,2023-10-18,2024-04-14,-122,-0.546376
2026-07-23T23:55:39.912571+00:00,2023-10-19,2024-04-15,-122,-0.541865
2026-07-23T23:55:40.018018+00:00,2023-10-20,2024-04-16,-122,-0.534476
2026-07-23T23:55:40.123087+00:00,2023-10-21,2024-04-17,-122,-0.528445
2026-07-23T23:55:40.228623+00:00,2023-10-22,2024-04-18,-122,-0.524192
2026-07-23T23:55:40.334055+00:00,2023-10-23,2024-04-19,-133,-0.502672
2026-07-23T23:55:40.479572+00:00,2023-10-24,2024-04-20,-133,-0.481577
2026-07-23T23:55:40.642765+00:00,2023-10-25,2024-04-21,150,0.519503
2026-07-23T23:55:40.804521+00:00,2023-10-26,2024-04-22,150,0.604413
2026-07-23T23:55:40.966659+00:00,2023-10-27,2024-04-23,150,0.696802
2026-07-23T23:55:41.129662+00:00,2023-10-28,2024-04-24,150,0.78631
2026-07-23T23:55:41.295573+00:00,2023-10-29,2024-04-25,150,0.830833
2026-07-23T23:55:41.461156+00:00,2023-10-30,2024-04-26,149,0.837807
2026-07-23T23:55:41.628169+00:00,2023-10-31,2024-04-27,149,0.864143
2026-07-23T23:55:41.795949+00:00,2023-11-01,2024-04-28,149,0.881615
2026-07-23T23:55:41.963231+00:00,2023-11-02,2024-04-29,148,0.901961
2026-07-23T23:55:42.106597+00:00,2023-11-03,2024-04-30,148,0.900282
2026-07-23T23:55:42.266004+00:00,2023-11-04,2024-05-01,147,0.899915
2026-07-23T23:55:42.429160+00:00,2023-11-05,2024-05-02,148,0.901239
2026-07-23T23:55:42.566316+00:00,2023-11-06,2024-05-03,147,0.892204
2026-07-23T23:55:42.670023+00:00,2023-11-07,2024-05-04,147,0.885766
2026-07-23T23:55:42.774735+00:00,2023-11-08,2024-05-05,147,0.877918
2026-07-23T23:55:42.879896+00:00,2023-11-09,2024-05-06,147,0.866002
2026-07-23T23:55:42.983279+00:00,2023-11-10,2024-05-07,148,0.858446
2026-07-23T23:55:43.086471+00:00,2023-11-11,2024-05-08,148,0.853336
2026-07-23T23:55:43.190018+00:00,2023-11-12,2024-05-09,148,0.847024
2026-07-23T23:55:43.293590+00:00,2023-11-13,2024-05-10,148,0.802382
2026-07-23T23:55:43.397174+00:00,2023-11-14,2024-05-11,148,0.748589
2026-07-23T23:55:43.500639+00:00,2023-11-15,2024-05-12,148,0.671559
2026-07-23T23:55:43.604250+00:00,2023-11-16,2024-05-13,148,0.546925
2026-07-23T23:55:43.707867+00:00,2023-11-17,2024-05-14,89,-0.50999
2026-07-23T23:55:43.811464+00:00,2023-11-18,2024-05-15,89,-0.519973
2026-07-23T23:55:43.914327+00:00,2023-11-19,2024-05-16,95,-0.53863
2026-07-23T23:55:44.129558+00:00,2023-11-20,2024-05-17,-140,-0.577891
2026-07-23T23:55:44.343624+00:00,2023-11-21,2024-05-18,-140,-0.673535
2026-07-23T23:55:44.506556+00:00,2023-11-22,2024-05-19,-140,-0.652847
2026-07-23T23:55:44.669362+00:00,2023-11-23,2024-05-20,-140,-0.626933
2026-07-23T23:55:44.833029+00:00,2023-11-24,2024-05-21,-140,-0.572065
2026-07-23T23:55:44.996678+00:00,2023-11-25,2024-05-22,95,-0.570213
2026-07-23T23:55:45.161300+00:00,2023-11-26,2024-05-23,95,-0.581872
2026-07-23T23:55:45.325460+00:00,2023-11-27,2024-05-24,95,-0.594443
2026-07-23T23:55:45.492982+00:00,2023-11-28,2024-05-25,95,-0.603605
2026-07-23T23:55:45.654752+00:00,2023-11-29,2024-05-26,94,-0.606673
2026-07-23T23:55:45.817715+00:00,2023-11-30,2024-05-27,-148,0.66946
2026-07-23T23:55:45.980427+00:00,2023-12-01,2024-05-28,-148,0.765075
2026-07-23T23:55:46.144067+00:00,2023-12-02,2024-05-29,-148,0.786547
2026-07-23T23:55:46.309354+00:00,2023-12-03,2024-05-30,-148,0.79851
2026-07-23T23:55:46.473650+00:00,2023-12-04,2024-05-31,-148,0.790269
2026-07-23T23:55:46.640525+00:00,2023-12-05,2024-06-01,-148,0.791099
2026-07-23T23:55:46.806737+00:00,2023-12-06,2024-06-02,-148,0.78252
2026-07-23T23:55:46.977498+00:00,2023-12-07,2024-06-03,-148,0.747925
2026-07-23T23:55:47.144261+00:00,2023-12-08,2024-06-04,-148,0.727612
2026-07-23T23:55:47.308491+00:00,2023-12-09,2024-06-05,-148,0.719871
2026-07-23T23:55:47.472337+00:00,2023-12-10,2024-06-06,-148,0.692399
2026-07-23T23:55:47.636113+00:00,2023-12-11,2024-06-07,144,-0.656344
2026-07-23T23:55:47.800765+00:00,2023-12-12,2024-06-08,144,-0.646628
2026-07-23T23:55:47.965879+00:00,2023-12-13,2024-06-09,144,-0.65298
2026-07-23T23:55:48.131263+00:00,2023-12-14,2024-06-10,145,-0.612814
2026-07-23T23:55:48.296695+00:00,2023-12-15,2024-06-11,-146,0.609578
2026-07-23T23:55:48.459706+00:00,2023-12-16,2024-06-12,-146,0.61765
2026-07-23T23:55:48.626556+00:00,2023-12-17,2024-06-13,-146,0.620414
2026-07-23T23:55:48.789142+00:00,2023-12-18,2024-06-14,-146,0.638483
2026-07-23T23:55:48.951990+00:00,2023-12-19,2024-06-15,-146,0.617304
2026-07-23T23:55:49.114362+00:00,2023-12-20,2024-06-16,-146,0.62522
2026-07-23T23:55:49.276821+00:00,2023-12-21,2024-06-17,-146,0.622222
2026-07-23T23:55:49.439803+00:00,2023-12-22,2024-06-18,-138,-0.623502
2026-07-23T23:55:49.602074+00:00,2023-12-23,2024-06-19,-138,-0.640178
2026-07-23T23:55:49.766108+00:00,2023-12-24,2024-06-20,-138,-0.623681
2026-07-23T23:55:49.931600+00:00,2023-12-25,2024-06-21,93,-0.608429
2026-07-23T23:55:50.094822+00:00,2023-12-26,2024-06-22,93,-0.606338
2026-07-23T23:55:50.259969+00:00,2023-12-27,2024-06-23,94,-0.604773
2026-07-23T23:55:50.425823+00:00,2023-12-28,2024-06-24,94,-0.599672
2026-07-23T23:55:50.589222+00:00,2023-12-29,2024-06-25,94,-0.572909
2026-07-23T23:55:50.755301+00:00,2023-12-30,2024-06-26,108,0.575978
2026-07-23T23:55:50.919758+00:00,2023-12-31,2024-06-27,149,0.60575
2026-07-23T23:55:51.083874+00:00,2024-01-01,2024-06-28,149,0.635061
2026-07-23T23:55:51.246606+00:00,2024-01-02,2024-06-29,149,0.635705
2026-07-23T23:55:51.410708+00:00,2024-01-03,2024-06-30,-149,-0.725017
2026-07-23T23:55:51.571918+00:00,2024-01-04,2024-07-01,-149,-0.798288
2026-07-23T23:55:51.733801+00:00,2024-01-05,2024-07-02,-149,-0.81271
2026-07-23T23:55:51.897023+00:00,2024-01-06,2024-07-03,-150,-0.792049
2026-07-23T23:55:52.060316+00:00,2024-01-07,2024-07-04,-150,-0.750986
2026-07-23T23:55:52.222919+00:00,2024-01-08,2024-07-05,-149,-0.71134
2026-07-23T23:55:52.385801+00:00,2024-01-09,2024-07-06,149,0.685191
2026-07-23T23:55:52.549765+00:00,2024-01-10,2024-07-07,149,0.701384
2026-07-23T23:55:52.714319+00:00,2024-01-11,2024-07-08,149,0.717099
2026-07-23T23:55:52.878434+00:00,2024-01-12,2024-07-09,149,0.720368
2026-07-23T23:55:53.045039+00:00,2024-01-13,2024-07-10,149,0.655642
2026-07-23T23:55:53.207824+00:00,2024-01-14,2024-07-11,150,0.642516
2026-07-23T23:55:53.373650+00:00,2024-01-15,2024-07-12,149,0.644254
2026-07-23T23:55:53.537349+00:00,2024-01-16,2024-07-13,149,0.618539
2026-07-23T23:55:53.702798+00:00,2024-01-17,2024-07-14,149,0.501713
2026-07-23T23:55:53.866809+00:00,2024-01-18,2024-07-15,138,-0.594127
2026-07-23T23:55:54.030656+00:00,2024-01-19,2024-07-16,138,-0.65097
2026-07-23T23:55:54.194126+00:00,2024-01-20,2024-07-17,138,-0.679393
2026-07-23T23:55:54.359985+00:00,2024-01-21,2024-07-18,138,-0.697743
2026-07-23T23:55:54.522554+00:00,2024-01-22,2024-07-19,138,-0.714229
2026-07-23T23:55:54.685086+00:00,2024-01-23,2024-07-20,140,-0.720468
2026-07-23T23:55:54.851951+00:00,2024-01-24,2024-07-21,140,-0.743236
2026-07-23T23:55:55.020775+00:00,2024-01-25,2024-07-22,140,-0.749203
2026-07-23T23:55:55.188415+00:00,2024-01-26,2024-07-23,140,-0.74847
2026-07-23T23:55:55.355320+00:00,2024-01-27,2024-07-24,139,-0.748244
2026-07-23T23:55:55.523318+00:00,2024-01-28,2024-07-25,140,-0.750213
2026-07-23T23:55:55.690427+00:00,2024-01-29,2024-07-26,140,-0.719696
2026-07-23T23:55:55.856350+00:00,2024-01-30,2024-07-27,138,-0.672951
2026-07-23T23:55:56.019892+00:00,2024-01-31,2024-07-28,138,-0.670074
2026-07-23T23:55:56.183752+00:00,2024-02-01,2024-07-29,138,-0.658586
2026-07-23T23:55:56.347164+00:00,2024-02-02,2024-07-30,138,-0.635423
2026-07-23T23:55:56.512112+00:00,2024-02-03,2024-07-31,-71,0.602525
2026-07-23T23:55:56.678229+00:00,2024-02-04,2024-08-01,-71,0.611825
2026-07-23T23:55:56.842003+00:00,2024-02-05,2024-08-02,-71,0.615987
2026-07-23T23:55:57.005728+00:00,2024-02-06,2024-08-03,-71,0.626546
2026-07-23T23:55:57.169328+00:00,2024-02-07,2024-08-04,-71,0.631752
2026-07-23T23:55:57.332704+00:00,2024-02-08,2024-08-05,-71,0.638159
2026-07-23T23:55:57.494883+00:00,2024-02-09,2024-08-06,-69,0.65234
2026-07-23T23:55:57.660197+00:00,2024-02-10,2024-08-07,-69,0.658102
2026-07-23T23:55:57.822127+00:00,2024-02-11,2024-08-08,-69,0.661631
2026-07-23T23:55:57.985627+00:00,2024-02-12,2024-08-09,-69,0.667679
2026-07-23T23:55:58.150616+00:00,2024-02-13,2024-08-10,-69,0.672017
2026-07-23T23:55:58.313590+00:00,2024-02-14,2024-08-11,-71,0.66308
2026-07-23T23:55:58.478189+00:00,2024-02-15,2024-08-12,-71,0.663325
2026-07-23T23:55:58.642662+00:00,2024-02-16,2024-08-13,-69,0.658683
2026-07-23T23:55:58.804809+00:00,2024-02-17,2024-08-14,-69,0.66451
2026-07-23T23:55:58.972011+00:00,2024-02-18,2024-08-15,-143,-0.671651
2026-07-23T23:55:59.134883+00:00,2024-02-19,2024-08-16,-143,-0.671002
2026-07-23T23:55:59.299570+00:00,2024-02-20,2024-08-17,-144,-0.658376
2026-07-23T23:55:59.461762+00:00,2024-02-21,2024-08-18,-117,-0.697188
2026-07-23T23:55:59.625156+00:00,2024-02-22,2024-08-19,-118,-0.778809
2026-07-23T23:55:59.788571+00:00,2024-02-23,2024-08-20,-118,-0.839214
2026-07-23T23:55:59.952019+00:00,2024-02-24,2024-08-21,-119,-0.831149
2026-07-23T23:56:00.114852+00:00,2024-02-25,2024-08-22,-119,-0.817446
2026-07-23T23:56:00.278418+00:00,2024-02-26,2024-08-23,-120,-0.812009
2026-07-23T23:56:00.440990+00:00,2024-02-27,2024-08-24,-121,-0.804101
2026-07-23T23:56:00.604588+00:00,2024-02-28,2024-08-25,-122,-0.790527
2026-07-23T23:56:00.767996+00:00,2024-02-29,2024-08-26,-123,-0.773716
2026-07-23T23:56:00.932022+00:00,2024-03-01,2024-08-27,-123,-0.767169
2026-07-23T23:56:01.095946+00:00,2024-03-02,2024-08-28,-123,-0.758419
2026-07-23T23:56:01.258629+00:00,2024-03-03,2024-08-29,-124,-0.745605
2026-07-23T23:56:01.421254+00:00,2024-03-04,2024-08-30,-124,-0.728231
2026-07-23T23:56:01.584587+00:00,2024-03-05,2024-08-31,144,0.741644
2026-07-23T23:56:01.747153+00:00,2024-03-06,2024-09-01,145,0.765836
2026-07-23T23:56:01.909132+00:00,2024-03-07,2024-09-02,144,0.785172
2026-07-23T23:56:02.072705+00:00,2024-03-08,2024-09-03,144,0.802179
2026-07-23T23:56:02.234884+00:00,2024-03-09,2024-09-04,144,0.825202
2026-07-23T23:56:02.398185+00:00,2024-03-10,2024-09-05,144,0.814755
2026-07-23T23:56:02.560871+00:00,2024-03-11,2024-09-06,144,0.803494
2026-07-23T23:56:02.724074+00:00,2024-03-12,2024-09-07,144,0.791
2026-07-23T23:56:02.888548+00:00,2024-03-13,2024-09-08,144,0.771964
2026-07-23T23:56:03.052891+00:00,2024-03-14,2024-09-09,145,0.749445
2026-07-23T23:56:03.215536+00:00,2024-03-15,2024-09-10,145,0.712387
2026-07-23T23:56:03.378037+00:00,2024-03-16,2024-09-11,-122,-0.675919
2026-07-23T23:56:03.541733+00:00,2024-03-17,2024-09-12,-123,-0.665353
2026-07-23T23:56:03.709977+00:00,2024-03-18,2024-09-13,-147,0.686317
2026-07-23T23:56:03.874893+00:00,2024-03-19,2024-09-14,-147,0.748495
2026-07-23T23:56:04.039787+00:00,2024-03-20,2024-09-15,-147,0.792789
2026-07-23T23:56:04.204939+00:00,2024-03-21,2024-09-16,-147,0.840311
2026-07-23T23:56:04.368764+00:00,2024-03-22,2024-09-17,-147,0.862408
2026-07-23T23:56:04.531529+00:00,2024-03-23,2024-09-18,-147,0.87469
2026-07-23T23:56:04.694773+00:00,2024-03-24,2024-09-19,-147,0.87456
2026-07-23T23:56:04.860584+00:00,2024-03-25,2024-09-20,-148,0.873908
2026-07-23T23:56:05.026434+00:00,2024-03-26,2024-09-21,-149,0.882331
2026-07-23T23:56:05.192206+00:00,2024-03-27,2024-09-22,-150,0.898632
2026-07-23T23:56:05.360586+00:00,2024-03-28,2024-09-23,-150,0.86456
2026-07-23T23:56:05.528078+00:00,2024-03-29,2024-09-24,-150,0.836408
2026-07-23T23:56:05.693245+00:00,2024-03-30,2024-09-25,135,-0.847251
2026-07-23T23:56:05.854464+00:00,2024-03-31,2024-09-26,135,-0.855368
2026-07-23T23:56:06.017482+00:00,2024-04-01,2024-09-27,134,-0.852896
2026-07-23T23:56:06.180308+00:00,2024-04-02,2024-09-28,134,-0.846759
2026-07-23T23:56:06.343543+00:00,2024-04-03,2024-09-29,135,-0.854235
2026-07-23T23:56:06.507845+00:00,2024-04-04,2024-09-30,134,-0.849216
2026-07-23T23:56:06.672155+00:00,2024-04-05,2024-10-01,133,-0.802076
2026-07-23T23:56:06.833620+00:00,2024-04-06,2024-10-02,132,-0.819067
2026-07-23T23:56:06.996994+00:00,2024-04-07,2024-10-03,131,-0.844459
2026-07-23T23:56:07.160716+00:00,2024-04-08,2024-10-04,131,-0.852019
2026-07-23T23:56:07.331167+00:00,2024-04-09,2024-10-05,131,-0.852591
2026-07-23T23:56:07.496426+00:00,2024-04-10,2024-10-06,130,-0.85183
2026-07-23T23:56:07.662787+00:00,2024-04-11,2024-10-07,130,-0.848085
2026-07-23T23:56:07.831046+00:00,2024-04-12,2024-10-08,130,-0.839054
2026-07-23T23:56:07.993133+00:00,2024-04-13,2024-10-09,130,-0.831499
2026-07-23T23:56:08.156391+00:00,2024-04-14,2024-10-10,130,-0.826642
2026-07-23T23:56:08.318660+00:00,2024-04-15,2024-10-11,130,-0.818275
2026-07-23T23:56:08.482692+00:00,2024-04-16,2024-10-12,130,-0.807355
2026-07-23T23:56:08.650411+00:00,2024-04-17,2024-10-13,130,-0.798599
2026-07-23T23:56:08.815786+00:00,2024-04-18,2024-10-14,130,-0.788766
2026-07-23T23:56:08.980312+00:00,2024-04-19,2024-10-15,130,-0.734096
2026-07-23T23:56:09.145277+00:00,2024-04-20,2024-10-16,130,-0.727734
2026-07-23T23:56:09.311426+00:00,2024-04-21,2024-10-17,130,-0.758584
2026-07-23T23:56:09.480892+00:00,2024-04-22,2024-10-18,130,-0.758191
2026-07-23T23:56:09.644367+00:00,2024-04-23,2024-10-19,130,-0.763404
2026-07-23T23:56:09.809812+00:00,2024-04-24,2024-10-20,130,-0.75332
2026-07-23T23:56:09.976097+00:00,2024-04-25,2024-10-21,130,-0.751889
2026-07-23T23:56:10.144681+00:00,2024-04-26,2024-10-22,75,-0.74365
2026-07-23T23:56:10.308306+00:00,2024-04-27,2024-10-23,75,-0.748679
2026-07-23T23:56:10.474917+00:00,2024-04-28,2024-10-24,75,-0.755745
2026-07-23T23:56:10.640864+00:00,2024-04-29,2024-10-25,75,-0.763334
2026-07-23T23:56:10.805620+00:00,2024-04-30,2024-10-26,75,-0.768255
2026-07-23T23:56:10.976195+00:00,2024-05-01,2024-10-27,75,-0.767269
2026-07-23T23:56:11.139256+00:00,2024-05-02,2024-10-28,75,-0.766008
2026-07-23T23:56:11.305159+00:00,2024-05-03,2024-10-29,75,-0.770941
2026-07-23T23:56:11.467793+00:00,2024-05-04,2024-10-30,75,-0.776524
2026-07-23T23:56:11.630094+00:00,2024-05-05,2024-10-31,75,-0.786062
2026-07-23T23:56:11.796319+00:00,2024-05-06,2024-11-01,75,-0.79488
2026-07-23T23:56:11.957847+00:00,2024-05-07,2024-11-02,75,-0.796446
2026-07-23T23:56:12.122246+00:00,2024-05-08,2024-11-03,75,-0.797193
2026-07-23T23:56:12.288147+00:00,2024-05-09,2024-11-04,75,-0.786116
2026-07-23T23:56:12.456978+00:00,2024-05-10,2024-11-05,75,-0.783134
2026-07-23T23:56:12.621935+00:00,2024-05-11,2024-11-06,75,-0.779566
2026-07-23T23:56:12.787395+00:00,2024-05-12,2024-11-07,75,-0.775693
2026-07-23T23:56:12.951159+00:00,2024-05-13,2024-11-08,75,-0.76227
2026-07-23T23:56:13.114306+00:00,2024-05-14,2024-11-09,75,-0.737652
2026-07-23T23:56:13.279277+00:00,2024-05-15,2024-11-10,75,-0.725301
2026-07-23T23:56:13.444866+00:00,2024-05-16,2024-11-11,75,-0.70984
2026-07-23T23:56:13.608744+00:00,2024-05-17,2024-11-12,75,-0.681216
2026-07-23T23:56:13.774528+00:00,2024-05-18,2024-11-13,75,-0.656297
2026-07-23T23:56:13.944443+00:00,2024-05-19,2024-11-14,75,-0.619925
2026-07-23T23:56:14.112008+00:00,2024-05-20,2024-11-15,18,0.573727
2026-07-23T23:56:14.277178+00:00,2024-05-21,2024-11-16,18,0.564963
2026-07-23T23:56:14.443279+00:00,2024-05-22,2024-11-17,18,0.559781
2026-07-23T23:56:14.609447+00:00,2024-05-23,2024-11-18,18,0.555833
2026-07-23T23:56:14.778469+00:00,2024-05-24,2024-11-19,18,0.549004
2026-07-23T23:56:14.942123+00:00,2024-05-25,2024-11-20,18,0.539737
2026-07-23T23:56:15.105929+00:00,2024-05-26,2024-11-21,-142,-0.595927
2026-07-23T23:56:15.268332+00:00,2024-05-27,2024-11-22,-142,-0.6352
2026-07-23T23:56:15.430945+00:00,2024-05-28,2024-11-23,-142,-0.675203
2026-07-23T23:56:15.596450+00:00,2024-05-29,2024-11-24,-142,-0.690135
2026-07-23T23:56:15.761357+00:00,2024-05-30,2024-11-25,144,-0.712264
2026-07-23T23:56:15.930583+00:00,2024-05-31,2024-11-26,146,-0.763084
2026-07-23T23:56:16.095929+00:00,2024-06-01,2024-11-27,146,-0.737505
2026-07-23T23:56:16.261752+00:00,2024-06-02,2024-11-28,144,-0.743619
2026-07-23T23:56:16.424695+00:00,2024-06-03,2024-11-29,144,-0.765297
2026-07-23T23:56:16.592504+00:00,2024-06-04,2024-11-30,143,-0.783504
2026-07-23T23:56:16.759697+00:00,2024-06-05,2024-12-01,142,-0.805421
2026-07-23T23:56:16.924970+00:00,2024-06-06,2024-12-02,142,-0.81304
2026-07-23T23:56:17.090762+00:00,2024-06-07,2024-12-03,142,-0.809101
2026-07-23T23:56:17.253364+00:00,2024-06-08,2024-12-04,141,-0.797144
2026-07-23T23:56:17.418920+00:00,2024-06-09,2024-12-05,141,-0.780624
2026-07-23T23:56:17.581250+00:00,2024-06-10,2024-12-06,142,-0.760195
2026-07-23T23:56:17.746154+00:00,2024-06-11,2024-12-07,-142,-0.75907
2026-07-23T23:56:17.912079+00:00,2024-06-12,2024-12-08,-142,-0.785847
2026-07-23T23:56:18.077689+00:00,2024-06-13,2024-12-09,-142,-0.787914
2026-07-23T23:56:18.242543+00:00,2024-06-14,2024-12-10,-142,-0.789688
2026-07-23T23:56:18.407866+00:00,2024-06-15,2024-12-11,-142,-0.783322
2026-07-23T23:56:18.574663+00:00,2024-06-16,2024-12-12,-142,-0.777542
2026-07-23T23:56:18.740503+00:00,2024-06-17,2024-12-13,-142,-0.77602
2026-07-23T23:56:18.906525+00:00,2024-06-18,2024-12-14,-142,-0.763248
2026-07-23T23:56:19.072535+00:00,2024-06-19,2024-12-15,-142,-0.732166
2026-07-23T23:56:19.237099+00:00,2024-06-20,2024-12-16,-142,-0.685461
2026-07-23T23:56:19.403960+00:00,2024-06-21,2024-12-17,-142,-0.647283
2026-07-23T23:56:19.571077+00:00,2024-06-22,2024-12-18,-124,-0.631481
2026-07-23T23:56:19.736234+00:00,2024-06-23,2024-12-19,-124,-0.626692
2026-07-23T23:56:19.901115+00:00,2024-06-24,2024-12-20,-124,-0.617832
2026-07-23T23:56:20.065897+00:00,2024-06-25,2024-12-21,-124,-0.595726
2026-07-23T23:56:20.231998+00:00,2024-06-26,2024-12-22,-124,-0.582709
2026-07-23T23:56:20.398676+00:00,2024-06-27,2024-12-23,-124,-0.569946
2026-07-23T23:56:20.562406+00:00,2024-06-28,2024-12-24,134,-0.594996
2026-07-23T23:56:20.727362+00:00,2024-06-29,2024-12-25,134,-0.686318
2026-07-23T23:56:20.895364+00:00,2024-06-30,2024-12-26,134,-0.753966
2026-07-23T23:56:21.061597+00:00,2024-07-01,2024-12-27,134,-0.797501
2026-07-23T23:56:21.229358+00:00,2024-07-02,2024-12-28,134,-0.825252
2026-07-23T23:56:21.394319+00:00,2024-07-03,2024-12-29,134,-0.836312
2026-07-23T23:56:21.560690+00:00,2024-07-04,2024-12-30,134,-0.841113
2026-07-23T23:56:21.722214+00:00,2024-07-05,2024-12-31,134,-0.8286
2026-07-23T23:56:21.887781+00:00,2024-07-06,2025-01-01,134,-0.830343
2026-07-23T23:56:22.054229+00:00,2024-07-07,2025-01-02,135,-0.795088
2026-07-23T23:56:22.221520+00:00,2024-07-08,2025-01-03,136,-0.760591
2026-07-23T23:56:22.387881+00:00,2024-07-09,2025-01-04,134,-0.744393
2026-07-23T23:56:22.554671+00:00,2024-07-10,2025-01-05,126,-0.733767
2026-07-23T23:56:22.720409+00:00,2024-07-11,2025-01-06,126,-0.7271
2026-07-23T23:56:22.886190+00:00,2024-07-12,2025-01-07,127,-0.700609
2026-07-23T23:56:23.052370+00:00,2024-07-13,2025-01-08,128,-0.662202
2026-07-23T23:56:23.220301+00:00,2024-07-14,2025-01-09,128,-0.642711
2026-07-23T23:56:23.389172+00:00,2024-07-15,2025-01-10,126,-0.608001
2026-07-23T23:56:23.557022+00:00,2024-07-16,2025-01-11,124,-0.56759
2026-07-23T23:56:23.726656+00:00,2024-07-17,2025-01-12,124,-0.537484
2026-07-23T23:56:23.893989+00:00,2024-07-18,2025-01-13,-136,0.58706
2026-07-23T23:56:24.060681+00:00,2024-07-19,2025-01-14,-136,0.641896
2026-07-23T23:56:24.226662+00:00,2024-07-20,2025-01-15,150,0.713388
2026-07-23T23:56:24.392668+00:00,2024-07-21,2025-01-16,150,0.771876
2026-07-23T23:56:24.563426+00:00,2024-07-22,2025-01-17,150,0.796189
2026-07-23T23:56:24.729911+00:00,2024-07-23,2025-01-18,150,0.783704
2026-07-23T23:56:24.895539+00:00,2024-07-24,2025-01-19,150,0.761783
2026-07-23T23:56:25.060226+00:00,2024-07-25,2025-01-20,-137,0.7237
2026-07-23T23:56:25.224884+00:00,2024-07-26,2025-01-21,-137,0.724911
2026-07-23T23:56:25.393813+00:00,2024-07-27,2025-01-22,-136,0.740376
2026-07-23T23:56:25.560594+00:00,2024-07-28,2025-01-23,-136,0.761161
2026-07-23T23:56:25.727621+00:00,2024-07-29,2025-01-24,145,0.785309
2026-07-23T23:56:25.894561+00:00,2024-07-30,2025-01-25,145,0.817357
2026-07-23T23:56:26.057212+00:00,2024-07-31,2025-01-26,144,0.849862
2026-07-23T23:56:26.223860+00:00,2024-08-01,2025-01-27,143,0.863975
2026-07-23T23:56:26.386662+00:00,2024-08-02,2025-01-28,143,0.88011
2026-07-23T23:56:26.552102+00:00,2024-08-03,2025-01-29,143,0.874707
2026-07-23T23:56:26.717079+00:00,2024-08-04,2025-01-30,143,0.87214
2026-07-23T23:56:26.880918+00:00,2024-08-05,2025-01-31,142,0.868585
2026-07-23T23:56:27.044619+00:00,2024-08-06,2025-02-01,142,0.855947
2026-07-23T23:56:27.210033+00:00,2024-08-07,2025-02-02,-132,0.855231
2026-07-23T23:56:27.377215+00:00,2024-08-08,2025-02-03,-132,0.859539
2026-07-23T23:56:27.543317+00:00,2024-08-09,2025-02-04,-132,0.867596
2026-07-23T23:56:27.709802+00:00,2024-08-10,2025-02-05,-132,0.866451
2026-07-23T23:56:27.876253+00:00,2024-08-11,2025-02-06,-132,0.855461
2026-07-23T23:56:28.042085+00:00,2024-08-12,2025-02-07,-132,0.841891
2026-07-23T23:56:28.206309+00:00,2024-08-13,2025-02-08,-132,0.828925
2026-07-23T23:56:28.372531+00:00,2024-08-14,2025-02-09,-132,0.810834
2026-07-23T23:56:28.540277+00:00,2024-08-15,2025-02-10,-133,0.80745
2026-07-23T23:56:28.708554+00:00,2024-08-16,2025-02-11,-134,0.827236
2026-07-23T23:56:28.874516+00:00,2024-08-17,2025-02-12,-136,0.754175
2026-07-23T23:56:29.039588+00:00,2024-08-18,2025-02-13,-146,0.724072
2026-07-23T23:56:29.202932+00:00,2024-08-19,2025-02-14,-146,0.707126
2026-07-23T23:56:29.369108+00:00,2024-08-20,2025-02-15,-147,0.685355
2026-07-23T23:56:29.536719+00:00,2024-08-21,2025-02-16,-150,0.675856
2026-07-23T23:56:29.701970+00:00,2024-08-22,2025-02-17,-150,0.651606
2026-07-23T23:56:29.866863+00:00,2024-08-23,2025-02-18,-147,0.629117
2026-07-23T23:56:30.027681+00:00,2024-08-24,2025-02-19,121,-0.619523
2026-07-23T23:56:30.192073+00:00,2024-08-25,2025-02-20,120,-0.606131
2026-07-23T23:56:30.356568+00:00,2024-08-26,2025-02-21,99,0.58716
2026-07-23T23:56:30.523273+00:00,2024-08-27,2025-02-22,99,0.588356
2026-07-23T23:56:30.689535+00:00,2024-08-28,2025-02-23,99,0.578117
2026-07-23T23:56:30.854718+00:00,2024-08-29,2025-02-24,-146,0.583371
2026-07-23T23:56:31.019392+00:00,2024-08-30,2025-02-25,-146,0.631232
2026-07-23T23:56:31.185626+00:00,2024-08-31,2025-02-26,-146,0.671535
2026-07-23T23:56:31.351304+00:00,2024-09-01,2025-02-27,-146,0.721871
2026-07-23T23:56:31.517095+00:00,2024-09-02,2025-02-28,-146,0.740589
2026-07-23T23:56:31.682759+00:00,2024-09-03,2025-03-01,-147,0.750404
2026-07-23T23:56:31.847491+00:00,2024-09-04,2025-03-02,-147,0.750177
2026-07-23T23:56:32.016176+00:00,2024-09-05,2025-03-03,-147,0.754893
2026-07-23T23:56:32.183551+00:00,2024-09-06,2025-03-04,-148,0.752807
2026-07-23T23:56:32.345525+00:00,2024-09-07,2025-03-05,-148,0.756465
2026-07-23T23:56:32.508910+00:00,2024-09-08,2025-03-06,-148,0.7618
2026-07-23T23:56:32.672439+00:00,2024-09-09,2025-03-07,-148,0.752573
2026-07-23T23:56:32.839378+00:00,2024-09-10,2025-03-08,-149,0.747117
2026-07-23T23:56:33.005944+00:00,2024-09-11,2025-03-09,-150,0.74098
2026-07-23T23:56:33.170585+00:00,2024-09-12,2025-03-10,-150,0.740568
2026-07-23T23:56:33.336692+00:00,2024-09-13,2025-03-11,-150,0.741437
2026-07-23T23:56:33.504337+00:00,2024-09-14,2025-03-12,-150,0.742962
2026-07-23T23:56:33.668470+00:00,2024-09-15,2025-03-13,-149,0.741881
2026-07-23T23:56:33.833078+00:00,2024-09-16,2025-03-14,-148,0.746421
2026-07-23T23:56:33.997688+00:00,2024-09-17,2025-03-15,-149,0.756246
2026-07-23T23:56:34.162027+00:00,2024-09-18,2025-03-16,-149,0.778669
2026-07-23T23:56:34.326792+00:00,2024-09-19,2025-03-17,-149,0.747639
2026-07-23T23:56:34.493019+00:00,2024-09-20,2025-03-18,-149,0.712285
2026-07-23T23:56:34.661216+00:00,2024-09-21,2025-03-19,-121,0.726251
2026-07-23T23:56:34.825474+00:00,2024-09-22,2025-03-20,-121,0.733506
2026-07-23T23:56:34.988904+00:00,2024-09-23,2025-03-21,-121,0.732471
2026-07-23T23:56:35.162235+00:00,2024-09-24,2025-03-22,-121,0.729958
2026-07-23T23:56:35.328977+00:00,2024-09-25,2025-03-23,-121,0.729552
2026-07-23T23:56:35.496167+00:00,2024-09-26,2025-03-24,-121,0.722786
2026-07-23T23:56:35.662393+00:00,2024-09-27,2025-03-25,-122,0.710671
2026-07-23T23:56:35.827134+00:00,2024-09-28,2025-03-26,-137,-0.699206
2026-07-23T23:56:35.990895+00:00,2024-09-29,2025-03-27,-137,-0.730474
2026-07-23T23:56:36.157489+00:00,2024-09-30,2025-03-28,-137,-0.763642
2026-07-23T23:56:36.321317+00:00,2024-10-01,2025-03-29,-138,-0.761967
2026-07-23T23:56:36.488280+00:00,2024-10-02,2025-03-30,-139,-0.702919
2026-07-23T23:56:36.652728+00:00,2024-10-03,2025-03-31,-121,0.669204
2026-07-23T23:56:36.822234+00:00,2024-10-04,2025-04-01,-121,0.678815
2026-07-23T23:56:36.989123+00:00,2024-10-05,2025-04-02,-141,-0.67998
2026-07-23T23:56:37.156002+00:00,2024-10-06,2025-04-03,-141,-0.696817
2026-07-23T23:56:37.322445+00:00,2024-10-07,2025-04-04,-141,-0.707096
2026-07-23T23:56:37.489192+00:00,2024-10-08,2025-04-05,-142,-0.722761
2026-07-23T23:56:37.653630+00:00,2024-10-09,2025-04-06,-142,-0.726964
2026-07-23T23:56:37.820182+00:00,2024-10-10,2025-04-07,-142,-0.744519
2026-07-23T23:56:37.986006+00:00,2024-10-11,2025-04-08,-142,-0.771187
2026-07-23T23:56:38.151817+00:00,2024-10-12,2025-04-09,-142,-0.794336
2026-07-23T23:56:38.318544+00:00,2024-10-13,2025-04-10,-142,-0.793234
2026-07-23T23:56:38.483925+00:00,2024-10-14,2025-04-11,-142,-0.796118
2026-07-23T23:56:38.651279+00:00,2024-10-15,2025-04-12,-142,-0.798243
2026-07-23T23:56:38.817682+00:00,2024-10-16,2025-04-13,-143,-0.749869
2026-07-23T23:56:38.984924+00:00,2024-10-17,2025-04-14,-143,-0.69672
2026-07-23T23:56:39.149747+00:00,2024-10-18,2025-04-15,-143,-0.651514
2026-07-23T23:56:39.313201+00:00,2024-10-19,2025-04-16,-150,-0.629025
2026-07-23T23:56:39.480469+00:00,2024-10-20,2025-04-17,-150,-0.692913
2026-07-23T23:56:39.649366+00:00,2024-10-21,2025-04-18,-150,-0.74794
2026-07-23T23:56:39.814692+00:00,2024-10-22,2025-04-19,-150,-0.775392
2026-07-23T23:56:39.981394+00:00,2024-10-23,2025-04-20,-150,-0.812548
2026-07-23T23:56:40.147451+00:00,2024-10-24,2025-04-21,-150,-0.829823
2026-07-23T23:56:40.313710+00:00,2024-10-25,2025-04-22,-150,-0.834209
2026-07-23T23:56:40.482007+00:00,2024-10-26,2025-04-23,-150,-0.838018
2026-07-23T23:56:40.648018+00:00,2024-10-27,2025-04-24,-150,-0.818964
2026-07-23T23:56:40.815059+00:00,2024-10-28,2025-04-25,-150,-0.794269
2026-07-23T23:56:40.980659+00:00,2024-10-29,2025-04-26,-150,-0.721603
2026-07-23T23:56:41.145182+00:00,2024-10-30,2025-04-27,-150,-0.681486
2026-07-23T23:56:41.311772+00:00,2024-10-31,2025-04-28,-150,-0.655684
2026-07-23T23:56:41.479028+00:00,2024-11-01,2025-04-29,-150,-0.641417
2026-07-23T23:56:41.645531+00:00,2024-11-02,2025-04-30,-150,-0.598374
2026-07-23T23:56:41.810215+00:00,2024-11-03,2025-05-01,-115,0.589115
2026-07-23T23:56:41.977270+00:00,2024-11-04,2025-05-02,146,0.6097
2026-07-23T23:56:42.143652+00:00,2024-11-05,2025-05-03,146,0.667682
2026-07-23T23:56:42.311954+00:00,2024-11-06,2025-05-04,137,-0.696422
2026-07-23T23:56:42.478864+00:00,2024-11-07,2025-05-05,136,-0.721345
2026-07-23T23:56:42.642143+00:00,2024-11-08,2025-05-06,136,-0.727106
2026-07-23T23:56:42.804783+00:00,2024-11-09,2025-05-07,136,-0.733447
2026-07-23T23:56:42.969617+00:00,2024-11-10,2025-05-08,136,-0.736383
2026-07-23T23:56:43.132597+00:00,2024-11-11,2025-05-09,136,-0.747891
2026-07-23T23:56:43.297117+00:00,2024-11-12,2025-05-10,136,-0.753268
2026-07-23T23:56:43.461729+00:00,2024-11-13,2025-05-11,136,-0.757678
2026-07-23T23:56:43.628400+00:00,2024-11-14,2025-05-12,137,-0.771013
2026-07-23T23:56:43.794357+00:00,2024-11-15,2025-05-13,138,-0.806712
2026-07-23T23:56:43.962155+00:00,2024-11-16,2025-05-14,138,-0.812265
2026-07-23T23:56:44.125739+00:00,2024-11-17,2025-05-15,138,-0.815891
2026-07-23T23:56:44.292454+00:00,2024-11-18,2025-05-16,138,-0.8259
2026-07-23T23:56:44.456575+00:00,2024-11-19,2025-05-17,138,-0.830703
2026-07-23T23:56:44.619212+00:00,2024-11-20,2025-05-18,138,-0.83049
2026-07-23T23:56:44.781355+00:00,2024-11-21,2025-05-19,138,-0.825487
2026-07-23T23:56:44.942252+00:00,2024-11-22,2025-05-20,138,-0.820203
2026-07-23T23:56:45.104998+00:00,2024-11-23,2025-05-21,138,-0.816171
2026-07-23T23:56:45.266329+00:00,2024-11-24,2025-05-22,138,-0.845952
2026-07-23T23:56:45.431110+00:00,2024-11-25,2025-05-23,138,-0.865141
2026-07-23T23:56:45.599634+00:00,2024-11-26,2025-05-24,138,-0.865152
2026-07-23T23:56:45.765778+00:00,2024-11-27,2025-05-25,138,-0.864364
2026-07-23T23:56:45.932824+00:00,2024-11-28,2025-05-26,138,-0.864389
2026-07-23T23:56:46.098764+00:00,2024-11-29,2025-05-27,138,-0.868862
2026-07-23T23:56:46.266976+00:00,2024-11-30,2025-05-28,138,-0.867088
2026-07-23T23:56:46.433500+00:00,2024-12-01,2025-05-29,138,-0.848061
2026-07-23T23:56:46.600964+00:00,2024-12-02,2025-05-30,138,-0.840511
2026-07-23T23:56:46.768805+00:00,2024-12-03,2025-05-31,138,-0.831381
2026-07-23T23:56:46.933380+00:00,2024-12-04,2025-06-01,138,-0.829923
2026-07-23T23:56:47.099935+00:00,2024-12-05,2025-06-02,139,-0.829212
2026-07-23T23:56:47.266336+00:00,2024-12-06,2025-06-03,139,-0.790159
2026-07-23T23:56:47.432443+00:00,2024-12-07,2025-06-04,139,-0.755937
2026-07-23T23:56:47.597473+00:00,2024-12-08,2025-06-05,139,-0.722593
2026-07-23T23:56:47.761575+00:00,2024-12-09,2025-06-06,139,-0.695327
2026-07-23T23:56:47.926352+00:00,2024-12-10,2025-06-07,139,-0.680351
2026-07-23T23:56:48.090839+00:00,2024-12-11,2025-06-08,-128,0.596791
2026-07-23T23:56:48.257680+00:00,2024-12-12,2025-06-09,-149,0.601776
2026-07-23T23:56:48.422949+00:00,2024-12-13,2025-06-10,-148,0.671449
2026-07-23T23:56:48.587509+00:00,2024-12-14,2025-06-11,-147,0.710045
2026-07-23T23:56:48.752018+00:00,2024-12-15,2025-06-12,-146,0.722677
2026-07-23T23:56:48.914973+00:00,2024-12-16,2025-06-13,-146,0.731502
2026-07-23T23:56:49.082210+00:00,2024-12-17,2025-06-14,140,-0.743516
2026-07-23T23:56:49.248662+00:00,2024-12-18,2025-06-15,140,-0.755643
2026-07-23T23:56:49.416817+00:00,2024-12-19,2025-06-16,140,-0.761478
2026-07-23T23:56:49.585261+00:00,2024-12-20,2025-06-17,140,-0.768116
2026-07-23T23:56:49.750174+00:00,2024-12-21,2025-06-18,140,-0.773122
2026-07-23T23:56:49.914805+00:00,2024-12-22,2025-06-19,140,-0.776111
2026-07-23T23:56:50.081240+00:00,2024-12-23,2025-06-20,140,-0.768562
2026-07-23T23:56:50.247217+00:00,2024-12-24,2025-06-21,-144,0.773855
2026-07-23T23:56:50.410833+00:00,2024-12-25,2025-06-22,-144,0.810027
2026-07-23T23:56:50.577271+00:00,2024-12-26,2025-06-23,-144,0.787931
2026-07-23T23:56:50.743414+00:00,2024-12-27,2025-06-24,-146,0.78461
2026-07-23T23:56:50.908390+00:00,2024-12-28,2025-06-25,-146,0.773431
2026-07-23T23:56:51.074533+00:00,2024-12-29,2025-06-26,-147,0.733698
2026-07-23T23:56:51.242321+00:00,2024-12-30,2025-06-27,-147,0.684199
2026-07-23T23:56:51.407443+00:00,2024-12-31,2025-06-28,-147,0.618559
2026-07-23T23:56:51.573761+00:00,2025-01-01,2025-06-29,133,-0.604055
2026-07-23T23:56:51.739728+00:00,2025-01-02,2025-06-30,134,-0.574488
2026-07-23T23:56:51.907179+00:00,2025-01-03,2025-07-01,135,-0.546588
2026-07-23T23:56:52.072052+00:00,2025-01-04,2025-07-02,9,-0.501053
2026-07-23T23:56:52.240323+00:00,2025-01-05,2025-07-03,9,-0.500552
2026-07-23T23:56:52.407362+00:00,2025-01-06,2025-07-04,9,-0.500316
2026-07-23T23:56:52.571834+00:00,2025-01-07,2025-07-05,9,-0.498931
2026-07-23T23:56:52.734358+00:00,2025-01-08,2025-07-06,9,-0.498391
2026-07-23T23:56:52.896204+00:00,2025-01-09,2025-07-07,8,-0.498711
2026-07-23T23:56:53.061048+00:00,2025-01-10,2025-07-08,8,-0.499656
2026-07-23T23:56:53.226156+00:00,2025-01-11,2025-07-09,150,0.567377
2026-07-23T23:56:53.392922+00:00,2025-01-12,2025-07-10,150,0.640011
2026-07-23T23:56:53.559517+00:00,2025-01-13,2025-07-11,150,0.617205
2026-07-23T23:56:53.728247+00:00,2025-01-14,2025-07-12,8,-0.50141
2026-07-23T23:56:53.892257+00:00,2025-01-15,2025-07-13,8,-0.499298
2026-07-23T23:56:54.057852+00:00,2025-01-16,2025-07-14,-147,0.589806
2026-07-23T23:56:54.223958+00:00,2025-01-17,2025-07-15,144,0.604959
2026-07-23T23:56:54.389400+00:00,2025-01-18,2025-07-16,144,0.646141
2026-07-23T23:56:54.558012+00:00,2025-01-19,2025-07-17,143,0.675612
2026-07-23T23:56:54.724339+00:00,2025-01-20,2025-07-18,144,0.690558
2026-07-23T23:56:54.890321+00:00,2025-01-21,2025-07-19,144,0.701566
2026-07-23T23:56:55.054588+00:00,2025-01-22,2025-07-20,144,0.707351
2026-07-23T23:56:55.223375+00:00,2025-01-23,2025-07-21,144,0.705062
2026-07-23T23:56:55.391164+00:00,2025-01-24,2025-07-22,143,0.655345
2026-07-23T23:56:55.557846+00:00,2025-01-25,2025-07-23,143,0.611148
2026-07-23T23:56:55.724081+00:00,2025-01-26,2025-07-24,143,0.595141
2026-07-23T23:56:55.890013+00:00,2025-01-27,2025-07-25,143,0.60531
2026-07-23T23:56:56.053026+00:00,2025-01-28,2025-07-26,143,0.612871
2026-07-23T23:56:56.220575+00:00,2025-01-29,2025-07-27,143,0.613564
2026-07-23T23:56:56.382366+00:00,2025-01-30,2025-07-28,143,0.615819
2026-07-23T23:56:56.549028+00:00,2025-01-31,2025-07-29,143,0.612013
2026-07-23T23:56:56.716428+00:00,2025-02-01,2025-07-30,143,0.617067
2026-07-23T23:56:56.882752+00:00,2025-02-02,2025-07-31,143,0.623095
2026-07-23T23:56:57.050506+00:00,2025-02-03,2025-08-01,143,0.618868
2026-07-23T23:56:57.212832+00:00,2025-02-04,2025-08-02,143,0.613532
2026-07-23T23:56:57.378189+00:00,2025-02-05,2025-08-03,143,0.607156
2026-07-23T23:56:57.544043+00:00,2025-02-06,2025-08-04,144,0.622942
2026-07-23T23:56:57.710173+00:00,2025-02-07,2025-08-05,144,0.640946
2026-07-23T23:56:57.877759+00:00,2025-02-08,2025-08-06,144,0.635507
2026-07-23T23:56:58.045503+00:00,2025-02-09,2025-08-07,-150,0.611811
2026-07-23T23:56:58.209013+00:00,2025-02-10,2025-08-08,-150,0.583585
2026-07-23T23:56:58.375876+00:00,2025-02-11,2025-08-09,-150,0.533397
2026-07-23T23:56:58.539396+00:00,2025-02-12,2025-08-10,89,0.485056
2026-07-23T23:56:58.703809+00:00,2025-02-13,2025-08-11,150,-0.554426
2026-07-23T23:56:58.871981+00:00,2025-02-14,2025-08-12,150,-0.676606
2026-07-23T23:56:59.039117+00:00,2025-02-15,2025-08-13,150,-0.787056
2026-07-23T23:56:59.205972+00:00,2025-02-16,2025-08-14,150,-0.78138
2026-07-23T23:56:59.373077+00:00,2025-02-17,2025-08-15,149,-0.67076
2026-07-23T23:56:59.541029+00:00,2025-02-18,2025-08-16,148,-0.573059
2026-07-23T23:56:59.706842+00:00,2025-02-19,2025-08-17,56,0.534236
2026-07-23T23:56:59.873843+00:00,2025-02-20,2025-08-18,56,0.531193
2026-07-23T23:57:00.040227+00:00,2025-02-21,2025-08-19,56,0.526961
2026-07-23T23:57:00.206468+00:00,2025-02-22,2025-08-20,56,0.527576
2026-07-23T23:57:00.373033+00:00,2025-02-23,2025-08-21,56,0.528352
2026-07-23T23:57:00.539725+00:00,2025-02-24,2025-08-22,58,0.540268
2026-07-23T23:57:00.706371+00:00,2025-02-25,2025-08-23,58,0.552272
2026-07-23T23:57:00.870120+00:00,2025-02-26,2025-08-24,58,0.577297
2026-07-23T23:57:01.036148+00:00,2025-02-27,2025-08-25,58,0.599713
2026-07-23T23:57:01.203346+00:00,2025-02-28,2025-08-26,58,0.605268
2026-07-23T23:57:01.367112+00:00,2025-03-01,2025-08-27,57,0.602231
2026-07-23T23:57:01.530874+00:00,2025-03-02,2025-08-28,57,0.594423
2026-07-23T23:57:01.697578+00:00,2025-03-03,2025-08-29,57,0.588176
2026-07-23T23:57:01.864143+00:00,2025-03-04,2025-08-30,57,0.585675
2026-07-23T23:57:02.030466+00:00,2025-03-05,2025-08-31,-143,-0.593841
2026-07-23T23:57:02.199160+00:00,2025-03-06,2025-09-01,-144,-0.686512
2026-07-23T23:57:02.363380+00:00,2025-03-07,2025-09-02,-144,-0.796598
2026-07-23T23:57:02.529131+00:00,2025-03-08,2025-09-03,-143,-0.805834
2026-07-23T23:57:02.694152+00:00,2025-03-09,2025-09-04,-143,-0.812901
2026-07-23T23:57:02.859276+00:00,2025-03-10,2025-09-05,-143,-0.821461
2026-07-23T23:57:03.026949+00:00,2025-03-11,2025-09-06,-143,-0.828416
2026-07-23T23:57:03.193951+00:00,2025-03-12,2025-09-07,-143,-0.806431
2026-07-23T23:57:03.361185+00:00,2025-03-13,2025-09-08,-143,-0.789824
2026-07-23T23:57:03.526613+00:00,2025-03-14,2025-09-09,-143,-0.773481
2026-07-23T23:57:03.693286+00:00,2025-03-15,2025-09-10,-143,-0.769356
2026-07-23T23:57:03.859664+00:00,2025-03-16,2025-09-11,-143,-0.767866
2026-07-23T23:57:04.024461+00:00,2025-03-17,2025-09-12,-143,-0.788823
2026-07-23T23:57:04.190335+00:00,2025-03-18,2025-09-13,-143,-0.805279
2026-07-23T23:57:04.356797+00:00,2025-03-19,2025-09-14,-143,-0.814937
2026-07-23T23:57:04.520922+00:00,2025-03-20,2025-09-15,-143,-0.816489
2026-07-23T23:57:04.686351+00:00,2025-03-21,2025-09-16,-143,-0.818844
2026-07-23T23:57:04.849785+00:00,2025-03-22,2025-09-17,-143,-0.806621
2026-07-23T23:57:05.013809+00:00,2025-03-23,2025-09-18,-143,-0.78106
2026-07-23T23:57:05.182314+00:00,2025-03-24,2025-09-19,-143,-0.76355
2026-07-23T23:57:05.345700+00:00,2025-03-25,2025-09-20,-134,0.766673
2026-07-23T23:57:05.508464+00:00,2025-03-26,2025-09-21,-134,0.774645
2026-07-23T23:57:05.673205+00:00,2025-03-27,2025-09-22,-134,0.792171
2026-07-23T23:57:05.836373+00:00,2025-03-28,2025-09-23,-134,0.794537
2026-07-23T23:57:05.999593+00:00,2025-03-29,2025-09-24,150,-0.630815
2026-07-23T23:57:06.167783+00:00,2025-03-30,2025-09-25,149,-0.634258
2026-07-23T23:57:06.331993+00:00,2025-03-31,2025-09-26,149,-0.577857
2026-07-23T23:57:06.498234+00:00,2025-04-01,2025-09-27,147,-0.557934
2026-07-23T23:57:06.665280+00:00,2025-04-02,2025-09-28,-134,0.514254
2026-07-23T23:57:06.829398+00:00,2025-04-03,2025-09-29,-61,-0.51123
2026-07-23T23:57:06.993859+00:00,2025-04-04,2025-09-30,-60,-0.518239
2026-07-23T23:57:07.157854+00:00,2025-04-05,2025-10-01,-145,-0.520991
2026-07-23T23:57:07.320923+00:00,2025-04-06,2025-10-02,-145,-0.53798
2026-07-23T23:57:07.485538+00:00,2025-04-07,2025-10-03,-145,-0.562818
2026-07-23T23:57:07.649606+00:00,2025-04-08,2025-10-04,-145,-0.588437
2026-07-23T23:57:07.815450+00:00,2025-04-09,2025-10-05,-145,-0.611502
2026-07-23T23:57:07.986344+00:00,2025-04-10,2025-10-06,-145,-0.639691
2026-07-23T23:57:08.155077+00:00,2025-04-11,2025-10-07,-145,-0.669404
2026-07-23T23:57:08.322239+00:00,2025-04-12,2025-10-08,-146,-0.701933
2026-07-23T23:57:08.490171+00:00,2025-04-13,2025-10-09,-145,-0.715256
2026-07-23T23:57:08.657133+00:00,2025-04-14,2025-10-10,-146,-0.722885
2026-07-23T23:57:08.824667+00:00,2025-04-15,2025-10-11,-146,-0.73182
2026-07-23T23:57:08.991740+00:00,2025-04-16,2025-10-12,-147,-0.748595
2026-07-23T23:57:09.157605+00:00,2025-04-17,2025-10-13,-147,-0.756044
2026-07-23T23:57:09.325528+00:00,2025-04-18,2025-10-14,-149,-0.754796
2026-07-23T23:57:09.492976+00:00,2025-04-19,2025-10-15,-149,-0.755492
2026-07-23T23:57:09.659889+00:00,2025-04-20,2025-10-16,-150,-0.756915
2026-07-23T23:57:09.823341+00:00,2025-04-21,2025-10-17,-150,-0.743792
2026-07-23T23:57:09.989622+00:00,2025-04-22,2025-10-18,-150,-0.732944
2026-07-23T23:57:10.155968+00:00,2025-04-23,2025-10-19,-150,-0.704579
2026-07-23T23:57:10.323357+00:00,2025-04-24,2025-10-20,-150,-0.665952
2026-07-23T23:57:10.489868+00:00,2025-04-25,2025-10-21,-150,-0.614504
2026-07-23T23:57:10.657205+00:00,2025-04-26,2025-10-22,-119,0.559022
2026-07-23T23:57:10.822454+00:00,2025-04-27,2025-10-23,-119,0.625677
2026-07-23T23:57:10.989807+00:00,2025-04-28,2025-10-24,-119,0.6534
2026-07-23T23:57:11.156353+00:00,2025-04-29,2025-10-25,150,0.685667
2026-07-23T23:57:11.321509+00:00,2025-04-30,2025-10-26,150,0.724313
2026-07-23T23:57:11.488860+00:00,2025-05-01,2025-10-27,150,0.722759
2026-07-23T23:57:11.656505+00:00,2025-05-02,2025-10-28,-119,0.714147
2026-07-23T23:57:11.823129+00:00,2025-05-03,2025-10-29,-119,0.719653
2026-07-23T23:57:11.988142+00:00,2025-05-04,2025-10-30,-119,0.718729
2026-07-23T23:57:12.159358+00:00,2025-05-05,2025-10-31,149,0.739633
2026-07-23T23:57:12.327575+00:00,2025-05-06,2025-11-01,149,0.769575
2026-07-23T23:57:12.492616+00:00,2025-05-07,2025-11-02,149,0.781718
2026-07-23T23:57:12.661661+00:00,2025-05-08,2025-11-03,149,0.761737
2026-07-23T23:57:12.826133+00:00,2025-05-09,2025-11-04,149,0.742044
2026-07-23T23:57:12.989993+00:00,2025-05-10,2025-11-05,127,0.785256
2026-07-23T23:57:13.158750+00:00,2025-05-11,2025-11-06,127,0.807257
2026-07-23T23:57:13.323722+00:00,2025-05-12,2025-11-07,127,0.818588
2026-07-23T23:57:13.487876+00:00,2025-05-13,2025-11-08,127,0.812359
2026-07-23T23:57:13.656428+00:00,2025-05-14,2025-11-09,127,0.801719
2026-07-23T23:57:13.822648+00:00,2025-05-15,2025-11-10,127,0.794382
2026-07-23T23:57:13.988836+00:00,2025-05-16,2025-11-11,127,0.790239
2026-07-23T23:57:14.150587+00:00,2025-05-17,2025-11-12,127,0.793948
2026-07-23T23:57:14.316935+00:00,2025-05-18,2025-11-13,127,0.804489
2026-07-23T23:57:14.481099+00:00,2025-05-19,2025-11-14,127,0.795562
2026-07-23T23:57:14.645419+00:00,2025-05-20,2025-11-15,127,0.77973
2026-07-23T23:57:14.812554+00:00,2025-05-21,2025-11-16,128,0.707853
2026-07-23T23:57:14.978069+00:00,2025-05-22,2025-11-17,129,0.623257
2026-07-23T23:57:15.142295+00:00,2025-05-23,2025-11-18,149,0.591892
2026-07-23T23:57:15.306249+00:00,2025-05-24,2025-11-19,149,0.628082
2026-07-23T23:57:15.471166+00:00,2025-05-25,2025-11-20,149,0.646856
2026-07-23T23:57:15.634939+00:00,2025-05-26,2025-11-21,149,0.64424
2026-07-23T23:57:15.802516+00:00,2025-05-27,2025-11-22,149,0.657605
2026-07-23T23:57:15.969063+00:00,2025-05-28,2025-11-23,149,0.661953
2026-07-23T23:57:16.140761+00:00,2025-05-29,2025-11-24,149,0.643086
2026-07-23T23:57:16.266866+00:00,2025-05-30,2025-11-25,149,0.651367
2026-07-23T23:57:16.370984+00:00,2025-05-31,2025-11-26,149,0.662251
2026-07-23T23:57:16.476728+00:00,2025-06-01,2025-11-27,149,0.678675
2026-07-23T23:57:16.579522+00:00,2025-06-02,2025-11-28,149,0.675966
2026-07-23T23:57:16.682057+00:00,2025-06-03,2025-11-29,149,0.686609
2026-07-23T23:57:16.784333+00:00,2025-06-04,2025-11-30,149,0.686136
2026-07-23T23:57:16.887368+00:00,2025-06-05,2025-12-01,149,0.672582
2026-07-23T23:57:16.989899+00:00,2025-06-06,2025-12-02,149,0.65386
2026-07-23T23:57:17.092322+00:00,2025-06-07,2025-12-03,149,0.627646
2026-07-23T23:57:17.196187+00:00,2025-06-08,2025-12-04,148,0.680444
2026-07-23T23:57:17.299528+00:00,2025-06-09,2025-12-05,148,0.726732
2026-07-23T23:57:17.405832+00:00,2025-06-10,2025-12-06,148,0.765706
2026-07-23T23:57:17.508737+00:00,2025-06-11,2025-12-07,148,0.788962
2026-07-23T23:57:17.611370+00:00,2025-06-12,2025-12-08,147,0.804256
2026-07-23T23:57:17.821187+00:00,2025-06-13,2025-12-09,147,0.800743
2026-07-23T23:57:18.061612+00:00,2025-06-14,2025-12-10,147,0.771056
2026-07-23T23:57:18.301475+00:00,2025-06-15,2025-12-11,147,0.734855
2026-07-23T23:57:18.572973+00:00,2025-06-16,2025-12-12,145,0.70624
2026-07-23T23:57:18.771297+00:00,2025-06-17,2025-12-13,146,0.66647
2026-07-23T23:57:18.981754+00:00,2025-06-18,2025-12-14,147,0.607973
2026-07-23T23:57:19.179911+00:00,2025-06-19,2025-12-15,145,0.558217
2026-07-23T23:57:19.361799+00:00,2025-06-20,2025-12-16,145,0.525039
2026-07-23T23:57:19.524789+00:00,2025-06-21,2025-12-17,145,0.52908
2026-07-23T23:57:19.686742+00:00,2025-06-22,2025-12-18,144,0.523555
2026-07-23T23:57:19.847109+00:00,2025-06-23,2025-12-19,143,0.576622
2026-07-23T23:57:20.007135+00:00,2025-06-24,2025-12-20,143,0.638374
2026-07-23T23:57:20.168275+00:00,2025-06-25,2025-12-21,142,0.702151
2026-07-23T23:57:20.328173+00:00,2025-06-26,2025-12-22,142,0.735843
2026-07-23T23:57:20.504488+00:00,2025-06-27,2025-12-23,142,0.744533
2026-07-23T23:57:20.679585+00:00,2025-06-28,2025-12-24,141,0.705824
2026-07-23T23:57:20.845959+00:00,2025-06-29,2025-12-25,140,0.661746
2026-07-23T23:57:21.007518+00:00,2025-06-30,2025-12-26,140,0.614419
2026-07-23T23:57:21.175338+00:00,2025-07-01,2025-12-27,150,-0.550959
2026-07-23T23:57:21.318663+00:00,2025-07-02,2025-12-28,150,-0.635343
2026-07-23T23:57:21.421404+00:00,2025-07-03,2025-12-29,150,-0.7043
2026-07-23T23:57:21.523994+00:00,2025-07-04,2025-12-30,150,-0.738481
2026-07-23T23:57:21.626279+00:00,2025-07-05,2025-12-31,150,-0.724232
2026-07-23T23:57:21.729377+00:00,2025-07-06,2026-01-01,150,-0.681925
2026-07-23T23:57:21.832354+00:00,2025-07-07,2026-01-02,150,-0.638977
2026-07-23T23:57:22.004843+00:00,2025-07-08,2026-01-03,150,-0.60578
2026-07-23T23:57:22.253920+00:00,2025-07-09,2026-01-04,150,-0.581895
2026-07-23T23:57:22.503233+00:00,2025-07-10,2026-01-05,125,-0.561672
2026-07-23T23:57:22.752547+00:00,2025-07-11,2026-01-06,124,-0.569308
2026-07-23T23:57:23.006102+00:00,2025-07-12,2026-01-07,124,-0.575017
2026-07-23T23:57:23.208008+00:00,2025-07-13,2026-01-08,124,-0.597017
2026-07-23T23:57:23.370614+00:00,2025-07-14,2026-01-09,124,-0.578621
2026-07-23T23:57:23.532914+00:00,2025-07-15,2026-01-10,124,-0.560146
2026-07-23T23:57:23.695846+00:00,2025-07-16,2026-01-11,136,0.611208
2026-07-23T23:57:23.857290+00:00,2025-07-17,2026-01-12,136,0.680653
2026-07-23T23:57:24.021646+00:00,2025-07-18,2026-01-13,136,0.722791
2026-07-23T23:57:24.186347+00:00,2025-07-19,2026-01-14,135,0.767416
2026-07-23T23:57:24.351678+00:00,2025-07-20,2026-01-15,134,0.784228
2026-07-23T23:57:24.517134+00:00,2025-07-21,2026-01-16,134,0.78121
2026-07-23T23:57:24.692703+00:00,2025-07-22,2026-01-17,134,0.764574
2026-07-23T23:57:24.859882+00:00,2025-07-23,2026-01-18,134,0.740441
2026-07-23T23:57:25.022532+00:00,2025-07-24,2026-01-19,135,0.683863
2026-07-23T23:57:25.186576+00:00,2025-07-25,2026-01-20,147,-0.681742
2026-07-23T23:57:25.350797+00:00,2025-07-26,2026-01-21,147,-0.65494
2026-07-23T23:57:25.519530+00:00,2025-07-27,2026-01-22,147,-0.616911
2026-07-23T23:57:25.684735+00:00,2025-07-28,2026-01-23,147,-0.593455
2026-07-23T23:57:25.848733+00:00,2025-07-29,2026-01-24,148,-0.608314
2026-07-23T23:57:26.008048+00:00,2025-07-30,2026-01-25,148,-0.618701
2026-07-23T23:57:26.168857+00:00,2025-07-31,2026-01-26,148,-0.623523
2026-07-23T23:57:26.328809+00:00,2025-08-01,2026-01-27,148,-0.627095
2026-07-23T23:57:26.490079+00:00,2025-08-02,2026-01-28,148,-0.64042
2026-07-23T23:57:26.652946+00:00,2025-08-03,2026-01-29,148,-0.658235
2026-07-23T23:57:26.813767+00:00,2025-08-04,2026-01-30,148,-0.674404
2026-07-23T23:57:26.933385+00:00,2025-08-05,2026-01-31,148,-0.666269
2026-07-23T23:57:27.038873+00:00,2025-08-06,2026-02-01,148,-0.662376
2026-07-23T23:57:27.142328+00:00,2025-08-07,2026-02-02,148,-0.664961
2026-07-23T23:57:27.244798+00:00,2025-08-08,2026-02-03,148,-0.676703
2026-07-23T23:57:27.347473+00:00,2025-08-09,2026-02-04,148,-0.690753
2026-07-23T23:57:27.449804+00:00,2025-08-10,2026-02-05,148,-0.702072
2026-07-23T23:57:27.554803+00:00,2025-08-11,2026-02-06,148,-0.725766
2026-07-23T23:57:27.659404+00:00,2025-08-12,2026-02-07,148,-0.747308
2026-07-23T23:57:27.765367+00:00,2025-08-13,2026-02-08,148,-0.763186
2026-07-23T23:57:27.870418+00:00,2025-08-14,2026-02-09,148,-0.804375
2026-07-23T23:57:27.975152+00:00,2025-08-15,2026-02-10,148,-0.759556
2026-07-23T23:57:28.080021+00:00,2025-08-16,2026-02-11,148,-0.681707
2026-07-23T23:57:28.184278+00:00,2025-08-17,2026-02-12,148,-0.57629
2026-07-23T23:57:28.287177+00:00,2025-08-18,2026-02-13,-150,-0.471788
2026-07-23T23:57:28.390237+00:00,2025-08-19,2026-02-14,128,-0.505989
2026-07-23T23:57:28.519332+00:00,2025-08-20,2026-02-15,128,-0.540343
2026-07-23T23:57:28.920917+00:00,2025-08-21,2026-02-16,128,-0.557836
2026-07-23T23:57:29.174190+00:00,2025-08-22,2026-02-17,128,-0.577072
2026-07-23T23:57:29.425491+00:00,2025-08-23,2026-02-18,128,-0.609555
2026-07-23T23:57:29.675957+00:00,2025-08-24,2026-02-19,128,-0.636851
2026-07-23T23:57:29.926870+00:00,2025-08-25,2026-02-20,128,-0.664861
2026-07-23T23:57:30.180284+00:00,2025-08-26,2026-02-21,128,-0.694217
2026-07-23T23:57:30.431757+00:00,2025-08-27,2026-02-22,130,-0.723479
2026-07-23T23:57:30.682953+00:00,2025-08-28,2026-02-23,130,-0.74643
2026-07-23T23:57:30.936737+00:00,2025-08-29,2026-02-24,130,-0.768302
2026-07-23T23:57:31.137032+00:00,2025-08-30,2026-02-25,130,-0.765134
2026-07-23T23:57:31.303100+00:00,2025-08-31,2026-02-26,130,-0.764768
2026-07-23T23:57:31.467155+00:00,2025-09-01,2026-02-27,131,-0.77606
2026-07-23T23:57:31.630485+00:00,2025-09-02,2026-02-28,131,-0.789671
2026-07-23T23:57:31.794654+00:00,2025-09-03,2026-03-01,133,-0.810249
2026-07-23T23:57:31.961619+00:00,2025-09-04,2026-03-02,133,-0.813627
2026-07-23T23:57:32.125293+00:00,2025-09-05,2026-03-03,131,-0.815777
2026-07-23T23:57:32.288748+00:00,2025-09-06,2026-03-04,131,-0.81982
2026-07-23T23:57:32.453127+00:00,2025-09-07,2026-03-05,133,-0.823386
2026-07-23T23:57:32.616434+00:00,2025-09-08,2026-03-06,134,-0.821138
2026-07-23T23:57:32.780556+00:00,2025-09-09,2026-03-07,134,-0.819252
2026-07-23T23:57:32.944494+00:00,2025-09-10,2026-03-08,134,-0.81553
2026-07-23T23:57:33.111184+00:00,2025-09-11,2026-03-09,134,-0.808824
2026-07-23T23:57:33.274361+00:00,2025-09-12,2026-03-10,134,-0.795989
2026-07-23T23:57:33.437500+00:00,2025-09-13,2026-03-11,130,-0.775144
2026-07-23T23:57:33.599150+00:00,2025-09-14,2026-03-12,130,-0.761649
2026-07-23T23:57:33.764276+00:00,2025-09-15,2026-03-13,130,-0.74871
2026-07-23T23:57:33.926439+00:00,2025-09-16,2026-03-14,134,-0.732868
2026-07-23T23:57:34.091561+00:00,2025-09-17,2026-03-15,134,-0.728451
2026-07-23T23:57:34.257682+00:00,2025-09-18,2026-03-16,135,-0.739044
2026-07-23T23:57:34.424985+00:00,2025-09-19,2026-03-17,134,-0.761356
2026-07-23T23:57:34.593537+00:00,2025-09-20,2026-03-18,134,-0.762851
2026-07-23T23:57:34.757744+00:00,2025-09-21,2026-03-19,134,-0.758003
2026-07-23T23:57:34.922799+00:00,2025-09-22,2026-03-20,134,-0.723652
2026-07-23T23:57:35.086724+00:00,2025-09-23,2026-03-21,147,0.750211
2026-07-23T23:57:35.250735+00:00,2025-09-24,2026-03-22,147,0.840687
2026-07-23T23:57:35.416058+00:00,2025-09-25,2026-03-23,147,0.843153
2026-07-23T23:57:35.584506+00:00,2025-09-26,2026-03-24,147,0.842216
2026-07-23T23:57:35.750633+00:00,2025-09-27,2026-03-25,147,0.832097
2026-07-23T23:57:35.915865+00:00,2025-09-28,2026-03-26,147,0.804047
2026-07-23T23:57:36.079436+00:00,2025-09-29,2026-03-27,147,0.740564
2026-07-23T23:57:36.246467+00:00,2025-09-30,2026-03-28,133,-0.736882
2026-07-23T23:57:36.413550+00:00,2025-10-01,2026-03-29,133,-0.759824
2026-07-23T23:57:36.581746+00:00,2025-10-02,2026-03-30,133,-0.777713
2026-07-23T23:57:36.743974+00:00,2025-10-03,2026-03-31,133,-0.796128
2026-07-23T23:57:36.906093+00:00,2025-10-04,2026-04-01,133,-0.81135
2026-07-23T23:57:37.068626+00:00,2025-10-05,2026-04-02,133,-0.823138
2026-07-23T23:57:37.231831+00:00,2025-10-06,2026-04-03,133,-0.828269
2026-07-23T23:57:37.394218+00:00,2025-10-07,2026-04-04,133,-0.836342
2026-07-23T23:57:37.566418+00:00,2025-10-08,2026-04-05,133,-0.837678
2026-07-23T23:57:37.730714+00:00,2025-10-09,2026-04-06,133,-0.835797
2026-07-23T23:57:37.893680+00:00,2025-10-10,2026-04-07,133,-0.819601
2026-07-23T23:57:38.066039+00:00,2025-10-11,2026-04-08,132,-0.791829
2026-07-23T23:57:38.228808+00:00,2025-10-12,2026-04-09,132,-0.760797
2026-07-23T23:57:38.394791+00:00,2025-10-13,2026-04-10,131,-0.702829
2026-07-23T23:57:38.559755+00:00,2025-10-14,2026-04-11,131,-0.686307
2026-07-23T23:57:38.726770+00:00,2025-10-15,2026-04-12,131,-0.668315
2026-07-23T23:57:38.893165+00:00,2025-10-16,2026-04-13,131,-0.649996
2026-07-23T23:57:39.059262+00:00,2025-10-17,2026-04-14,131,-0.628423
2026-07-23T23:57:39.223863+00:00,2025-10-18,2026-04-15,150,0.683939
2026-07-23T23:57:39.387249+00:00,2025-10-19,2026-04-16,150,0.708788
2026-07-23T23:57:39.554988+00:00,2025-10-20,2026-04-17,150,0.737655
2026-07-23T23:57:39.718725+00:00,2025-10-21,2026-04-18,150,0.803917
2026-07-23T23:57:39.881655+00:00,2025-10-22,2026-04-19,150,0.881387
2026-07-23T23:57:40.043871+00:00,2025-10-23,2026-04-20,150,0.937968
2026-07-23T23:57:40.213352+00:00,2025-10-24,2026-04-21,150,0.936025
2026-07-23T23:57:40.377016+00:00,2025-10-25,2026-04-22,150,0.935838
2026-07-23T23:57:40.545036+00:00,2025-10-26,2026-04-23,150,0.93593
2026-07-23T23:57:40.713447+00:00,2025-10-27,2026-04-24,150,0.905486
2026-07-23T23:57:40.877895+00:00,2025-10-28,2026-04-25,149,0.848538
2026-07-23T23:57:41.041649+00:00,2025-10-29,2026-04-26,146,0.850898
2026-07-23T23:57:41.210220+00:00,2025-10-30,2026-04-27,146,0.86196
2026-07-23T23:57:41.377261+00:00,2025-10-31,2026-04-28,146,0.878014
2026-07-23T23:57:41.544089+00:00,2025-11-01,2026-04-29,146,0.887633
2026-07-23T23:57:41.710427+00:00,2025-11-02,2026-04-30,146,0.887538
2026-07-23T23:57:41.891831+00:00,2025-11-03,2026-05-01,146,0.890627
2026-07-23T23:57:42.054066+00:00,2025-11-04,2026-05-02,146,0.891756
2026-07-23T23:57:42.217994+00:00,2025-11-05,2026-05-03,146,0.888272
2026-07-23T23:57:42.386200+00:00,2025-11-06,2026-05-04,146,0.88557
2026-07-23T23:57:42.547693+00:00,2025-11-07,2026-05-05,146,0.886949
2026-07-23T23:57:42.709763+00:00,2025-11-08,2026-05-06,145,0.878696
2026-07-23T23:57:42.874567+00:00,2025-11-09,2026-05-07,145,0.846659
2026-07-23T23:57:43.041663+00:00,2025-11-10,2026-05-08,145,0.824076
2026-07-23T23:57:43.204747+00:00,2025-11-11,2026-05-09,145,0.836149
2026-07-23T23:57:43.369682+00:00,2025-11-12,2026-05-10,145,0.839734
2026-07-23T23:57:43.534477+00:00,2025-11-13,2026-05-11,145,0.850808
2026-07-23T23:57:43.698539+00:00,2025-11-14,2026-05-12,145,0.847699
2026-07-23T23:57:43.860882+00:00,2025-11-15,2026-05-13,144,0.851115
2026-07-23T23:57:44.024780+00:00,2025-11-16,2026-05-14,143,0.859389
2026-07-23T23:57:44.188750+00:00,2025-11-17,2026-05-15,143,0.874477
2026-07-23T23:57:44.353505+00:00,2025-11-18,2026-05-16,143,0.878728
2026-07-23T23:57:44.516231+00:00,2025-11-19,2026-05-17,143,0.845491
2026-07-23T23:57:44.681241+00:00,2025-11-20,2026-05-18,143,0.816024
2026-07-23T23:57:44.845209+00:00,2025-11-21,2026-05-19,143,0.790282
2026-07-23T23:57:45.013410+00:00,2025-11-22,2026-05-20,143,0.761338
2026-07-23T23:57:45.179411+00:00,2025-11-23,2026-05-21,143,0.707894
2026-07-23T23:57:45.344302+00:00,2025-11-24,2026-05-22,143,0.626476
2026-07-23T23:57:45.510070+00:00,2025-11-25,2026-05-23,-37,-0.606251
2026-07-23T23:57:45.674181+00:00,2025-11-26,2026-05-24,-37,-0.606781
2026-07-23T23:57:45.838775+00:00,2025-11-27,2026-05-25,-38,-0.60922
2026-07-23T23:57:46.004907+00:00,2025-11-28,2026-05-26,-140,0.64881
2026-07-23T23:57:46.169024+00:00,2025-11-29,2026-05-27,-139,0.730577
2026-07-23T23:57:46.334481+00:00,2025-11-30,2026-05-28,-140,0.820979
2026-07-23T23:57:46.497687+00:00,2025-12-01,2026-05-29,-140,0.882001
2026-07-23T23:57:46.661634+00:00,2025-12-02,2026-05-30,-140,0.887072
2026-07-23T23:57:46.826166+00:00,2025-12-03,2026-05-31,-140,0.881039
2026-07-23T23:57:46.989207+00:00,2025-12-04,2026-06-01,-140,0.872375
2026-07-23T23:57:47.152467+00:00,2025-12-05,2026-06-02,-140,0.861276
2026-07-23T23:57:47.316823+00:00,2025-12-06,2026-06-03,-140,0.852461
2026-07-23T23:57:47.482032+00:00,2025-12-07,2026-06-04,-140,0.833969
2026-07-23T23:57:47.647639+00:00,2025-12-08,2026-06-05,-141,0.818306
2026-07-23T23:57:47.814691+00:00,2025-12-09,2026-06-06,150,-0.812083
2026-07-23T23:57:47.984602+00:00,2025-12-10,2026-06-07,150,-0.814915
2026-07-23T23:57:48.148046+00:00,2025-12-11,2026-06-08,150,-0.829698
2026-07-23T23:57:48.310809+00:00,2025-12-12,2026-06-09,150,-0.827151
2026-07-23T23:57:48.474712+00:00,2025-12-13,2026-06-10,150,-0.790156
2026-07-23T23:57:48.641554+00:00,2025-12-14,2026-06-11,-130,-0.732927
2026-07-23T23:57:48.804838+00:00,2025-12-15,2026-06-12,-130,-0.728039
2026-07-23T23:57:48.969440+00:00,2025-12-16,2026-06-13,-130,-0.713213
2026-07-23T23:57:49.133577+00:00,2025-12-17,2026-06-14,-130,-0.714752
2026-07-23T23:57:49.295893+00:00,2025-12-18,2026-06-15,-130,-0.718939
2026-07-23T23:57:49.458965+00:00,2025-12-19,2026-06-16,-130,-0.708339
2026-07-23T23:57:49.621456+00:00,2025-12-20,2026-06-17,-130,-0.703
2026-07-23T23:57:49.786811+00:00,2025-12-21,2026-06-18,-130,-0.69672
2026-07-23T23:57:49.951333+00:00,2025-12-22,2026-06-19,-130,-0.69807
2026-07-23T23:57:50.117010+00:00,2025-12-23,2026-06-20,-130,-0.698584
2026-07-23T23:57:50.281344+00:00,2025-12-24,2026-06-21,-130,-0.701975
2026-07-23T23:57:50.451137+00:00,2025-12-25,2026-06-22,-130,-0.711032
2026-07-23T23:57:50.615644+00:00,2025-12-26,2026-06-23,-130,-0.718666
2026-07-23T23:57:50.783366+00:00,2025-12-27,2026-06-24,-130,-0.731923
2026-07-23T23:57:50.953607+00:00,2025-12-28,2026-06-25,-130,-0.735363
2026-07-23T23:57:51.121030+00:00,2025-12-29,2026-06-26,-130,-0.730547
2026-07-23T23:57:51.285425+00:00,2025-12-30,2026-06-27,-129,-0.743565
2026-07-23T23:57:51.451487+00:00,2025-12-31,2026-06-28,-130,-0.764612
2026-07-23T23:57:51.616040+00:00,2026-01-01,2026-06-29,-129,-0.785272
