fecha,planetas,lambda_max,lambda_min,energia_resonancia,rango,entropia_espectral,coherencia_espectral,estados_fase,entropia_fase,concentracion_fase,firma_fase,ssn
2020-01-01,"mercury,venus,earth,mars,jupiter,saturn",4.051133999321267,-2.0277069049174605e-16,20.20976536905825,2,0.4832116462880914,0.8120671556921438,5,1.5607104090414063,0.3333333333333333,"2,6,9,1,3,3",6.0
2020-01-02,"mercury,venus,earth,mars,jupiter,saturn",4.068571040412071,-5.646779039918166e-16,20.283688136814664,2,0.4772741925999328,0.8160877942525534,5,1.5607104090414063,0.3333333333333333,"2,6,9,1,3,3",12.0
2020-01-03,"mercury,venus,earth,mars,jupiter,saturn",4.082905661988246,-2.1011320075494806e-16,20.345369345532404,2,0.47236725846693883,0.8193568945139957,5,1.5607104090414063,0.3333333333333333,"2,6,9,1,3,3",13.0
2020-01-04,"mercury,venus,earth,mars,jupiter,saturn",4.093982642690259,-2.7192054378089267e-16,20.39359604501512,2,0.46856035213622993,0.8218606390777261,4,1.242453324894,0.5,"3,6,9,1,3,3",12.0
2020-01-05,"mercury,venus,earth,mars,jupiter,saturn",4.101653125292686,-2.4420485014258224e-16,20.42727921693429,2,0.46591681344181607,0.8235829246548149,4,1.242453324894,0.5,"3,6,9,1,3,3",14.0
2020-01-06,"mercury,venus,earth,mars,jupiter,saturn",4.105777417113021,-1.3439364016685412e-15,20.44548739239428,2,0.464493015277893,0.8245050790594617,4,1.242453324894,0.5,"3,6,9,1,3,3",7.0
2020-01-07,"mercury,venus,earth,mars,jupiter,saturn",4.10622791001292,-5.107118447750746e-16,20.447480377783116,2,0.46433739470815716,0.8246056402767962,4,1.242453324894,0.5,"3,6,9,1,3,3",4.0
2020-01-08,"mercury,venus,earth,mars,jupiter,saturn",4.1028920570860485,-3.5460515377741587e-16,20.432741779166992,2,0.46548928121407196,0.8238602246353092,4,1.242453324894,0.5,"3,6,9,1,3,3",4.0
2020-01-09,"mercury,venus,earth,mars,jupiter,saturn",4.095675346545438,-3.7751985864338904e-16,20.401008930054928,2,0.467977491305492,0.8222415176529667,4,1.242453324894,0.5,"3,6,9,1,3,3",15.0
2020-01-10,"mercury,venus,earth,mars,jupiter,saturn",4.08450422561488,-3.048618908743562e-16,20.352298830753057,2,0.47181866392705507,0.8197194286405096,4,1.242453324894,0.5,"3,6,9,1,3,3",4.0
2020-01-11,"mercury,venus,earth,mars,jupiter,saturn",4.069328951659488,-2.2773752773064053e-16,20.28692881371436,2,0.4770153202667284,0.8162614592317987,4,1.242453324894,0.5,"3,6,9,1,3,3",0.0
2020-01-12,"mercury,venus,earth,mars,jupiter,saturn",4.050126388399946,-5.447692086009291e-16,20.205530863227832,2,0.48355364491043684,0.8118333476635579,4,1.242453324894,0.5,"3,6,9,1,3,3",0.0
2020-01-13,"mercury,venus,earth,mars,jupiter,saturn",4.026902827287843,-2.4213346725702953e-16,20.109058833383543,2,0.49140100266011166,0.8064000664963165,5,1.5607104090414063,0.3333333333333333,"4,6,9,1,3,3",0.0
2020-01-14,"mercury,venus,earth,mars,jupiter,saturn",3.9996970060013823,-3.178285717488561e-16,19.998788207616258,2,0.5005032262673651,0.7999272742797471,5,1.5607104090414063,0.3333333333333333,"4,6,9,1,3,3",0.0
2020-01-15,"mercury,venus,earth,mars,jupiter,saturn",3.9685836302555035,-6.784042685613494e-16,19.876308497597854,2,0.5107817340506732,0.7923833559051154,5,1.5607104090414063,0.3333333333333333,"4,6,9,1,3,3",0.0
2020-01-16,"mercury,venus,earth,mars,jupiter,saturn",3.9336779027146362,-3.1952038662936365e-16,19.743508852035205,2,0.5221305618689703,0.7837422394505292,5,1.5607104090414063,0.3333333333333333,"4,6,9,1,3,3",0.0
2020-01-17,"mercury,venus,earth,mars,jupiter,saturn",3.895141859201221,-1.2042549350691558e-16,19.602557896188433,2,0.5344134201606818,0.7739872614405924,5,1.5607104090414063,0.3333333333333333,"4,6,9,1,3,3",0.0
2020-01-18,"mercury,venus,earth,mars,jupiter,saturn",3.853193767688129,-4.752861336037358e-16,19.455879210443726,2,0.5474609127761572,0.7631164878624894,5,1.5607104090414063,0.3333333333333333,"4,6,9,1,3,3",0.0
2020-01-19,"mercury,venus,earth,mars,jupiter,saturn",3.808122560618475,-3.5273468913229744e-16,19.306124145961128,2,0.5610680794820774,0.7511501183278784,5,1.5607104090414063,0.3333333333333333,"4,7,10,1,3,3",0.0
2020-01-20,"mercury,venus,earth,mars,jupiter,saturn",3.760310410492459,-1.6046347970255394e-16,19.15614384060642,2,0.5749924481181253,0.7381409588961587,5,1.5607104090414063,0.3333333333333333,"4,7,10,1,3,3",0.0
2020-01-21,"mercury,venus,earth,mars,jupiter,saturn",3.7102683725844763,-6.80317623320726e-16,19.008962322187603,2,0.5889528058622266,0.7241895250922049,5,1.5607104090414063,0.3333333333333333,"4,7,10,1,3,3",0.0
2020-01-22,"mercury,venus,earth,mars,jupiter,saturn",3.65869281925278,-2.0894027455967002e-16,18.867752460270356,2,0.6026289230024336,0.7094662267717735,5,1.5607104090414063,0.3333333333333333,"5,7,10,1,3,3",0.0
2020-01-23,"mercury,venus,earth,mars,jupiter,saturn",3.60655430480186,-6.417309243654637e-16,18.735816249347337,2,0.6156624887392617,0.6942443168942765,5,1.5607104090414063,0.3333333333333333,"5,7,10,1,3,3",0.0
2020-01-24,"mercury,venus,earth,mars,jupiter,saturn",3.5552343966529976,-4.826865235752048e-16,18.616570470453237,2,0.6276595489932735,0.6789484473096338,5,1.5607104090414063,0.3333333333333333,"5,7,10,1,3,3",8.0
2020-01-25,"mercury,venus,earth,mars,jupiter,saturn",3.5067238751944827,-3.8174445175563997e-16,18.513538171384226,2,0.6381947730802375,0.6642227014102716,5,1.5607104090414063,0.3333333333333333,"5,7,10,1,3,3",12.0
2020-01-26,"mercury,venus,earth,mars,jupiter,saturn",3.4638672189132853,-1.9029480976731656e-16,18.43034559356469,2,0.6468179206802043,0.651011998084915,5,1.5607104090414063,0.3333333333333333,"5,7,10,1,3,3",19.0
2020-01-27,"mercury,venus,earth,mars,jupiter,saturn",3.4305363463096987,-5.436473740385556e-16,18.37072309098742,2,0.6530629317086927,0.6406160261119771,5,1.5607104090414063,0.3333333333333333,"5,7,10,1,3,3",14.0
2020-01-28,"mercury,venus,earth,mars,jupiter,saturn",3.4114043782820973,-2.450733785727672e-16,18.338507124939362,2,0.6564601138646615,0.6346034468823069,5,1.5607104090414063,0.3333333333333333,"5,7,10,1,3,3",12.0
2020-01-29,"mercury,venus,earth,mars,jupiter,saturn",3.4108761465057724,-6.339966009563346e-16,18.337638415534876,2,0.6565519421681245,0.6344369881863396,5,1.5607104090414063,0.3333333333333333,"5,7,10,1,3,3",12.0
2020-01-30,"mercury,venus,earth,mars,jupiter,saturn",3.431363286300292,-3.187584500394421e-16,18.372148569535575,2,0.6529129854109639,0.6408751789702721,5,1.5607104090414063,0.3333333333333333,"6,7,10,1,3,3",12.0
2020-01-31,"mercury,venus,earth,mars,jupiter,saturn",3.4722942547814606,-3.600507280188141e-16,18.446123726199154,2,0.6451743913777206,0.6536239033604629,5,1.5607104090414063,0.3333333333333333,"6,7,10,1,3,3",12.0
2020-02-01,"mercury,venus,earth,mars,jupiter,saturn",3.5308619086015653,-1.9922752235952804e-16,18.563628732008198,2,0.6330531271901925,0.6715812946699038,5,1.5607104090414063,0.3333333333333333,"6,7,10,1,3,3",6.0
2020-02-02,"mercury,venus,earth,mars,jupiter,saturn",3.6035598569283835,-2.3935967001329484e-16,18.728569001790827,2,0.6163856883707928,0.693360162285972,5,1.5607104090414063,0.3333333333333333,"6,7,10,1,3,3",0.0
2020-02-03,"mercury,venus,earth,mars,jupiter,saturn",3.687189912804294,-3.005613553794954e-16,18.944459952519946,2,0.5951651474996072,0.7176435478846847,5,1.5607104090414063,0.3333333333333333,"6,7,10,1,3,3",0.0
2020-02-04,"mercury,venus,earth,mars,jupiter,saturn",3.779123592971941,-2.755893780139657e-16,19.21406714625101,2,0.5695791097410492,0.7432978672474229,5,1.5607104090414063,0.3333333333333333,"6,7,10,1,3,3",0.0
2020-02-05,"mercury,venus,earth,mars,jupiter,saturn",3.8771765551542487,-2.5579059676253097e-16,19.538877417824555,2,0.5400443548921564,0.7693634449092867,4,1.3296613488547582,0.3333333333333333,"7,7,10,1,3,3",0.0
2020-02-06,"mercury,venus,earth,mars,jupiter,saturn",3.979379583381185,-8.552579682050626e-16,19.918368736687793,2,0.5072318420482647,0.7950180096557584,4,1.3296613488547582,0.3333333333333333,"7,7,10,1,3,3",0.0
2020-02-07,"mercury,venus,earth,mars,jupiter,saturn",4.083760753733028,-5.296175066059176e-16,20.34907474266395,2,0.47207384221419846,0.81955086924738,5,1.5607104090414063,0.3333333333333333,"7,8,10,1,3,3",0.0
2020-02-08,"mercury,venus,earth,mars,jupiter,saturn",4.188171316485881,-4.857089995178122e-16,20.823502154639577,2,0.4357442127088148,0.8423548952512248,5,1.5607104090414063,0.3333333333333333,"7,8,10,1,3,3",0.0
2020-02-09,"mercury,venus,earth,mars,jupiter,saturn",4.290167853568615,-4.551166805956671e-16,21.329066180763697,2,0.39960458520535425,0.8629323035432825,5,1.5607104090414063,0.3333333333333333,"7,8,10,1,3,3",0.0
2020-02-10,"mercury,venus,earth,mars,jupiter,saturn",4.38696694432502,-3.898862877696323e-16,21.84735460930057,2,0.36511474449596715,0.880906604702039,4,1.3296613488547582,0.3333333333333333,"8,8,10,1,3,3",0.0
2020-02-11,"mercury,venus,earth,mars,jupiter,saturn",4.475495026734738,-1.2717026836558244e-16,22.354171147837892,2,0.3337148022594125,0.8960321365466818,4,1.3296613488547582,0.3333333333333333,"8,8,10,1,3,3",0.0
2020-02-12,"mercury,venus,earth,mars,jupiter,saturn",4.552553451776088,-1.9419817241818232e-16,22.820844441243693,2,0.3066975655066713,0.9081935151278241,4,1.3296613488547582,0.3333333333333333,"8,8,10,1,3,3",0.0
2020-02-13,"mercury,venus,earth,mars,jupiter,saturn",4.615099202188837,-5.874978160358635e-16,23.217090865822033,2,0.2850966557005357,0.9173905882152783,4,1.3296613488547582,0.3333333333333333,"8,8,10,1,3,3",0.0
2020-02-14,"mercury,venus,earth,mars,jupiter,saturn",4.660604922693645,-8.364009930633027e-16,23.515217418548737,2,0.269613749868682,0.923709862376292,4,1.3296613488547582,0.3333333333333333,"8,8,10,1,3,3",0.0
2020-02-15,"mercury,venus,earth,mars,jupiter,saturn",4.687420049016669,-5.479692998268112e-16,23.694772843646835,2,0.26059519129799597,0.9272891899368707,5,1.5607104090414063,0.3333333333333333,"9,8,10,1,3,3",0.0
2020-02-16,"mercury,venus,earth,mars,jupiter,saturn",4.695031867409488,-4.942878042489149e-16,23.7462660630674,2,0.258050363708723,0.9282859114542914,5,1.5607104090414063,0.3333333333333333,"9,8,10,1,3,3",0.0
2020-02-17,"mercury,venus,earth,mars,jupiter,saturn",4.684142959637608,-7.488860032282381e-16,23.672675016993843,2,0.2616929174194944,0.9268574527623811,5,1.5607104090414063,0.3333333333333333,"9,8,10,1,3,3",0.0
2020-02-18,"mercury,venus,earth,mars,jupiter,saturn",4.656539452536109,-3.519256046356834e-16,23.488245915617263,2,0.27098811746101,0.9231578956948882,5,1.5607104090414063,0.3333333333333333,"9,8,11,1,3,3",0.0
2020-02-19,"mercury,venus,earth,mars,jupiter,saturn",4.614794957187703,-1.984440553701099e-16,23.215125507517673,2,0.2852008772280945,0.9173472911007411,5,1.5607104090414063,0.3333333333333333,"10,8,11,1,3,3",0.0
2020-02-20,"mercury,venus,earth,mars,jupiter,saturn",4.561901236521266,-2.7105044963827055e-16,22.879070945293325,2,0.30344817777891725,0.9096061173784454,5,1.5607104090414063,0.3333333333333333,"10,8,11,1,3,3",0.0
2020-02-21,"mercury,venus,earth,mars,jupiter,saturn",4.500919691771439,-3.00717419761242e-16,22.505519842294547,2,0.32475967541619866,0.9001470845256634,5,1.5607104090414063,0.3333333333333333,"10,8,11,1,3,3",0.0
2020-02-22,"mercury,venus,earth,mars,jupiter,saturn",4.434716660634297,-2.1755818437754298e-16,22.11682379260326,2,0.348143974012168,0.8892195391403687,5,1.5607104090414063,0.3333333333333333,"10,8,11,1,3,3",0.0
2020-02-23,"mercury,venus,earth,mars,jupiter,saturn",4.3658040189258145,-9.948952100258785e-16,21.730841236227807,2,0.3726522886693315,0.8771057008089119,5,1.5607104090414063,0.3333333333333333,"10,8,11,1,3,3",0.0
2020-02-24,"mercury,venus,earth,mars,jupiter,saturn",4.296274442485368,-9.082870696369155e-16,21.36065486048151,2,0.39743029784364736,0.8641108713994211,4,1.3296613488547582,0.3333333333333333,"11,9,11,1,3,3",0.0
2020-02-25,"mercury,venus,earth,mars,jupiter,saturn",4.227805061278735,-6.115009515911414e-16,21.01501053700336,2,0.4217523452339037,0.8505508767031474,4,1.3296613488547582,0.3333333333333333,"11,9,11,1,3,3",0.0
2020-02-26,"mercury,venus,earth,mars,jupiter,saturn",4.161701288947138,-6.997906958666587e-16,20.699099769482878,2,0.4450369431464791,0.8367396558935938,4,1.3296613488547582,0.3333333333333333,"11,9,11,1,3,3",0.0
2020-02-27,"mercury,venus,earth,mars,jupiter,saturn",4.098958006651173,-7.892248289444999e-16,20.41541740076544,2,0.46684632466397274,0.8229788502712571,4,1.3296613488547582,0.3333333333333333,"11,9,11,2,3,3",0.0
2020-02-28,"mercury,venus,earth,mars,jupiter,saturn",4.040322697764409,-5.149766877731483e-16,20.16454263096763,2,0.486874667126304,0.8095500999363319,4,1.3296613488547582,0.3333333333333333,"11,9,11,2,3,3",0.0
2020-02-29,"mercury,venus,earth,mars,jupiter,saturn",3.9863516494682543,-5.839282001201995e-16,19.945779152817494,2,0.5049297976448279,0.7967098879149851,4,1.3296613488547582,0.3333333333333333,"11,9,11,2,3,3",0.0
2020-03-01,"mercury,venus,earth,mars,jupiter,saturn",3.9374550120073954,-3.9130651499952513e-16,19.757643799075574,2,0.5209123775333075,0.7846862778398477,4,1.3296613488547582,0.3333333333333333,"11,9,11,2,3,3",0.0
2020-03-02,"mercury,venus,earth,mars,jupiter,saturn",3.893929476586112,-4.649407821342157e-16,19.598219818219036,2,0.5347953885207978,0.7736767374417622,5,1.5607104090414063,0.3333333333333333,"0,9,11,2,3,3",0.0
2020-03-03,"mercury,venus,earth,mars,jupiter,saturn",3.8559791295388344,-3.160185126185617e-16,19.465400540412123,2,0.5466056212297625,0.7638463445214198,5,1.5607104090414063,0.3333333333333333,"0,9,11,2,3,3",0.0
2020-03-04,"mercury,venus,earth,mars,jupiter,saturn",3.8237261908686166,-1.6677980409508763e-16,19.35704967504585,2,0.5564079831301209,0.7553259524659451,5,1.5607104090414063,0.3333333333333333,"0,9,11,2,3,3",0.0
2020-03-05,"mercury,venus,earth,mars,jupiter,saturn",3.7972141908595436,-6.519913087731986e-16,19.271100932215674,2,0.564292836987471,0.7482102689401102,5,1.5607104090414063,0.3333333333333333,"0,9,11,2,3,3",0.0
2020-03-06,"mercury,venus,earth,mars,jupiter,saturn",3.776406772268182,-7.805949963232933e-16,19.205614952047792,2,0.5703662145249753,0.7425561818895254,5,1.5607104090414063,0.3333333333333333,"0,9,11,2,3,3",0.0
2020-03-07,"mercury,venus,earth,mars,jupiter,saturn",3.7611856000723356,-3.4712380339470426e-16,19.15880703551496,2,0.5747425616839988,0.738381940585752,5,1.5607104090414063,0.3333333333333333,"0,9,11,2,3,3",2.0
2020-03-08,"mercury,venus,earth,mars,jupiter,saturn",3.751350592363723,-1.115669702085902e-15,19.12905542529063,2,0.577539601494478,0.7356678599102259,5,1.5607104090414063,0.3333333333333333,"0,9,11,2,3,3",16.0
2020-03-09,"mercury,venus,earth,mars,jupiter,saturn",3.746624732872327,-5.046603794013496e-16,19.114896983473347,2,0.578874900561194,0.7343590133447819,5,1.5607104090414063,0.3333333333333333,"0,9,11,2,3,3",11.0
2020-03-10,"mercury,venus,earth,mars,jupiter,saturn",3.7466642377325092,-4.694338846056605e-16,19.115014967817338,2,0.5788637620475588,0.7343699669572692,5,1.5607104090414063,0.3333333333333333,"0,9,11,2,3,3",0.0
2020-03-11,"mercury,venus,earth,mars,jupiter,saturn",3.7510732567378486,-5.778380639037739e-16,19.128222073973596,2,0.5776181203091735,0.735591134554982,5,1.5607104090414063,0.3333333333333333,"0,9,11,2,3,3",0.0
2020-03-12,"mercury,venus,earth,mars,jupiter,saturn",3.7594211092779446,-5.051194212291552e-16,19.153440842433884,2,0.5752461673937672,0.7378959839723847,5,1.5607104090414063,0.3333333333333333,"1,10,11,2,3,3",0.0
2020-03-13,"mercury,venus,earth,mars,jupiter,saturn",3.771259619598335,-6.417828792821321e-16,19.189682801645937,2,0.571852492875026,0.7411482131009011,5,1.5607104090414063,0.3333333333333333,"1,10,11,2,3,3",0.0
2020-03-14,"mercury,venus,earth,mars,jupiter,saturn",3.786138421782098,-6.317276006563924e-16,19.23602723640409,2,0.5675385630708423,0.7452081436943493,5,1.5607104090414063,0.3333333333333333,"1,10,11,2,3,3",0.0
2020-03-15,"mercury,venus,earth,mars,jupiter,saturn",3.8036168742309666,-4.717872520882158e-16,19.29160016109749,2,0.5624034029356604,0.7499378592299986,5,1.5607104090414063,0.3333333333333333,"1,10,11,2,3,3",0.0
2020-03-16,"mercury,venus,earth,mars,jupiter,saturn",3.82327209618869,-1.1275353130664402e-15,19.355553888725833,2,0.5565443742853126,0.755204919762558,5,1.5607104090414063,0.3333333333333333,"1,10,11,2,3,3",0.0
2020-03-17,"mercury,venus,earth,mars,jupiter,saturn",3.8447033449563635,-2.953738423548465e-16,19.42704748196094,2,0.5500579684988512,0.7608847316837154,5,1.5607104090414063,0.3333333333333333,"1,10,11,2,3,3",0.0
2020-03-18,"mercury,venus,earth,mars,jupiter,saturn",3.86753337864046,-3.047011204531114e-16,19.505228326110654,2,0.5430405515776915,0.7668617964791948,5,1.5607104090414063,0.3333333333333333,"1,10,11,2,3,3",3.0
2020-03-19,"mercury,venus,earth,mars,jupiter,saturn",3.891407610872373,-5.429336876198484e-16,19.58921505744238,2,0.5355890155023705,0.7730301162936208,5,1.5607104090414063,0.3333333333333333,"1,10,11,2,3,3",0.0
2020-03-20,"mercury,venus,earth,mars,jupiter,saturn",3.9159918397129823,-1.0078686727489414e-15,19.678082100841557,2,0.5278013031276537,0.7792930230758031,5,1.5607104090414063,0.3333333333333333,"1,10,11,2,3,3",0.0
2020-03-21,"mercury,venus,earth,mars,jupiter,saturn",3.9409692099904,-2.1222693273063338e-16,19.770846108299914,2,0.5197767851134993,0.7855626526561378,5,1.5607104090414063,0.3333333333333333,"1,10,0,2,3,3",0.0
2020-03-22,"mercury,venus,earth,mars,jupiter,saturn",3.9660369134035065,-5.381767117328888e-16,19.866454636116345,2,0.5116164771093201,0.7917592286388012,4,1.3296613488547582,0.3333333333333333,"2,10,0,2,3,3",0.0
2020-03-23,"mercury,venus,earth,mars,jupiter,saturn",3.9909029838042387,-8.636182330770132e-16,19.96377744662429,2,0.5034230938983122,0.7978102675568921,4,1.3296613488547582,0.3333333333333333,"2,10,0,2,3,3",0.0
2020-03-24,"mercury,venus,earth,mars,jupiter,saturn",4.015283424108315,-6.156862843588056e-16,20.061600862538192,2,0.49530094459291213,0.8036497728366815,4,1.3296613488547582,0.3333333333333333,"2,10,0,2,3,3",0.0
2020-03-25,"mercury,venus,earth,mars,jupiter,saturn",4.038899810184823,-1.4393440791709827e-16,20.158625631204124,2,0.48735567922242007,0.8092174523773128,4,1.3296613488547582,0.3333333333333333,"2,10,0,2,3,3",0.0
2020-03-26,"mercury,venus,earth,mars,jupiter,saturn",4.061477452512687,-4.213344984230151e-16,20.253468764385644,2,0.47969390201769735,0.8144579720721884,4,1.3296613488547582,0.3333333333333333,"2,10,0,2,3,3",0.0
2020-03-27,"mercury,venus,earth,mars,jupiter,saturn",4.08274415233353,-2.529599766654479e-16,20.34466979882491,2,0.47242267013942474,0.819320243495739,4,1.3296613488547582,0.3333333333333333,"2,10,0,2,3,3",0.0
2020-03-28,"mercury,venus,earth,mars,jupiter,saturn",4.102429559235359,-8.984918416365608e-16,20.43070186615173,2,0.4656488982387398,0.8237567362465782,4,1.3296613488547582,0.3333333333333333,"2,10,0,2,3,3",0.0
2020-03-29,"mercury,venus,earth,mars,jupiter,saturn",4.120265116254036,-5.26805059799657e-16,20.509987861391338,2,0.45947868881441434,0.8277228023219435,4,1.3296613488547582,0.3333333333333333,"2,10,0,2,3,3",0.0
2020-03-30,"mercury,venus,earth,mars,jupiter,saturn",4.135984562643625,-1.223239816999215e-16,20.58092185312926,2,0.4540166056341227,0.8311760000111661,4,1.3296613488547582,0.3333333333333333,"2,11,0,2,3,3",3.0
2020-03-31,"mercury,venus,earth,mars,jupiter,saturn",4.149324950678654,-1.2459142620670978e-15,20.641895684504977,2,0.44936490243211813,0.8340754070978293,4,1.3296613488547582,0.3333333333333333,"2,11,0,2,3,3",11.0
2020-04-01,"mercury,venus,earth,mars,jupiter,saturn",4.160028119567301,-7.144979576501894e-16,20.691330476373693,2,0.44562271176553336,0.8363809168942153,4,1.242453324894,0.5,"3,11,0,2,3,3",13.0
2020-04-02,"mercury,venus,earth,mars,jupiter,saturn",4.167842556072506,-3.735572752574165e-16,20.72771247154793,2,0.44288518960345646,0.8380525152523861,4,1.242453324894,0.5,"3,11,0,2,3,3",13.0
2020-04-03,"mercury,venus,earth,mars,jupiter,saturn",4.17252555782223,-5.245215501581875e-16,20.74963236749266,2,0.4412426004730426,0.839049541810436,4,1.242453324894,0.5,"3,11,0,2,3,3",13.0
2020-04-04,"mercury,venus,earth,mars,jupiter,saturn",4.173845602207225,-1.135369368793234e-15,20.755826995642483,2,0.4407793165721168,0.8393299440548423,4,1.242453324894,0.5,"3,11,0,2,3,3",13.0
2020-04-05,"mercury,venus,earth,mars,jupiter,saturn",4.171584812319312,-7.790642779773912e-16,20.745221944914555,2,0.4415726931671806,0.8388495381048009,4,1.242453324894,0.5,"3,11,0,2,3,3",0.0
2020-04-06,"mercury,venus,earth,mars,jupiter,saturn",4.165541402940684,-8.905823652700893e-16,20.716973523937874,2,0.4436917729700285,0.8375612953100319,4,1.242453324894,0.5,"3,11,0,2,3,3",0.0
2020-04-07,"mercury,venus,earth,mars,jupiter,saturn",4.155531985591635,-7.279479690845768e-16,20.6705083394507,2,0.4471957652280255,0.8354146787148655,4,1.242453324894,0.5,"3,11,0,2,3,3",0.0
2020-04-08,"mercury,venus,earth,mars,jupiter,saturn",4.1413936133925615,-3.3380759903855697e-16,20.605558761386657,2,0.45213224213076886,0.832355058150071,4,1.242453324894,0.5,"3,11,0,2,3,3",0.0
2020-04-09,"mercury,venus,earth,mars,jupiter,saturn",4.122985455003597,-8.707394583166307e-16,20.52219266429927,2,0.45853499683634036,0.8283232372017912,4,1.242453324894,0.5,"3,11,0,2,3,3",0.0
2020-04-10,"mercury,venus,earth,mars,jupiter,saturn",4.100190002739828,-7.764005533863837e-16,20.42083608425733,2,0.46642151472564825,0.8232551296725733,5,1.5607104090414063,0.3333333333333333,"4,11,0,2,3,3",0.0
2020-04-11,"mercury,venus,earth,mars,jupiter,saturn",4.072913743201379,-2.467127674515746e-16,20.302287800700793,2,0.4757900228995101,0.8170816275683997,5,1.5607104090414063,0.3333333333333333,"4,11,0,2,3,3",0.0
2020-04-12,"mercury,venus,earth,mars,jupiter,saturn",4.041087249076171,-1.4071264152411372e-16,20.167725320377983,2,0.4866161026800587,0.8097287073889974,5,1.5607104090414063,0.3333333333333333,"4,11,0,2,3,3",0.0
2020-04-13,"mercury,venus,earth,mars,jupiter,saturn",4.004664687697342,-3.1350232217536445e-16,20.018702269411996,2,0.49884887603260436,0.8011178269729623,5,1.5607104090414063,0.3333333333333333,"4,11,0,2,3,3",0.0
2020-04-14,"mercury,venus,earth,mars,jupiter,saturn",3.963622785395995,-1.3101193672340318e-15,19.857137745068663,2,0.5124068094185679,0.7911666719848289,5,1.5607104090414063,0.3333333333333333,"4,11,0,2,3,3",0.0
2020-04-15,"mercury,venus,earth,mars,jupiter,saturn",3.917959338018681,-7.097894119451297e-16,19.685298692511388,2,0.527173217789892,0.779790320388043,5,1.5607104090414063,0.3333333333333333,"4,11,0,2,3,3",0.0
2020-04-16,"mercury,venus,earth,mars,jupiter,saturn",3.86769142183197,-2.280385270571497e-16,19.505776807041574,2,0.542991597702759,0.7669029068923008,5,1.5607104090414063,0.3333333333333333,"4,11,0,2,3,3",0.0
2020-04-17,"mercury,venus,earth,mars,jupiter,saturn",3.8128535473355303,-6.326074274167539e-16,19.321461778831914,2,0.5596609727378565,0.752419891405754,5,1.5607104090414063,0.3333333333333333,"4,11,0,2,3,3",0.0
2020-04-18,"mercury,venus,earth,mars,jupiter,saturn",3.753496139435112,-4.266465863542629e-16,19.135512864287236,2,0.5769314978746092,0.7362610748232522,4,1.242453324894,0.5,"4,11,0,3,3,3",0.0
2020-04-19,"mercury,venus,earth,mars,jupiter,saturn",3.689684987990086,-2.115864010938286e-16,18.95133076531777,2,0.5945006438001821,0.7183545830730547,3,1.0114042647073516,0.5,"5,0,0,3,3,3",0.0
2020-04-20,"mercury,venus,earth,mars,jupiter,saturn",3.6215028608382305,-1.6227905234007509e-16,18.772531612060206,2,0.6120103689563132,0.698642209910235,3,1.0114042647073516,0.5,"5,0,0,3,3,3",0.0
2020-04-21,"mercury,venus,earth,mars,jupiter,saturn",3.5490557646062086,-4.5726248345215e-16,18.602924465294613,2,0.6290457874514872,0.6770869195208057,3,1.0114042647073516,0.5,"5,0,0,3,3,3",0.0
2020-04-22,"mercury,venus,earth,mars,jupiter,saturn",3.4724897699801227,-6.478669743368016e-16,18.446493165471736,2,0.6451359542275112,0.653684420905931,3,1.0114042647073516,0.5,"5,0,0,3,3,3",0.0
2020-04-23,"mercury,venus,earth,mars,jupiter,saturn",3.3920347708275225,-4.468988415860231e-16,18.307382523075578,2,0.6597575114194221,0.6284841577981062,4,1.242453324894,0.5,"5,0,1,3,3,3",0.0
2020-04-24,"mercury,venus,earth,mars,jupiter,saturn",3.308129606543956,-2.51337216624587e-16,18.189887708857874,2,0.6723420627292565,0.6016376609275844,4,1.242453324894,0.5,"5,0,1,3,3,3",0.0
2020-04-25,"mercury,venus,earth,mars,jupiter,saturn",3.221860497210254,-4.0952234787502903e-16,18.098444160444767,2,0.6822882484360946,0.5735512385186599,4,1.242453324894,0.5,"5,0,1,3,3,3",6.0
2020-04-26,"mercury,venus,earth,mars,jupiter,saturn",3.137137196385077,-7.107818700752821e-16,18.037613221264714,2,0.6889795523287843,0.5456170762848175,4,1.242453324894,0.5,"5,0,1,3,3,3",13.0
2020-04-27,"mercury,venus,earth,mars,jupiter,saturn",3.0776397554376014,-3.977536823725701e-16,18.01205586324881,2,0.691808835603863,0.5258625964832861,4,1.242453324894,0.5,"6,0,1,3,3,3",26.0
2020-04-28,"mercury,venus,earth,mars,jupiter,saturn",3.1150716664265756,-5.014394907938129e-16,18.026482976828383,2,0.690210391087136,0.5383008709711675,4,1.242453324894,0.5,"6,0,1,3,3,3",15.0
2020-04-29,"mercury,venus,earth,mars,jupiter,saturn",3.2068400722693227,-3.4260002585403805e-16,18.085565630992747,2,0.6836998479975581,0.5686204932119571,4,1.242453324894,0.5,"6,0,1,3,3,3",24.0
2020-04-30,"mercury,venus,earth,mars,jupiter,saturn",3.3112735030107885,-4.105526724719524e-16,18.193782387353213,2,0.6719214157546416,0.6026527072986735,4,1.242453324894,0.5,"6,0,1,3,3,3",20.0
2020-05-01,"mercury,venus,earth,mars,jupiter,saturn",3.4214105299598168,-2.1706722041214534e-16,18.35517366952203,2,0.6547006165691529,0.6377520706304893,4,1.242453324894,0.5,"6,0,1,3,3,3",4.0
2020-05-02,"mercury,venus,earth,mars,jupiter,saturn",3.5352414807618295,-4.0219125580362917e-16,18.572966885456225,2,0.6320987480231197,0.6729098481883227,4,1.242453324894,0.5,"6,0,1,3,3,3",0.0
2020-05-03,"mercury,venus,earth,mars,jupiter,saturn",3.6515496829625373,-2.7641202932410133e-16,18.84903397873716,2,0.6044628984522669,0.7074004483298798,4,1.242453324894,0.5,"7,0,1,3,3,3",0.0
2020-05-04,"mercury,venus,earth,mars,jupiter,saturn",3.7691397544906966,-5.287398147788952e-16,19.183151923876018,2,0.5724627317760336,0.7405672720133333,4,1.242453324894,0.5,"7,0,1,3,3,3",0.0
2020-05-05,"mercury,venus,earth,mars,jupiter,saturn",3.88658524359957,-2.5721866754300037e-16,19.57206678833702,2,0.5371031923345466,0.7717909927002351,4,1.242453324894,0.5,"7,0,1,3,3,3",0.0
2020-05-06,"mercury,venus,earth,mars,jupiter,saturn",4.00210438657238,-2.0460251526044647e-16,20.00842640317522,2,0.4997019541485028,0.800504707280734,4,1.242453324894,0.5,"7,0,1,3,3,3",0.0
2020-05-07,"mercury,venus,earth,mars,jupiter,saturn",4.113497871359044,-1.2797925973871886e-16,20.479755019042255,2,0.46182333894184924,0.8262239817782107,4,1.242453324894,0.5,"7,0,1,3,3,3",0.0
2020-05-08,"mercury,venus,earth,mars,jupiter,saturn",4.218151781526566,-2.677930069252548e-16,20.967787525672694,2,0.42516767863350957,0.8485780595692539,4,1.242453324894,0.5,"8,0,1,3,3,3",0.0
2020-05-09,"mercury,venus,earth,mars,jupiter,saturn",4.3131286802486875,-9.822522675815297e-16,21.448613861783322,2,0.39142631411255624,0.8673324594430015,3,1.0114042647073516,0.5,"8,1,1,3,3,3",0.0
2020-05-10,"mercury,venus,earth,mars,jupiter,saturn",4.395368411356392,-8.405838762818586e-16,21.894106006822522,2,0.36212453374678266,0.8823956303824166,3,1.0114042647073516,0.5,"8,1,1,3,3,3",0.0
2020-05-11,"mercury,venus,earth,mars,jupiter,saturn",4.461999126933283,-4.920123033106468e-16,22.27488289430736,2,0.3384820638104049,0.8938065489826436,3,1.0114042647073516,0.5,"8,1,1,3,3,3",0.0
2020-05-12,"mercury,venus,earth,mars,jupiter,saturn",4.510720605647628,-7.200565817746542e-16,22.56455349665667,2,0.32131755867070333,0.9017063149611538,3,1.0114042647073516,0.5,"8,1,1,3,3,3",0.0
2020-05-13,"mercury,venus,earth,mars,jupiter,saturn",4.5401796776028425,-5.561501057027924e-16,22.744306878601595,2,0.31100910279589966,0.906302909776129,3,1.0114042647073516,0.5,"9,1,1,3,3,3",0.0
2020-05-14,"mercury,venus,earth,mars,jupiter,saturn",4.55023595069649,-2.0914647178163824e-17,22.80646300566371,2,0.307504202285364,0.9078412203535922,3,1.0114042647073516,0.5,"9,1,1,3,3,3",0.0
2020-05-15,"mercury,venus,earth,mars,jupiter,saturn",4.542036061090749,-2.5030365892697244e-16,22.755750427408543,2,0.3103615357076555,0.9065880576454428,3,1.0114042647073516,0.5,"9,1,1,3,3,3",0.0
2020-05-16,"mercury,venus,earth,mars,jupiter,saturn",4.517874513968316,-5.075445229501754e-16,22.607886080309097,2,0.31880887945779973,0.9028349688006471,3,1.0114042647073516,0.5,"9,1,1,3,3,3",0.0
2020-05-17,"mercury,venus,earth,mars,jupiter,saturn",4.480889596504792,-1.8188485528344773e-16,22.386067994072253,2,0.3318117774268077,0.8969137224715636,3,1.0114042647073516,0.5,"10,1,1,3,3,3",0.0
2020-05-18,"mercury,venus,earth,mars,jupiter,saturn",4.434686910843286,-3.2805879607607537e-16,22.11665306429011,2,0.34815452578456824,0.8892144729149151,3,1.0114042647073516,0.5,"10,1,1,3,3,3",0.0
2020-05-19,"mercury,venus,earth,mars,jupiter,saturn",4.382983138023609,-4.555999486353378e-16,21.825284720115263,2,0.36653311618743,0.880196590081315,3,1.0114042647073516,0.5,"10,1,1,3,3,3",0.0
2020-05-20,"mercury,venus,earth,mars,jupiter,saturn",4.329329029335822,-4.812693162123315e-16,21.534231336469837,2,0.38565259813523617,0.8703858313487616,3,1.0114042647073516,0.5,"10,1,1,3,3,3",0.0
2020-05-21,"mercury,venus,earth,mars,jupiter,saturn",4.2769279146414,-7.283627115273853e-16,21.26108979838087,2,0.4043161838588994,0.8603562921987122,3,1.0114042647073516,0.5,"10,1,1,3,3,3",0.0
2020-05-22,"mercury,venus,earth,mars,jupiter,saturn",4.228534379574467,-8.303085347904412e-16,21.01859344359284,2,0.42149413876451397,0.8506993128359779,3,1.0114042647073516,0.5,"11,1,1,3,3,3",0.0
2020-05-23,"mercury,venus,earth,mars,jupiter,saturn",4.18640471728962,-1.513798968625928e-16,20.81511230641413,2,0.43636582949541675,0.8419836606667835,3,1.0114042647073516,0.5,"11,1,1,3,3,3",0.0
2020-05-24,"mercury,venus,earth,mars,jupiter,saturn",4.1522737947004345,-9.01780102560263e-16,20.655469795906676,2,0.44833475441073123,0.8347124435568487,4,1.242453324894,0.5,"11,1,2,3,3,3",0.0
2020-05-25,"mercury,venus,earth,mars,jupiter,saturn",4.1273452228216385,-1.4853770639733058e-15,20.541814502837536,2,0.45702120868402546,0.8292830502385989,4,1.242453324894,0.5,"11,1,2,3,3,3",0.0
2020-05-26,"mercury,venus,earth,mars,jupiter,saturn",4.112295509316181,-3.7248351197211326e-16,20.474402600089892,2,0.46223947808355526,0.8259569124555449,4,1.242453324894,0.5,"11,1,2,3,3,3",0.0
2020-05-27,"mercury,venus,earth,mars,jupiter,saturn",4.107301350973504,-1.0638352166429606e-15,20.452232563735492,2,0.46396650083531565,0.8248451280385581,4,1.242453324894,0.5,"11,1,2,3,3,3",0.0
2020-05-28,"mercury,venus,earth,mars,jupiter,saturn",4.112098381552938,-6.196377728610328e-16,20.47352562050533,2,0.4623076913319238,0.8259131042205389,3,1.0114042647073516,0.5,"11,2,2,3,3,3",0.0
2020-05-29,"mercury,venus,earth,mars,jupiter,saturn",4.126070696537896,-7.793837732272025e-16,20.536070427202677,2,0.457463920070739,0.8290027760265969,3,1.0114042647073518,0.5,"0,2,2,3,3,3",0.0
2020-05-30,"mercury,venus,earth,mars,jupiter,saturn",4.148359479165701,-3.9628727220176864e-16,20.63745898677945,2,0.4497020332820665,0.8338665326680044,3,1.0114042647073518,0.5,"0,2,2,3,3,3",0.0
2020-05-31,"mercury,venus,earth,mars,jupiter,saturn",4.177972954680438,-3.1682777146555695e-16,20.775240563917134,2,0.43933002495987994,0.8402048561766448,3,1.0114042647073518,0.5,"0,2,2,3,3,3",2.0
2020-06-01,"mercury,venus,earth,mars,jupiter,saturn",4.213881460725444,-5.488798251434419e-16,20.947016401385874,2,0.42667709703718004,0.8477005328487162,3,1.0114042647073518,0.5,"0,2,2,3,3,3",6.0
2020-06-02,"mercury,venus,earth,mars,jupiter,saturn",4.255088266867942,-4.865081287184561e-16,21.150493115259145,2,0.41207831089754654,0.8560451077982058,3,1.0114042647073518,0.5,"0,2,2,3,3,3",0.0
2020-06-03,"mercury,venus,earth,mars,jupiter,saturn",4.300674451597418,-3.1420993812898384e-16,21.383508058076487,2,0.39586325979531345,0.8649563340303718,4,1.3296613488547582,0.3333333333333333,"0,2,2,4,3,3",9.0
2020-06-04,"mercury,venus,earth,mars,jupiter,saturn",4.349821498908519,-4.3433312214248935e-16,21.644036157831284,2,0.3783480922840758,0.8741875560728422,4,1.3296613488547582,0.3333333333333333,"0,2,2,4,3,3",11.0
2020-06-05,"mercury,venus,earth,mars,jupiter,saturn",4.401817540464529,-6.815802979370634e-16,21.930184833508044,2,0.3598302227741132,0.8835309782677164,4,1.3296613488547582,0.3333333333333333,"0,2,2,4,3,3",13.0
2020-06-06,"mercury,venus,earth,mars,jupiter,saturn",4.456053132671624,-2.771784402588529e-16,22.240181450325704,2,0.34058512756551945,0.8928168848596242,4,1.3296613488547582,0.3333333333333333,"0,2,2,4,3,3",16.0
2020-06-07,"mercury,venus,earth,mars,jupiter,saturn",4.512011285596144,-8.869717590285546e-16,22.57235625554021,2,0.3208647108554289,0.9019105321071741,4,1.3296613488547582,0.3333333333333333,"0,2,2,4,3,3",16.0
2020-06-08,"mercury,venus,earth,mars,jupiter,saturn",4.56925502692874,-9.560803339819508e-16,22.925122679082243,2,0.3008968159194261,0.9107079509835526,4,1.3296613488547582,0.3333333333333333,"1,2,2,4,3,3",16.0
2020-06-09,"mercury,venus,earth,mars,jupiter,saturn",4.62741453964839,-8.312222929245906e-17,23.296956167717962,2,0.28088554144970523,0.9191314593887057,4,1.3296613488547582,0.3333333333333333,"1,2,2,4,3,3",14.0
2020-06-10,"mercury,venus,earth,mars,jupiter,saturn",4.686174998417751,-3.856624395027908e-16,23.68637225057821,2,0.2610120971270339,0.9271253480050978,4,1.3296613488547582,0.3333333333333333,"1,2,2,4,3,3",12.0
2020-06-11,"mercury,venus,earth,mars,jupiter,saturn",4.745265629782824,-5.660110764760817e-16,24.091904237002474,2,0.241435994534888,0.9346519758539363,4,1.3296613488547582,0.3333333333333333,"1,2,2,4,3,3",11.0
2020-06-12,"mercury,venus,earth,mars,jupiter,saturn",4.804450161999217,-9.726732928323213e-16,24.512080774277997,2,0.22229641996984434,0.9416883687555571,4,1.3296613488547582,0.3333333333333333,"1,2,2,4,3,3",11.0
2020-06-13,"mercury,venus,earth,mars,jupiter,saturn",4.8635186352600766,-5.81586539039727e-16,24.94540340792316,2,0.20371367592679795,0.9482233311171514,4,1.3296613488547582,0.3333333333333333,"1,2,2,4,3,3",11.0
2020-06-14,"mercury,venus,earth,mars,jupiter,saturn",4.922280451256771,-5.881029857146304e-16,25.390324266567877,2,0.18579060972100678,0.9542550377242458,4,1.3296613488547582,0.3333333333333333,"1,2,2,4,3,3",11.0
2020-06-15,"mercury,venus,earth,mars,jupiter,saturn",4.980558509697906,-6.562267770773062e-16,25.845224020673584,2,0.16861397253372298,0.9597890522706227,4,1.242453324894,0.5,"1,3,2,4,3,3",8.0
2020-06-16,"mercury,venus,earth,mars,jupiter,saturn",5.038184281124446,-1.770970059328555e-16,26.308390327645547,2,0.15225567166305953,0.9648367130958981,4,1.242453324894,0.5,"1,3,2,4,3,3",0.0
2020-06-17,"mercury,venus,earth,mars,jupiter,saturn",5.094993683344109,-3.4670294169654014e-16,26.777997066503435,2,0.13677389423764127,0.969413827660337,4,1.242453324894,0.5,"1,3,2,4,3,3",0.0
2020-06-18,"mercury,venus,earth,mars,jupiter,saturn",5.15082365335237,-2.417117776640039e-16,27.25208477564008,2,0.12221409318674928,0.973539621880584,3,1.0114042647073516,0.5,"2,3,2,4,3,3",0.0
2020-06-19,"mercury,venus,earth,mars,jupiter,saturn",5.20550933231045,-8.120139920186913e-16,27.72854282981698,2,0.10860983671485977,0.9772358964219703,3,1.0114042647073516,0.5,"2,3,2,4,3,3",0.0
2020-06-20,"mercury,venus,earth,mars,jupiter,saturn",5.258881805126008,-4.192651123694894e-16,28.205094019058663,2,0.09598353155809478,0.9805263482404228,3,1.0114042647073516,0.5,"2,3,2,4,3,3",0.0
2020-06-21,"mercury,venus,earth,mars,jupiter,saturn",5.3107663569312775,-3.49519889541494e-16,28.679282312650894,2,0.08434703838514387,0.9834360215308375,3,1.0114042647073516,0.5,"2,3,2,4,3,3",0.0
2020-06-22,"mercury,venus,earth,mars,jupiter,saturn",5.3609812254993585,-4.4350654227523047e-16,29.148464694320907,2,0.07370220517044783,0.9859908575478467,3,0.8675632284814612,0.6666666666666666,"2,3,3,4,3,3",0.0
2020-06-23,"mercury,venus,earth,mars,jupiter,saturn",5.409336840955981,-1.226612565934395e-15,29.60980802637549,2,0.06404135140110288,0.9882173174800363,3,0.8675632284814612,0.6666666666666666,"2,3,3,4,3,3",0.0
2020-06-24,"mercury,venus,earth,mars,jupiter,saturn",5.455635551771266,-5.776833850622751e-16,30.060291926245938,2,0.05534774264670868,0.9901420567297737,3,0.8675632284814612,0.6666666666666666,"2,3,3,4,3,3",0.0
2020-06-25,"mercury,venus,earth,mars,jupiter,saturn",5.499671838794213,-8.798836415960018e-16,30.496718603321682,2,0.0475961012723469,0.9917916326621351,3,0.8675632284814612,0.6666666666666666,"2,3,3,4,3,3",0.0
2020-06-26,"mercury,venus,earth,mars,jupiter,saturn",5.54123301696677,-4.548109706671507e-16,30.91573049304407,2,0.04075320473381382,0.9931922312245293,3,0.8675632284814612,0.6666666666666666,"2,3,3,4,3,3",6.0
2020-06-27,"mercury,venus,earth,mars,jupiter,saturn",5.580100417424281,-1.1730134518954263e-15,31.313836327985893,2,0.03477862762879775,0.9943694008744088,3,0.8675632284814612,0.6666666666666666,"2,3,3,4,3,3",4.0
2020-06-28,"mercury,venus,earth,mars,jupiter,saturn",5.6160510312789285,-9.74678660133793e-16,31.687445996511087,2,0.02962568692453738,0.9953477850313905,2,0.45056120886630463,0.8333333333333334,"3,3,3,4,3,3",0.0
2020-06-29,"mercury,venus,earth,mars,jupiter,saturn",5.648859581111232,-4.341347199986335e-16,32.03291416088954,2,0.02524265061093403,0.9961508468084392,2,0.45056120886630463,0.8333333333333334,"3,3,3,4,3,3",0.0
2020-06-30,"mercury,venus,earth,mars,jupiter,saturn",5.6783009680313965,-7.4083248199735755e-16,32.34659215071583,2,0.02157426692944701,0.9968005820617105,2,0.45056120886630463,0.8333333333333334,"3,3,3,4,3,3",0.0
2020-07-01,"mercury,venus,earth,mars,jupiter,saturn",5.7041530224551416,-2.8063080746154997e-16,32.62488713770655,2,0.018563661957776867,0.9973172187921144,2,0.45056120886630463,0.8333333333333334,"3,3,3,4,3,3",4.0
2020-07-02,"mercury,venus,earth,mars,jupiter,saturn",5.72619946714687,-3.1420840707459535e-17,32.86432706934376,2,0.016154634340019777,0.9977189025768737,2,0.6365141682948128,0.6666666666666666,"3,4,3,4,3,3",2.0
2020-07-03,"mercury,venus,earth,mars,jupiter,saturn",5.744232983548388,-2.907023817216916e-16,33.06162933598977,2,0.014294343261003267,0.9980213689398136,2,0.6365141682948128,0.6666666666666666,"3,4,3,4,3,3",0.0
2020-07-04,"mercury,venus,earth,mars,jupiter,saturn",5.75805825897267,-5.539130087478556e-16,33.21377071977471,2,0.012936335888597841,0.9982376043194493,2,0.6365141682948128,0.6666666666666666,"3,4,3,4,3,3",7.0
2020-07-05,"mercury,venus,earth,mars,jupiter,saturn",5.767494884854598,-2.894535740061328e-16,33.31805587539272,2,0.012043793600755161,0.9983774975115309,2,0.6365141682948128,0.6666666666666666,"3,4,3,4,3,3",5.0
2020-07-06,"mercury,venus,earth,mars,jupiter,saturn",5.772379976571116,-2.390825982119795e-16,33.372181468984934,2,0.011592800677152697,0.9984474831196181,2,0.6931471805599453,0.5,"3,4,3,4,3,4",5.0
2020-07-07,"mercury,venus,earth,mars,jupiter,saturn",5.772570394531799,-5.526891698232928e-16,33.374293185268435,2,0.011575374617190666,0.9984501776515149,2,0.6365141682948128,0.6666666666666666,"4,4,3,4,3,4",8.0
2020-07-08,"mercury,venus,earth,mars,jupiter,saturn",5.767944464814487,-3.1229752265124265e-16,33.32303312059432,2,0.012001972266376067,0.9983840075056987,2,0.6365141682948128,0.6666666666666666,"4,4,3,4,3,4",0.0
2020-07-09,"mercury,venus,earth,mars,jupiter,saturn",5.75840312540428,-3.092617629610709e-16,33.2175756044802,2,0.012903224260129352,0.9982428263125094,2,0.6365141682948128,0.6666666666666666,"4,4,3,4,3,4",0.0
2020-07-10,"mercury,venus,earth,mars,jupiter,saturn",5.743870460293273,-3.6120310137425167e-16,33.05765020574003,2,0.014330752677869311,0.9980155171132222,2,0.6365141682948128,0.6666666666666666,"4,4,3,4,3,4",0.0
2020-07-11,"mercury,venus,earth,mars,jupiter,saturn",5.724293627115589,-9.09429184439071e-16,32.843551533485225,2,0.01635706275273194,0.9976855729511597,2,0.6365141682948128,0.6666666666666666,"4,4,3,4,3,4",0.0
2020-07-12,"mercury,venus,earth,mars,jupiter,saturn",5.6996422333784995,-1.9328075443474117e-16,32.576136376481706,2,0.019074620675163714,0.9972306480140172,2,0.6365141682948128,0.6666666666666666,"4,4,3,4,3,4",0.0
2020-07-13,"mercury,venus,earth,mars,jupiter,saturn",5.669907270878323,-1.3154065866766914e-16,32.256809670177866,2,0.022594296401435742,0.9966220710934185,2,0.6365141682948128,0.6666666666666666,"4,4,3,4,3,4",0.0
2020-07-14,"mercury,venus,earth,mars,jupiter,saturn",5.635099777722213,-5.114034537291277e-16,31.887501677103312,2,0.027043350002495064,0.9958243146933651,2,0.6365141682948128,0.6666666666666666,"4,4,3,4,3,4",0.0
2020-07-15,"mercury,venus,earth,mars,jupiter,saturn",5.595249464312856,-4.3593671804739417e-16,31.47063956403233,2,0.032563083482952386,0.9947944179588182,2,0.6365141682948128,0.6666666666666666,"4,4,3,4,3,4",2.0
2020-07-16,"mercury,venus,earth,mars,jupiter,saturn",5.55040361785095,-1.9630973301694783e-16,31.009117227894432,2,0.03930618679750402,0.9934813717734704,3,1.0114042647073516,0.5,"5,4,3,4,3,4",0.0
2020-07-17,"mercury,venus,earth,mars,jupiter,saturn",5.500626696707071,-1.3344079118741028e-16,30.506267752568238,2,0.047433691633497185,0.9918254931063896,3,1.0114042647073516,0.5,"5,4,3,4,3,4",0.0
2020-07-18,"mercury,venus,earth,mars,jupiter,saturn",5.446001152890159,-1.3630727051308267e-16,29.965843279879977,2,0.05711131384287859,0.9897578479693542,3,1.0114042647073516,0.5,"5,4,3,4,3,4",0.0
2020-07-19,"mercury,venus,earth,mars,jupiter,saturn",5.386630194544876,-8.191351796565148e-16,29.39200737102662,2,0.06850481078562351,0.9871998358773236,3,1.0114042647073516,0.5,"5,4,3,4,3,4",0.0
2020-07-20,"mercury,venus,earth,mars,jupiter,saturn",5.322643444183867,-2.7042105107114844e-16,28.78934513762059,2,0.0817737941051348,0.98406313511079,3,1.0114042647073516,0.5,"5,4,3,4,3,4",0.0
2020-07-21,"mercury,venus,earth,mars,jupiter,saturn",5.254206792819039,-3.006376368010276e-16,28.162896529582994,2,0.09706321260255812,0.9802503443744499,3,1.0114042647073518,0.5,"5,5,4,5,3,4",6.0
2020-07-22,"mercury,venus,earth,mars,jupiter,saturn",5.181538232573853,-1.5126123854167916e-16,27.518218120362906,2,0.11449145192914953,0.9756568662328234,3,1.0114042647073518,0.5,"5,5,4,5,3,4",11.0
2020-07-23,"mercury,venus,earth,mars,jupiter,saturn",5.104932109030927,-1.8343458124929626e-16,26.861478367258776,2,0.13413370446147524,0.9701748906560431,3,1.0114042647073518,0.5,"5,5,4,5,3,4",11.0
2020-07-24,"mercury,venus,earth,mars,jupiter,saturn",5.024795090293691,-4.879049807020582e-16,26.199590315354868,2,0.15599900045489745,0.9637007829333148,4,1.3296613488547582,0.3333333333333333,"6,5,4,5,3,4",11.0
2020-07-25,"mercury,venus,earth,mars,jupiter,saturn",4.941698156471599,-6.514678637110777e-16,25.54038346169041,2,0.1799991930185896,0.9561477691321443,4,1.3296613488547582,0.3333333333333333,"6,5,4,5,3,4",11.0
2020-07-26,"mercury,venus,earth,mars,jupiter,saturn",4.8564498399168965,-2.5194392360889023e-16,24.892812016254943,2,0.2059085192913976,0.9474664827833769,4,1.3296613488547582,0.3333333333333333,"6,5,4,5,3,4",11.0
2020-07-27,"mercury,venus,earth,mars,jupiter,saturn",4.770196116635945,-1.5879086906374108e-16,24.267188582705963,2,0.2333135853229089,0.9376764396756228,4,1.3296613488547582,0.3333333333333333,"6,5,4,5,3,4",11.0
2020-07-28,"mercury,venus,earth,mars,jupiter,saturn",4.684550124765709,-1.5658556477711162e-16,23.67541824569633,2,0.26155646084554274,0.9269111803518628,4,1.3296613488547582,0.3333333333333333,"6,5,4,5,3,4",20.0
2020-07-29,"mercury,venus,earth,mars,jupiter,saturn",4.601746813674047,-8.555228186058118e-16,23.131185710229918,2,0.2896789157343633,0.9154772263919867,4,1.3296613488547582,0.3333333333333333,"6,5,4,5,3,4",21.0
2020-07-30,"mercury,venus,earth,mars,jupiter,saturn",4.524797597642996,-3.2307372084981837e-16,22.6500154275557,2,0.31638432805150757,0.9039196182942855,4,1.3296613488547582,0.3333333333333333,"7,5,4,5,3,4",21.0
2020-07-31,"mercury,venus,earth,mars,jupiter,saturn",4.457580525116615,-4.905520098127852e-16,22.24908197439846,2,0.34004474638109683,0.8930716404732082,4,1.3296613488547582,0.3333333333333333,"7,5,4,5,3,4",21.0
2020-08-01,"mercury,venus,earth,mars,jupiter,saturn",4.404742368743939,-5.830222188269826e-16,21.94660224508867,2,0.35879002599936827,0.8840436947067648,4,1.3296613488547582,0.3333333333333333,"7,5,4,5,3,4",26.0
2020-08-02,"mercury,venus,earth,mars,jupiter,saturn",4.371242468259883,-3.1014605554092546e-16,21.76061181351892,2,0.37071469115641875,0.8780893147704576,4,1.3296613488547582,0.3333333333333333,"7,5,4,5,3,4",15.0
2020-08-03,"mercury,venus,earth,mars,jupiter,saturn",4.361424476982313,-6.112913428669906e-16,21.706953213053133,2,0.37421285281358585,0.8763101519462366,4,1.3296613488547582,0.3333333333333333,"7,5,4,5,3,4",11.0
2020-08-04,"mercury,venus,earth,mars,jupiter,saturn",4.377758805072279,-3.6374398602697496e-16,21.796438649908385,2,0.3683935669316194,0.8792616290766575,4,1.3296613488547582,0.3333333333333333,"8,5,4,5,3,4",11.0
2020-08-05,"mercury,venus,earth,mars,jupiter,saturn",4.419760854578514,-3.410383936848263e-16,22.031441768387023,2,0.35345240640659775,0.8866549096979389,4,1.3296613488547582,0.3333333333333333,"8,5,4,5,3,4",12.0
2020-08-06,"mercury,venus,earth,mars,jupiter,saturn",4.483679018631404,-4.173807192392038e-16,22.402606860654092,2,0.3308283601355485,0.8973677780965403,4,1.3296613488547582,0.3333333333333333,"8,5,4,5,3,4",14.0
2020-08-07,"mercury,venus,earth,mars,jupiter,saturn",4.563135802336342,-1.5947743514487684e-16,22.886787073091362,2,0.3030195459244457,0.9097916751733575,4,1.3296613488547582,0.3333333333333333,"8,5,4,5,3,4",17.0
2020-08-08,"mercury,venus,earth,mars,jupiter,saturn",4.65036861791788,-3.085383941174939e-16,23.447433150016355,2,0.2730776579487252,0.9223153828460907,4,1.3296613488547582,0.3333333333333333,"8,5,4,5,3,4",12.0
2020-08-09,"mercury,venus,earth,mars,jupiter,saturn",4.7375483817714805,-3.2161520517881126e-16,24.038148757993387,2,0.24396732277916888,0.9336977192206687,4,1.3296613488547582,0.3333333333333333,"9,5,4,5,3,4",13.0
2020-08-10,"mercury,venus,earth,mars,jupiter,saturn",4.817829734844061,-5.912280192422762e-16,24.609009889766448,2,0.21803999335034227,0.9432107775941034,5,1.5607104090414063,0.3333333333333333,"9,6,4,5,3,4",13.0
2020-08-11,"mercury,venus,earth,mars,jupiter,saturn",4.8860034738103515,-2.413526123688069e-16,25.114018206449426,2,0.1967866642913353,0.9505858341679505,5,1.5607104090414063,0.3333333333333333,"9,6,4,5,3,4",12.0
2020-08-12,"mercury,venus,earth,mars,jupiter,saturn",4.938747288196989,-6.690364935552361e-16,25.51748209498235,2,0.1808749724809902,0.9558633052384624,5,1.5607104090414063,0.3333333333333333,"9,6,4,5,3,4",17.0
2020-08-13,"mercury,venus,earth,mars,jupiter,saturn",4.974538379770665,-1.5558683941838802e-16,25.797603626374727,2,0.17035948708373994,0.9592376272698336,5,1.5607104090414063,0.3333333333333333,"10,6,4,5,3,4",10.0
2020-08-14,"mercury,venus,earth,mars,jupiter,saturn",4.993335615047805,-7.253769144948731e-17,25.946773748436026,2,0.16493187786136657,0.9609441546083444,5,1.5607104090414063,0.3333333333333333,"10,6,4,5,3,4",5.0
2020-08-15,"mercury,venus,earth,mars,jupiter,saturn",4.996155745251091,-8.275304917366792e-17,25.96927551859788,2,0.16412334152400318,0.9611963265178218,5,1.5607104090414063,0.3333333333333333,"10,6,4,5,3,4",0.0
2020-08-16,"mercury,venus,earth,mars,jupiter,saturn",4.984651625296868,-2.4595250179601705e-16,25.877684147587,2,0.16743106873519764,0.960161337616897,5,1.5607104090414063,0.3333333333333333,"10,6,4,5,3,4",0.0
2020-08-17,"mercury,venus,earth,mars,jupiter,saturn",4.960761372191651,-4.0263161997401897e-16,25.689170317357767,2,0.17437943040401366,0.9579582792209046,5,1.5607104090414063,0.3333333333333333,"10,6,4,5,3,4",0.0
2020-08-18,"mercury,venus,earth,mars,jupiter,saturn",4.926455623638814,-1.2426028405813347e-15,25.42246253969922,2,0.18453970216476107,0.9546661726330796,5,1.5607104090414063,0.3333333333333333,"11,6,4,5,3,4",13.0
2020-08-19,"mercury,venus,earth,mars,jupiter,saturn",4.883579496559474,-4.781321388630554e-16,25.095743439718483,2,0.19752939457528693,0.950334416531779,5,1.5607104090414063,0.3333333333333333,"11,6,4,5,3,4",16.0
2020-08-20,"mercury,venus,earth,mars,jupiter,saturn",4.833770235900391,-3.259230453659633e-16,24.72542655614836,2,0.21300444130920132,0.9449921780082039,5,1.5607104090414063,0.3333333333333333,"11,6,4,5,3,4",12.0
2020-08-21,"mercury,venus,earth,mars,jupiter,saturn",4.778427685851386,-5.923837282349711e-17,24.325610067605435,2,0.2306506580893171,0.9386556425698188,5,1.5607104090414063,0.3333333333333333,"11,6,5,5,3,4",3.0
2020-08-22,"mercury,venus,earth,mars,jupiter,saturn",4.7187174244988555,-3.2946175296851865e-16,23.90797917055196,2,0.2501767072713542,0.9313331743109032,5,1.5607104090414063,0.3333333333333333,"11,6,5,5,3,4",0.0
2020-08-23,"mercury,venus,earth,mars,jupiter,saturn",4.655591484294986,-5.282461460230904e-16,23.481966325740146,2,0.27130884612012557,0.9230288370220977,5,1.5607104090414063,0.3333333333333333,"11,6,5,5,3,4",0.0
2020-08-24,"mercury,venus,earth,mars,jupiter,saturn",4.589816615455549,-6.926252453128902e-16,23.055033741557068,2,0.29378708089041516,0.9137447726020577,5,1.5607104090414063,0.3333333333333333,"11,6,5,5,3,4",0.0
2020-08-25,"mercury,venus,earth,mars,jupiter,saturn",4.522004046321817,-1.8694714605856886e-16,22.63299263403997,2,0.3173622808455538,0.9034828458432121,5,1.5607104090414063,0.3333333333333333,"0,6,5,5,3,4",0.0
2020-08-26,"mercury,venus,earth,mars,jupiter,saturn",4.452637487584067,-2.406607479049304e-16,22.220311340669095,2,0.34179392902811956,0.8922458507389192,5,1.5607104090414063,0.3333333333333333,"0,6,5,5,3,4",0.0
2020-08-27,"mercury,venus,earth,mars,jupiter,saturn",4.382097905900817,-4.2176312978619375e-16,21.82038924299085,2,0.3668483270108314,0.8800384742480546,5,1.5607104090414063,0.3333333333333333,"0,6,5,5,3,4",0.0
2020-08-28,"mercury,venus,earth,mars,jupiter,saturn",4.310684635984652,-1.1958663973704429e-16,21.435788430012444,2,0.392297174589833,0.8668681393075003,5,1.5607104090414063,0.3333333333333333,"0,6,5,5,3,4",0.0
2020-08-29,"mercury,venus,earth,mars,jupiter,saturn",4.238632959617718,-2.447567729699405e-16,21.068423217302698,2,0.41791650762315613,0.8527457978726595,5,1.5607104090414063,0.3333333333333333,"0,6,5,5,3,4",0.0
2020-08-30,"mercury,venus,earth,mars,jupiter,saturn",4.166128543604574,-2.6719483853086837e-16,20.71971156041865,2,0.4434860081813582,0.8376867115753456,5,1.5607104090414063,0.3333333333333333,"0,7,5,5,3,4",0.0
2020-08-31,"mercury,venus,earth,mars,jupiter,saturn",4.093319224274874,-4.258444791243913e-16,20.390693852338025,2,0.46878871216359785,0.8217112371532702,5,1.5607104090414063,0.3333333333333333,"0,7,5,5,3,4",0.0
2020-09-01,"mercury,venus,earth,mars,jupiter,saturn",4.020324635477236,-5.52371508767641e-16,20.082124723523506,2,0.4936111388301778,0.804845622519831,5,1.5607104090414063,0.3333333333333333,"0,7,5,5,3,4",0.0
2020-09-02,"mercury,venus,earth,mars,jupiter,saturn",3.9472441506635247,-3.2336359890319714e-17,19.794542961932528,2,0.5177438593600916,0.7871228153593234,5,1.5607104090414063,0.3333333333333333,"0,7,5,5,3,4",0.0
2020-09-03,"mercury,venus,earth,mars,jupiter,saturn",3.874163580095011,-3.7253527879164564e-16,19.52832392952905,2,0.5409825102456958,0.768583289559175,5,1.5607104090414063,0.3333333333333333,"0,7,5,5,3,4",0.0
2020-09-04,"mercury,venus,earth,mars,jupiter,saturn",3.8011610566451335,-9.912724454911168e-16,19.283718077369485,2,0.5631292433585295,0.7492759083380319,5,1.5607104090414063,0.3333333333333333,"1,7,5,5,3,4",0.0
2020-09-05,"mercury,venus,earth,mars,jupiter,saturn",3.7283125877682597,-4.688622630432216e-16,19.060878451003394,2,0.5839945884428424,0.7292588737629521,5,1.5607104090414063,0.3333333333333333,"1,7,5,5,3,4",0.0
2020-09-06,"mercury,venus,earth,mars,jupiter,saturn",3.6556978992205535,-2.476499675349329e-16,18.859879470084493,2,0.6033996859902577,0.7086008768806674,5,1.5607104090414063,0.3333333333333333,"1,7,5,5,3,4",0.0
2020-09-07,"mercury,venus,earth,mars,jupiter,saturn",3.583407562616911,-5.865012909381785e-16,18.68072876823721,2,0.6211788293795895,0.687382698990484,5,1.5607104090414063,0.3333333333333333,"1,7,5,5,3,4",0.0
2020-09-08,"mercury,venus,earth,mars,jupiter,saturn",3.5115532642895784,-1.513406526003523e-16,18.52337348441065,2,0.6371822355372769,0.665699816414144,5,1.5607104090414063,0.3333333333333333,"1,7,5,5,3,4",0.0
2020-09-09,"mercury,venus,earth,mars,jupiter,saturn",3.440285187478082,-3.626013130627923e-16,18.38770209262522,2,0.6512789442087397,0.6436672788998473,5,1.5607104090414063,0.3333333333333333,"1,7,5,5,3,4",0.0
2020-09-10,"mercury,venus,earth,mars,jupiter,saturn",3.3698260601600203,-5.390415423276429e-16,18.273542629546967,2,0.6633597285610329,0.6214300043480476,6,1.7917594692280547,0.16666666666666666,"1,7,5,6,3,4",0.0
2020-09-11,"mercury,venus,earth,mars,jupiter,saturn",3.3005478464896156,-2.5619797522975463e-16,18.18065801605909,2,0.6733398858339221,0.5991871183839902,6,1.7917594692280547,0.16666666666666666,"1,7,5,6,3,4",0.0
2020-09-12,"mercury,venus,earth,mars,jupiter,saturn",3.2331727460290867,-9.66635001313419e-17,18.108739058981488,2,0.6811617678046469,0.5772575313840327,6,1.7917594692280547,0.16666666666666666,"1,7,5,6,3,4",0.0
2020-09-13,"mercury,venus,earth,mars,jupiter,saturn",3.1694043285532905,-5.357966098115173e-16,18.05739565306518,2,0.6867969085550906,0.5562886249406187,6,1.7917594692280547,0.16666666666666666,"1,7,5,6,3,4",0.0
2020-09-14,"mercury,venus,earth,mars,jupiter,saturn",3.1143386931082593,-2.776097392236787e-16,18.026146673483414,2,0.6902476127850965,0.5380576154780051,6,1.7917594692280547,0.16666666666666666,"2,7,5,6,3,4",2.0
2020-09-15,"mercury,venus,earth,mars,jupiter,saturn",3.0848794682655862,-5.431414698615619e-16,18.0144090482661,2,0.6915478825740441,0.5282705254570943,6,1.7917594692280547,0.16666666666666666,"2,7,5,6,3,4",0.0
2020-09-16,"mercury,venus,earth,mars,jupiter,saturn",3.1036497029715138,-2.4256323576555953e-16,18.021486521852168,2,0.6907635842445666,0.5345087080954721,6,1.7917594692280547,0.16666666666666666,"2,7,5,6,3,4",0.0
2020-09-17,"mercury,venus,earth,mars,jupiter,saturn",3.1525756507423135,-1.1048390459325255e-16,18.046558658398894,2,0.6879917891909308,0.5507273393106348,6,1.7917594692280547,0.16666666666666666,"2,7,5,6,3,4",0.0
2020-09-18,"mercury,venus,earth,mars,jupiter,saturn",3.2105595870113626,-1.3941307935016737e-16,18.08867067936479,2,0.6833592616767634,0.569842474577714,6,1.7917594692280547,0.16666666666666666,"2,8,5,6,3,4",0.0
2020-09-19,"mercury,venus,earth,mars,jupiter,saturn",3.2708549205854043,-5.876771916400696e-16,18.14672477601065,2,0.6770201103188498,0.5895549771968103,6,1.7917594692280547,0.16666666666666666,"2,8,5,6,3,4",0.0
2020-09-20,"mercury,venus,earth,mars,jupiter,saturn",3.3312654334168106,-2.6206254842810383e-16,18.219473574753653,2,0.6691526652148476,0.6090916591165966,6,1.7917594692280547,0.16666666666666666,"2,8,5,6,3,4",0.0
2020-09-21,"mercury,venus,earth,mars,jupiter,saturn",3.3908429684155603,-2.286839023506617e-16,18.30551645191977,2,0.6599556859946762,0.6281066183875641,5,1.5607104090414063,0.3333333333333333,"2,8,5,6,4,4",0.0
2020-09-22,"mercury,venus,earth,mars,jupiter,saturn",3.449054219574495,-3.091796402152918e-16,18.403299384235314,2,0.6496440439702093,0.6464044713501206,5,1.5607104090414063,0.3333333333333333,"2,8,5,6,4,4",0.0
2020-09-23,"mercury,venus,earth,mars,jupiter,saturn",3.5055289174529602,-6.608203057213709e-16,18.511118972762326,2,0.6384440508397176,0.6638568424297223,4,1.3296613488547582,0.3333333333333333,"2,8,6,6,4,4",7.0
2020-09-24,"mercury,venus,earth,mars,jupiter,saturn",3.5599692772428755,-3.434298216587814e-16,18.627131182911818,2,0.6265886245701264,0.680372148049265,4,1.3296613488547582,0.3333333333333333,"3,8,6,6,4,4",5.0
2020-09-25,"mercury,venus,earth,mars,jupiter,saturn",3.6121132234385565,-5.023629518068054e-16,18.749365196616676,2,0.6143124886025522,0.6958828633459054,4,1.3296613488547582,0.3333333333333333,"3,8,6,6,4,4",4.0
2020-09-26,"mercury,venus,earth,mars,jupiter,saturn",3.6617184348430856,-1.0365610990479332e-16,18.875742574022365,2,0.6018475930236358,0.7103393068372649,4,1.3296613488547582,0.3333333333333333,"3,8,6,6,4,4",0.0
2020-09-27,"mercury,venus,earth,mars,jupiter,saturn",3.7085554586884966,-3.4965517638401847e-16,19.004101676074534,2,0.589418926618582,0.7237060622277794,4,1.3296613488547582,0.3333333333333333,"3,8,6,6,4,4",0.0
2020-09-28,"mercury,venus,earth,mars,jupiter,saturn",3.7524051493303454,-4.3759965426617867e-16,19.132227017477636,2,0.5772408586485231,0.7359595091495652,4,1.3296613488547582,0.3333333333333333,"3,8,6,6,4,4",0.0
2020-09-29,"mercury,venus,earth,mars,jupiter,saturn",3.793058295301393,-2.502568003047737e-16,19.257882919492705,2,0.5655141114957947,0.7470858189189625,4,1.3296613488547582,0.3333333333333333,"3,8,6,6,4,4",0.0
2020-09-30,"mercury,venus,earth,mars,jupiter,saturn",3.830316366629877,-1.218136617602916e-15,19.378850537386867,2,0.5544234232404348,0.7570791384229877,4,1.3296613488547582,0.3333333333333333,"3,8,6,6,4,4",0.0
2020-10-01,"mercury,venus,earth,mars,jupiter,saturn",3.863992787933378,-3.577100952444376e-16,19.49296707520178,2,0.5441359161739148,0.7659398493621378,4,1.3296613488547582,0.3333333333333333,"3,8,6,6,4,4",0.0
2020-10-02,"mercury,venus,earth,mars,jupiter,saturn",3.893914369184232,-4.454210740604598e-16,19.598165798868088,2,0.5348001464253195,0.7736728666422021,4,1.3296613488547582,0.3333333333333333,"3,8,6,6,4,4",0.0
2020-10-03,"mercury,venus,earth,mars,jupiter,saturn",3.919922644274069,-2.2536046860690644e-16,19.69251534289639,2,0.5265457739597779,0.7802859751299093,3,1.0114042647073516,0.5,"4,8,6,6,4,4",0.0
2020-10-04,"mercury,venus,earth,mars,jupiter,saturn",3.9418749372890316,-5.471859376622181e-16,19.774256794986428,2,0.5194837631459464,0.7857882186078929,3,1.0114042647073516,0.5,"4,8,6,6,4,4",0.0
2020-10-05,"mercury,venus,earth,mars,jupiter,saturn",3.959645024642018,-3.0833539101677454e-16,19.841837146640362,2,0.5137070029256368,0.7901883583308732,3,1.0114042647073516,0.5,"4,8,6,6,4,4",0.0
2020-10-06,"mercury,venus,earth,mars,jupiter,saturn",3.9731233001743687,-1.866654232650033e-16,19.893937914684514,2,0.5092912224748412,0.7934934162399492,3,1.0114042647073516,0.5,"4,9,6,6,4,4",0.0
2020-10-07,"mercury,venus,earth,mars,jupiter,saturn",3.9822163853624426,-5.675126159613059e-16,19.929498055348926,2,0.5062960723767878,0.7957073126381594,3,1.0114042647073516,0.5,"4,9,6,6,4,4",0.0
2020-10-08,"mercury,venus,earth,mars,jupiter,saturn",3.9868461597245153,-6.812127550930952e-16,19.94773068592604,2,0.5047662412655017,0.7968296019017673,3,1.0114042647073516,0.5,"4,9,6,6,4,4",6.0
2020-10-09,"mercury,venus,earth,mars,jupiter,saturn",3.986948217643507,-4.0693250034395384e-16,19.94813356861939,2,0.5047324816478576,0.7968543039623773,3,1.0114042647073516,0.5,"4,9,6,6,4,4",20.0
2020-10-10,"mercury,venus,earth,mars,jupiter,saturn",3.982469786699416,-4.3633031800088834e-16,19.930493763554395,2,0.5062124238811846,0.7957688249036744,3,1.0114042647073516,0.5,"4,9,6,6,4,4",18.0
2020-10-11,"mercury,venus,earth,mars,jupiter,saturn",3.973367168890827,-5.878430266814674e-16,19.894887290949086,2,0.5092110617214791,0.7935529580005154,3,1.0114042647073516,0.5,"4,9,6,6,4,4",20.0
2020-10-12,"mercury,venus,earth,mars,jupiter,saturn",3.959602790004287,-1.3111777707124148e-16,19.841675029168023,2,0.5137207942906452,0.790177957836816,4,1.3296613488547582,0.3333333333333333,"5,9,6,6,4,4",14.0
2020-10-13,"mercury,venus,earth,mars,jupiter,saturn",3.9411419649707824,-4.458719586558999e-16,19.77149639645813,2,0.5197209059851459,0.7856056859123861,4,1.3296613488547582,0.3333333333333333,"5,9,6,6,4,4",0.0
2020-10-14,"mercury,venus,earth,mars,jupiter,saturn",3.9179495106932167,-6.33921418977433e-16,19.68526260836383,2,0.5271763567109643,0.7797878379239506,4,1.3296613488547582,0.3333333333333333,"5,9,6,6,4,4",4.0
2020-10-15,"mercury,venus,earth,mars,jupiter,saturn",3.8899863665157026,-5.414029718926384e-16,19.58415146516764,2,0.5360357399360378,0.772665282873848,4,1.3296613488547582,0.3333333333333333,"5,9,6,6,4,4",13.0
2020-10-16,"mercury,venus,earth,mars,jupiter,saturn",3.8572064223040643,-4.685284018323476e-16,19.46960570087866,2,0.5462282472245432,0.7641675754939544,4,1.3296613488547582,0.3333333333333333,"5,9,6,6,4,4",13.0
2020-10-17,"mercury,venus,earth,mars,jupiter,saturn",3.819553813937557,-2.378893162813303e-16,19.34333690787919,2,0.5576594598698983,0.7542127507287716,4,1.3296613488547582,0.3333333333333333,"5,9,6,6,4,4",14.0
2020-10-18,"mercury,venus,earth,mars,jupiter,saturn",3.7769610390016495,-2.2364930264842114e-16,19.207336912253048,2,0.570205780445199,0.7427075786355363,4,1.3296613488547582,0.3333333333333333,"5,9,6,6,4,4",21.0
2020-10-19,"mercury,venus,earth,mars,jupiter,saturn",3.7293483916541224,-1.0566604652782576e-16,19.063898152816915,2,0.5837073367248834,0.7295485590011985,4,1.3296613488547582,0.3333333333333333,"5,9,6,6,4,4",17.0
2020-10-20,"mercury,venus,earth,mars,jupiter,saturn",3.676625448047182,-1.271610301336743e-16,18.915643993890097,2,0.597959266720389,0.7146240799200083,3,1.0114042647073516,0.5,"6,9,6,6,4,4",14.0
2020-10-21,"mercury,venus,earth,mars,jupiter,saturn",3.618695714188091,-6.836779453163267e-16,18.765568773509408,2,0.612701473345417,0.6978183731030247,3,1.0114042647073516,0.5,"6,9,6,6,4,4",14.0
2020-10-22,"mercury,venus,earth,mars,jupiter,saturn",3.5554662144471987,-6.2250279902542e-16,18.617085430784595,2,0.6276072904241222,0.679018208788589,3,1.0114042647073516,0.5,"6,9,6,6,4,4",12.0
2020-10-23,"mercury,venus,earth,mars,jupiter,saturn",3.4868651237229127,-9.70720401658449e-16,18.47407529739546,2,0.6422721227300228,0.6581237867288174,3,1.0114042647073516,0.5,"6,10,6,6,4,4",17.0
2020-10-24,"mercury,venus,earth,mars,jupiter,saturn",3.4128737531764637,-2.0880947711736532e-16,18.340929472124046,2,0.656204117686937,0.6350663565237455,3,1.0114042647073516,0.5,"6,10,6,6,4,4",18.0
2020-10-25,"mercury,venus,earth,mars,jupiter,saturn",3.3335891914475124,-8.29151117064587e-16,18.222563497301195,2,0.6688203683528784,0.6098382864179079,3,1.0114042647073516,0.5,"6,10,6,6,4,4",19.0
2020-10-26,"mercury,venus,earth,mars,jupiter,saturn",3.2493757423827025,-5.610350954292073e-16,18.124376521777844,2,0.6794539709758407,0.5825548096784654,4,1.3296613488547582,0.3333333333333333,"7,10,7,6,4,4",22.0
2020-10-27,"mercury,venus,earth,mars,jupiter,saturn",3.1614211158761067,-4.195332816394395e-16,18.052113553301375,2,0.6873790704490665,0.553651706344353,4,1.3296613488547582,0.3333333333333333,"7,10,7,6,4,4",41.0
2020-10-28,"mercury,venus,earth,mars,jupiter,saturn",3.076085455890564,-3.7434980627549544e-16,18.011577993196152,2,0.691861839418411,0.5253455158407458,4,1.3296613488547582,0.3333333333333333,"7,10,7,6,4,4",35.0
2020-10-29,"mercury,venus,earth,mars,jupiter,saturn",3.063792102172548,-3.085056841033355e-16,18.008138864599182,2,0.6922434072068058,0.5212544236754924,4,1.3296613488547582,0.3333333333333333,"7,10,7,6,4,4",42.0
2020-10-30,"mercury,venus,earth,mars,jupiter,saturn",3.151650787060474,-8.852118971148513e-16,18.045995922432112,2,0.688053888465977,0.5504214190379922,4,1.3296613488547582,0.3333333333333333,"7,10,7,6,4,4",34.0
2020-10-31,"mercury,venus,earth,mars,jupiter,saturn",3.2522127284296602,-5.060245314874074e-16,18.127222520763873,2,0.6791435780323216,0.5834808735229334,5,1.5607104090414063,0.3333333333333333,"8,10,7,6,4,4",26.0
2020-11-01,"mercury,venus,earth,mars,jupiter,saturn",3.354055712075658,-5.504298641227184e-16,18.250710894506803,2,0.665800289000527,0.6163973439025512,5,1.5607104090414063,0.3333333333333333,"8,10,7,6,4,4",5.0
2020-11-02,"mercury,venus,earth,mars,jupiter,saturn",3.4534766541498216,-5.744847652324139e-16,18.411282151717835,2,0.6488087397288359,0.6477822078048521,4,1.329661348854758,0.3333333333333333,"8,10,7,7,4,4",9.0
2020-11-03,"mercury,venus,earth,mars,jupiter,saturn",3.5474180495360095,-2.5043706702603395e-16,18.599333041915624,2,0.6294110835944047,0.6765927998500837,4,1.329661348854758,0.3333333333333333,"8,10,7,7,4,4",16.0
2020-11-04,"mercury,venus,earth,mars,jupiter,saturn",3.6329980825871457,-2.8471202195320735e-16,18.801373145118003,2,0.6091551061834408,0.7020059102177368,4,1.329661348854758,0.3333333333333333,"8,10,7,7,4,4",26.0
2020-11-05,"mercury,venus,earth,mars,jupiter,saturn",3.7076653441206178,-2.389473094674935e-16,19.001580478538706,2,0.5896608306549435,0.723454678915753,4,1.329661348854758,0.3333333333333333,"9,10,7,7,4,4",31.0
2020-11-06,"mercury,venus,earth,mars,jupiter,saturn",3.76945125140761,-5.611642642807611e-16,19.184110456585476,2,0.5723731314505466,0.7406526754990012,4,1.329661348854758,0.3333333333333333,"9,10,7,7,4,4",41.0
2020-11-07,"mercury,venus,earth,mars,jupiter,saturn",3.8171686846741864,-5.352643720701487e-16,19.33552931842428,2,0.5583731106638028,0.7535752720962843,4,1.329661348854758,0.3333333333333333,"9,10,7,7,4,4",38.0
2020-11-08,"mercury,venus,earth,mars,jupiter,saturn",3.850484608484108,-2.2204698110500153e-16,19.44664813853673,2,0.5482912457750349,0.7624055114563624,4,1.329661348854758,0.3333333333333333,"9,10,7,7,4,4",44.0
2020-11-09,"mercury,venus,earth,mars,jupiter,saturn",3.8698528967869112,-3.6419814992237177e-16,19.51328812409716,2,0.5423215726144918,0.7674647833583889,3,1.0986122886681096,0.3333333333333333,"10,10,7,7,4,4",29.0
2020-11-10,"mercury,venus,earth,mars,jupiter,saturn",3.8763421662902733,-1.601332621607615e-16,19.535951184836662,2,0.540304341251849,0.769147529495406,4,1.329661348854758,0.3333333333333333,"10,11,7,7,4,4",29.0
2020-11-11,"mercury,venus,earth,mars,jupiter,saturn",3.8714173988556766,-7.776331038708776e-16,19.518736566056784,2,0.5418360109580742,0.7678710466448154,4,1.329661348854758,0.3333333333333333,"10,11,7,7,4,4",29.0
2020-11-12,"mercury,venus,earth,mars,jupiter,saturn",3.8567305517647945,-3.302104416098828e-16,19.46797447665442,2,0.5463746074189524,0.7640430475575672,4,1.329661348854758,0.3333333333333333,"10,11,7,7,4,4",32.0
2020-11-13,"mercury,venus,earth,mars,jupiter,saturn",3.833955089147073,-1.2366743522463466e-16,19.3909621814286,2,0.5533235655294875,0.7580444687615702,4,1.329661348854758,0.3333333333333333,"10,11,7,7,4,4",26.0
2020-11-14,"mercury,venus,earth,mars,jupiter,saturn",3.8046766683617044,-6.600990670870413e-17,19.29500908121139,2,0.5620897391327596,0.750223256690331,3,1.0986122886681096,0.3333333333333333,"11,11,7,7,4,4",20.0
2020-11-15,"mercury,venus,earth,mars,jupiter,saturn",3.7703360532794177,-7.383488734824144e-17,19.18683526996422,2,0.5721184928851887,0.7408951895736542,3,1.0986122886681096,0.3333333333333333,"11,11,7,7,4,4",5.0
2020-11-16,"mercury,venus,earth,mars,jupiter,saturn",3.7322127597372403,-4.2496708986434946e-16,19.07227105104406,2,0.5829115125782158,0.7303488948256605,3,1.0986122886681096,0.3333333333333333,"11,11,7,7,4,4",0.0
2020-11-17,"mercury,venus,earth,mars,jupiter,saturn",3.6914368868624328,-2.2759945603385634e-16,18.956169937028033,2,0.5940330247851229,0.7188533514394637,3,1.0986122886681096,0.3333333333333333,"11,11,7,7,4,4",10.0
2020-11-18,"mercury,venus,earth,mars,jupiter,saturn",3.6490189792521703,-4.929202621805635e-16,18.842451270859062,2,0.6051090352874418,0.706667053003634,3,1.0986122886681096,0.3333333333333333,"11,11,7,7,4,4",13.0
2020-11-19,"mercury,venus,earth,mars,jupiter,saturn",3.6058912052776444,-5.602933413715197e-16,18.734208305265593,2,0.6158228789554774,0.6940486180376293,3,1.0986122886681096,0.3333333333333333,"11,11,7,7,4,4",13.0
2020-11-20,"mercury,venus,earth,mars,jupiter,saturn",3.5629562081074426,-6.316390902133199e-16,18.63383938449342,2,0.6259092257298999,0.6812689901929454,3,1.0986122886681096,0.3333333333333333,"11,11,7,7,4,4",13.0
2020-11-21,"mercury,venus,earth,mars,jupiter,saturn",3.521141840811929,-5.000055253880894e-16,18.543177636489695,2,0.6351478255783867,0.668625416105516,4,1.3296613488547582,0.3333333333333333,"0,11,7,7,4,4",26.0
2020-11-22,"mercury,venus,earth,mars,jupiter,saturn",3.4814597137580177,-1.5064366967486252e-16,18.463606911943906,2,0.643357685618646,0.6564568773764025,4,1.3296613488547582,0.3333333333333333,"0,11,7,7,4,4",34.0
2020-11-23,"mercury,venus,earth,mars,jupiter,saturn",3.4450614186578465,-2.8786272785691697e-16,18.396159332755467,2,0.6503919964766027,0.6451590227962599,4,1.3296613488547582,0.3333333333333333,"0,11,7,7,4,4",48.0
2020-11-24,"mercury,venus,earth,mars,jupiter,saturn",3.4132759686674086,-6.727845014209326e-16,18.34159405255597,2,0.6561339000508359,0.6351930374698759,4,1.3296613488547582,0.3333333333333333,"0,11,7,7,4,4",44.0
2020-11-25,"mercury,venus,earth,mars,jupiter,saturn",3.387594437492724,-4.62651686423463e-16,18.300458895950598,2,0.6604930658958161,0.6270769568227019,5,1.5607104090414063,0.3333333333333333,"0,11,8,7,4,4",53.0
2020-11-26,"mercury,venus,earth,mars,jupiter,saturn",3.3695519783287082,-5.942369078434358e-16,18.273137329373334,2,0.6634029810165668,0.6213427026790853,5,1.5607104090414063,0.3333333333333333,"0,11,8,7,4,4",58.0
2020-11-27,"mercury,venus,earth,mars,jupiter,saturn",3.3604742137192187,-5.625133601665577e-16,18.25988331751298,2,0.6648188326601041,0.6184479245954948,5,1.5607104090414063,0.3333333333333333,"0,11,8,7,4,4",75.0
2020-11-28,"mercury,venus,earth,mars,jupiter,saturn",3.3611415200784247,-7.460638644755694e-16,18.2608463950491,2,0.6647158594491316,0.6186609357306697,5,1.5607104090414063,0.3333333333333333,"0,11,8,7,4,4",86.0
2020-11-29,"mercury,venus,earth,mars,jupiter,saturn",3.371543360428032,-3.5799371108420574e-16,18.2760889373563,2,0.6630880529786727,0.6219768720873091,4,1.329661348854758,0.3333333333333333,"0,0,8,7,4,4",96.0
2020-11-30,"mercury,venus,earth,mars,jupiter,saturn",3.3908946484145086,-2.8969098634388007e-16,18.30559725231821,2,0.6599471039610101,0.628122992009454,4,1.329661348854758,0.3333333333333333,"0,0,8,7,4,4",87.0
2020-12-01,"mercury,venus,earth,mars,jupiter,saturn",3.417904168710068,-2.0849838464649709e-16,18.34928778845051,2,0.655321500922508,0.6366497185704746,5,1.5607104090414063,0.3333333333333333,"1,0,8,7,4,4",56.0
2020-12-02,"mercury,venus,earth,mars,jupiter,saturn",3.451114997151534,-5.551058901714712e-16,18.407009481310048,2,0.6492557036531552,0.6470466990119988,5,1.5607104090414063,0.3333333333333333,"1,0,8,7,4,4",48.0
2020-12-03,"mercury,venus,earth,mars,jupiter,saturn",3.489153883806589,-4.484418652270867e-16,18.478543044086138,2,0.6418093273117456,0.6588287180346086,5,1.5607104090414063,0.3333333333333333,"1,0,8,7,4,4",45.0
2020-12-04,"mercury,venus,earth,mars,jupiter,saturn",3.530847362974503,-6.256053738330869e-16,18.563597845553964,2,0.6330562860116693,0.6715768788112297,5,1.5607104090414063,0.3333333333333333,"1,0,8,7,4,4",41.0
2020-12-05,"mercury,venus,earth,mars,jupiter,saturn",3.575242080675568,-3.458596930825617e-16,18.661806902759913,2,0.6230838568117765,0.6849473902520644,5,1.5607104090414063,0.3333333333333333,"1,0,8,7,4,4",37.0
2020-12-06,"mercury,venus,earth,mars,jupiter,saturn",3.621578812373749,-4.9217587651311865e-17,18.77272043998392,2,0.6119916363679185,0.6986644869168301,5,1.5607104090414063,0.3333333333333333,"1,0,8,7,4,4",25.0
2020-12-07,"mercury,venus,earth,mars,jupiter,saturn",3.6692527262610897,-6.660235463487915e-16,18.8957984232158,2,0.5998903731353468,0.712508424763517,5,1.5607104090414063,0.3333333333333333,"1,0,8,7,4,4",21.0
2020-12-08,"mercury,venus,earth,mars,jupiter,saturn",3.7177751962850776,-4.1171632027017365e-16,19.03040246480417,2,0.5869006679963078,0.7263037361230489,5,1.5607104090414063,0.3333333333333333,"1,0,8,7,4,4",14.0
2020-12-09,"mercury,venus,earth,mars,jupiter,saturn",3.7667422972750044,-7.363858240070788e-16,19.175787500861105,2,0.57315154552308,0.739909510023692,5,1.5607104090414063,0.3333333333333333,"1,0,8,7,4,4",14.0
2020-12-10,"mercury,venus,earth,mars,jupiter,saturn",3.815810538504445,-2.330133047052666e-16,19.331093669469823,2,0.5587789067261631,0.7532119141689989,5,1.5607104090414063,0.3333333333333333,"1,0,8,7,4,4",12.0
2020-12-11,"mercury,venus,earth,mars,jupiter,saturn",3.864678800392383,-2.1102599373400329e-16,19.49533885569602,2,0.5439238819837395,0.7661186266500047,5,1.5607104090414063,0.3333333333333333,"2,0,8,7,4,4",12.0
2020-12-12,"mercury,venus,earth,mars,jupiter,saturn",3.9130751377538124,-8.192036089906661e-16,19.667412414368282,2,0.5287311097621927,0.7785547336425672,5,1.5607104090414063,0.3333333333333333,"2,0,8,7,4,4",11.0
2020-12-13,"mercury,venus,earth,mars,jupiter,saturn",3.9607472683726854,-2.709336307459421e-16,19.846070627371155,2,0.5133469725441013,0.7904596944387517,5,1.5607104090414063,0.3333333333333333,"2,0,8,7,4,4",11.0
2020-12-14,"mercury,venus,earth,mars,jupiter,saturn",4.007455828237232,-2.41087377369118e-16,20.02993449169833,2,0.4979178258802509,0.8017850593534748,5,1.5607104090414063,0.3333333333333333,"2,0,8,7,4,4",13.0
2020-12-15,"mercury,venus,earth,mars,jupiter,saturn",4.052969719352086,-2.2174432136226562e-16,20.217490459744827,2,0.482588259462843,0.8124927066834514,5,1.5607104090414063,0.3333333333333333,"2,0,8,7,4,4",20.0
2020-12-16,"mercury,venus,earth,mars,jupiter,saturn",4.0970630691899395,-6.594845215751417e-16,20.407094755560895,2,0.46749943036532277,0.8225534302645384,5,1.5607104090414063,0.3333333333333333,"2,0,8,7,4,4",14.0
2020-12-17,"mercury,venus,earth,mars,jupiter,saturn",4.139513462202762,-2.684185659405322e-16,20.596981861082654,2,0.4527875079137176,0.8319457588169761,5,1.5607104090414063,0.3333333333333333,"2,0,8,7,4,4",13.0
2020-12-18,"mercury,venus,earth,mars,jupiter,saturn",4.180101202486668,-3.5634188179198816e-16,20.785277696220962,2,0.43858226688554236,0.840654925010088,5,1.5607104090414063,0.3333333333333333,"2,0,8,7,4,4",7.0
2020-12-19,"mercury,venus,earth,mars,jupiter,saturn",4.218609432756361,-3.555619113840159e-16,20.97001789920556,2,0.42500586077652525,0.848671929212572,5,1.5607104090414063,0.3333333333333333,"2,0,8,7,4,4",0.0
2020-12-20,"mercury,venus,earth,mars,jupiter,saturn",4.2548249767663,-3.8667527382546275e-16,21.149171444633087,2,0.4121717997222304,0.8559926628949989,5,1.5607104090414063,0.3333333333333333,"2,1,8,7,4,4",0.0
2020-12-21,"mercury,venus,earth,mars,jupiter,saturn",4.288539796893996,-4.4155076873094665e-16,21.32066961635924,2,0.40018414841828254,0.8626170716247973,5,1.5607104090414063,0.3333333333333333,"3,1,8,7,4,4",12.0
2020-12-22,"mercury,venus,earth,mars,jupiter,saturn",4.3195529709589096,-6.030210435215284e-16,21.482440086332968,2,0.38913694830028345,0.8685483489741196,5,1.5607104090414063,0.3333333333333333,"3,1,9,7,4,4",12.0
2020-12-23,"mercury,venus,earth,mars,jupiter,saturn",4.347673096638735,-5.06144138999268e-16,21.632445550807677,2,0.37911385573739725,0.87379216144753,5,1.5607104090414063,0.3333333333333333,"3,1,9,7,4,4",24.0
2020-12-24,"mercury,venus,earth,mars,jupiter,saturn",4.372721031567139,-4.777190367022886e-16,21.76872606101351,2,0.3701879746446285,0.8783559114262366,5,1.5607104090414063,0.3333333333333333,"3,1,9,7,4,4",28.0
2020-12-25,"mercury,venus,earth,mars,jupiter,saturn",4.394532875465039,-2.5558250343568675e-16,21.889443881505574,2,0.3624218484615918,0.8822480506167493,5,1.5607104090414063,0.3333333333333333,"3,1,9,7,4,4",31.0
2020-12-26,"mercury,venus,earth,mars,jupiter,saturn",4.412963100321042,-3.274997873577906e-16,21.9929294457377,2,0.3558675637191515,0.8854774609650408,5,1.5607104090414063,0.3333333333333333,"3,1,9,8,4,4",35.0
2020-12-27,"mercury,venus,earth,mars,jupiter,saturn",4.427887738312277,-9.753416100339138e-16,22.0777267864451,2,0.3505669062882084,0.8880529237789861,5,1.5607104090414063,0.3333333333333333,"3,1,9,8,4,4",33.0
2020-12-28,"mercury,venus,earth,mars,jupiter,saturn",4.4392075471811685,-3.9445332475211005e-16,22.142636727726472,2,0.3465515026724712,0.8899827012143575,5,1.5607104090414063,0.3333333333333333,"3,1,9,8,4,4",30.0
2020-12-29,"mercury,venus,earth,mars,jupiter,saturn",4.446851091132124,-3.3595157733142883e-16,22.18675615982044,2,0.34384287297320665,0.8912742576814346,5,1.5607104090414063,0.3333333333333333,"3,1,9,8,4,4",32.0
2020-12-30,"mercury,venus,earth,mars,jupiter,saturn",4.450777703515479,-4.031688161499761e-16,22.209511890035294,2,0.34245231971835477,0.8919341525465214,4,1.242453324894,0.5,"4,1,9,8,4,4",32.0
2020-12-31,"mercury,venus,earth,mars,jupiter,saturn",4.450980336659837,-2.4820735171318346e-16,22.210687874746995,2,0.34238057752379897,0.8919681402509552,4,1.242453324894,0.5,"4,1,9,8,4,4",34.0
2021-01-01,"mercury,venus,earth,mars,jupiter,saturn",4.447488354739687,-2.7237636876371954e-16,22.19044507421401,2,0.3436171520432277,0.8913815202620827,4,1.242453324894,0.5,"4,1,9,8,4,4",24.0
2021-01-02,"mercury,venus,earth,mars,jupiter,saturn",4.440370387616198,-8.713341193685295e-16,22.149333707043272,2,0.3461392820152153,0.8901797877987205,4,1.242453324894,0.5,"4,1,9,8,4,4",17.0
2021-01-03,"mercury,venus,earth,mars,jupiter,saturn",4.429737436852072,-4.662632791394006e-16,22.088298276672663,2,0.3499104643854539,0.8883696477501875,4,1.242453324894,0.5,"4,1,9,8,4,4",0.0
2021-01-04,"mercury,venus,earth,mars,jupiter,saturn",4.415746508782521,-2.2121559362740488e-16,22.0086763542598,2,0.35487848848114645,0.8859604692242662,4,1.242453324894,0.5,"4,1,9,8,4,4",0.0
2021-01-05,"mercury,venus,earth,mars,jupiter,saturn",4.398605141945894,-1.8962945746058702e-16,21.91219268615499,2,0.3609729304654539,0.8829662768974068,4,1.242453324894,0.5,"4,1,9,8,4,4",0.0
2021-01-06,"mercury,venus,earth,mars,jupiter,saturn",4.3785772936882195,-6.242945461011781e-16,21.80095070934546,2,0.36810206407405627,0.8794083970192903,4,1.242453324894,0.5,"4,1,9,8,4,4",0.0
2021-01-07,"mercury,venus,earth,mars,jupiter,saturn",4.355991145377123,-4.487530275212443e-16,21.67742397268232,2,0.3761491495841399,0.8753188977858063,4,1.242453324894,0.5,"4,1,9,8,4,4",0.0
2021-01-08,"mercury,venus,earth,mars,jupiter,saturn",4.331249460574606,-3.0271757142064527e-16,21.54445025256036,2,0.38496807376093484,0.8707449793247054,5,1.5607104090414063,0.3333333333333333,"5,2,9,8,4,4",0.0
2021-01-09,"mercury,venus,earth,mars,jupiter,saturn",4.304843152190721,-5.302019299705223e-16,21.405231303638033,2,0.39437833564824304,0.8657544645085756,5,1.5607104090414063,0.3333333333333333,"5,2,9,8,4,4",0.0
2021-01-10,"mercury,venus,earth,mars,jupiter,saturn",4.27736862029246,-3.132082891124713e-16,21.26334118421573,2,0.4041594167670327,0.8604424937433671,5,1.5607104090414063,0.3333333333333333,"5,2,9,8,4,4",0.0
2021-01-11,"mercury,venus,earth,mars,jupiter,saturn",4.249549102474353,-4.171724805649666e-16,21.122745918988915,2,0.4140446546935994,0.8549393929937018,5,1.5607104090414063,0.3333333333333333,"5,2,9,8,4,4",0.0
2021-01-12,"mercury,venus,earth,mars,jupiter,saturn",4.222259559398183,-2.448513836658949e-16,20.987836861080485,2,0.42371487720343687,0.8494193996708794,5,1.5607104090414063,0.3333333333333333,"5,2,9,8,4,4",0.0
2021-01-13,"mercury,venus,earth,mars,jupiter,saturn",4.1965532573510025,-2.2738435201622485e-16,20.863479395354595,2,0.4327922777598753,0.8441094080263783,5,1.5607104090414063,0.3333333333333333,"5,2,9,8,4,4",0.0
2021-01-14,"mercury,venus,earth,mars,jupiter,saturn",4.1736859489423015,-6.175422546263972e-16,20.755077413489175,2,0.4408353548747125,0.8392960456546883,5,1.5607104090414063,0.3333333333333333,"5,2,9,8,4,4",3.0
2021-01-15,"mercury,venus,earth,mars,jupiter,saturn",4.155130295466741,-4.923830582418651e-16,20.66865199901016,2,0.4473362303675875,0.8353281952365527,5,1.5607104090414063,0.3333333333333333,"5,2,9,8,4,4",14.0
2021-01-16,"mercury,venus,earth,mars,jupiter,saturn",4.142569370898688,-3.774591593956568e-17,20.610929534631648,2,0.45172232372134863,0.8326107254829661,5,1.5607104090414063,0.3333333333333333,"6,2,9,8,4,4",12.0
2021-01-17,"mercury,venus,earth,mars,jupiter,saturn",4.137855289885136,-2.36729128758905e-16,20.589429321439177,2,0.4533651693831851,0.8315843111883594,5,1.5607104090414063,0.3333333333333333,"6,2,9,8,4,4",14.0
2021-01-18,"mercury,venus,earth,mars,jupiter,saturn",4.1429201381729595,-7.160807555995922e-16,20.612532884482587,2,0.45160000986926896,0.8326869564002103,5,1.5607104090414063,0.3333333333333333,"6,2,9,8,4,4",12.0
2021-01-19,"mercury,venus,earth,mars,jupiter,saturn",4.159634720401364,-4.482010354372336e-16,20.689505369520706,2,0.4457604092335484,0.8362965038622074,5,1.5607104090414063,0.3333333333333333,"6,2,10,8,4,4",20.0
2021-01-20,"mercury,venus,earth,mars,jupiter,saturn",4.189626591557791,-2.773910767710496e-16,20.83042285468282,2,0.4352319985037072,0.8426603290361014,5,1.5607104090414063,0.3333333333333333,"6,2,10,8,4,4",21.0
2021-01-21,"mercury,venus,earth,mars,jupiter,saturn",4.234086273979693,-4.025339298912373e-16,21.045937863250167,2,0.41952779646339056,0.8518264518307695,5,1.5607104090414063,0.3333333333333333,"6,2,10,8,4,4",25.0
2021-01-22,"mercury,venus,earth,mars,jupiter,saturn",4.293597888794545,-5.703542196285395e-16,21.346790995787405,2,0.39838338224051145,0.8635950403177202,5,1.5607104090414063,0.3333333333333333,"7,2,10,8,4,4",35.0
2021-01-23,"mercury,venus,earth,mars,jupiter,saturn",4.368019797992986,-6.904032154538724e-16,21.742956335401537,2,0.3718628148310015,0.8775070262452574,5,1.5607104090414063,0.3333333333333333,"7,2,10,8,4,4",32.0
2021-01-24,"mercury,venus,earth,mars,jupiter,saturn",4.456418098863807,-2.612806736781894e-16,22.242307357396136,2,0.34045599560716494,0.8928777915334879,5,1.5607104090414063,0.3333333333333333,"7,2,10,8,4,4",23.0
2021-01-25,"mercury,venus,earth,mars,jupiter,saturn",4.557038042638444,-3.515140809447519e-16,22.848734932446717,2,0.3051378203973485,0.9088728887376641,5,1.5607104090414063,0.3333333333333333,"7,3,10,8,4,4",27.0
2021-01-26,"mercury,venus,earth,mars,jupiter,saturn",4.6672994611359035,-6.904395385961713e-16,23.559774986208154,2,0.26735458058140316,0.9246134257509515,5,1.5607104090414063,0.3333333333333333,"7,3,10,8,4,4",17.0
2021-01-27,"mercury,venus,earth,mars,jupiter,saturn",4.783821566482436,-3.6958459711654e-16,24.364038762095703,2,0.22891094776291088,0.9392920854955161,4,1.3296613488547582,0.3333333333333333,"8,3,10,8,4,4",20.0
2021-01-28,"mercury,venus,earth,mars,jupiter,saturn",4.902507165781558,-6.391329175689839e-16,25.23906703170035,2,0.1917561503171529,0.9522767414640176,4,1.3296613488547582,0.3333333333333333,"8,3,10,8,4,4",7.0
2021-01-29,"mercury,venus,earth,mars,jupiter,saturn",5.018729549786235,-6.331676116314337e-16,26.150537990360267,2,0.15770638673041973,0.9631788953321851,4,1.3296613488547582,0.3333333333333333,"8,3,10,8,4,4",0.0
2021-01-30,"mercury,venus,earth,mars,jupiter,saturn",5.127653243598397,-1.7006478570357054e-16,27.05381664998956,2,0.1281759476754461,0.9718712936791972,4,1.3296613488547582,0.3333333333333333,"8,3,10,8,4,4",0.0
2021-01-31,"mercury,venus,earth,mars,jupiter,saturn",5.224678023324051,-8.132749167911655e-16,27.898384614922012,2,0.10399987487974098,0.978453083366154,4,1.3296613488547582,0.3333333333333333,"8,3,10,8,4,4",0.0
2021-02-01,"mercury,venus,earth,mars,jupiter,saturn",5.305936290110003,-2.490322232152012e-16,28.634684348092563,2,0.08540323327654473,0.9831768903917268,5,1.5607104090414063,0.3333333333333333,"9,3,10,8,4,4",0.0
2021-02-02,"mercury,venus,earth,mars,jupiter,saturn",5.368726934314723,-2.5612627561836466e-16,29.221734578696054,2,0.07211537954019435,0.9863626958082694,5,1.5607104090414063,0.3333333333333333,"9,3,10,8,4,4",9.0
2021-02-03,"mercury,venus,earth,mars,jupiter,saturn",5.411767103768701,-3.8714734902647255e-16,29.63324112564174,2,0.06357136340596475,0.9883233177652899,5,1.5607104090414063,0.3333333333333333,"9,3,10,8,4,4",7.0
2021-02-04,"mercury,venus,earth,mars,jupiter,saturn",5.435196970158769,-2.4341939275943903e-16,29.860368566940892,2,0.059117583315449265,0.9893168611833209,5,1.5607104090414063,0.3333333333333333,"9,3,10,8,4,4",0.0
2021-02-05,"mercury,venus,earth,mars,jupiter,saturn",5.440355875564471,-6.132802284476965e-16,29.91067359880407,2,0.058155848534899024,0.9895287698894307,4,1.3296613488547582,0.3333333333333333,"10,3,10,8,4,4",0.0
2021-02-06,"mercury,venus,earth,mars,jupiter,saturn",5.4294163645901605,-4.2014395021872336e-16,29.804127745076947,2,0.06020335397528265,0.9890764900827776,4,1.3296613488547582,0.3333333333333333,"10,3,10,8,4,4",0.0
2021-02-07,"mercury,venus,earth,mars,jupiter,saturn",5.4049850225241185,-1.4223916025519484e-15,29.567905917130666,2,0.06488669526402668,0.9880261109997817,4,1.3296613488547582,0.3333333333333333,"10,3,10,8,4,4",0.0
2021-02-08,"mercury,venus,earth,mars,jupiter,saturn",5.369757178195282,-8.427445079037877e-16,29.231498167216134,2,0.07190544107053964,0.9864117120455411,4,1.3296613488547582,0.3333333333333333,"10,3,10,8,4,4",2.0
2021-02-09,"mercury,venus,earth,mars,jupiter,saturn",5.3262698959087285,-5.516110252291463e-16,28.823063257222415,2,0.08099490657613558,0.9842517691784514,4,1.3296613488547582,0.3333333333333333,"10,3,10,8,4,4",2.0
2021-02-10,"mercury,venus,earth,mars,jupiter,saturn",5.27675848476815,-2.5024323731836646e-16,28.36725839592753,2,0.09190219071384538,0.9815604919568132,5,1.5607104090414063,0.3333333333333333,"11,3,10,8,4,4",0.0
2021-02-11,"mercury,venus,earth,mars,jupiter,saturn",5.223098049826239,-3.4171928568271355e-16,27.884329878282458,2,0.10437668491858405,0.9783542712764317,5,1.5607104090414063,0.3333333333333333,"11,3,10,8,4,4",0.0
2021-02-12,"mercury,venus,earth,mars,jupiter,saturn",5.166803500117561,-2.60222312148833e-16,27.39007481624343,2,0.11817034068572069,0.9746544537729904,4,1.242453324894,0.5,"11,4,10,8,4,4",0.0
2021-02-13,"mercury,venus,earth,mars,jupiter,saturn",5.109063356278331,-5.249390990426001e-16,26.896296481592035,2,0.13304231609534137,0.9704878289221236,4,1.242453324894,0.5,"11,4,10,8,4,4",0.0
2021-02-14,"mercury,venus,earth,mars,jupiter,saturn",5.0507888475364355,-1.1708599505368438e-15,26.41146979435964,2,0.14876421314409397,0.9658859647351538,4,1.242453324894,0.5,"11,4,10,8,4,4",0.0
2021-02-15,"mercury,venus,earth,mars,jupiter,saturn",4.992666359478212,-5.38770532526987e-16,25.941438440392304,2,0.16512397672499524,0.9608841635494314,4,1.242453324894,0.5,"11,4,10,8,4,4",0.0
2021-02-16,"mercury,venus,earth,mars,jupiter,saturn",4.93520657671193,-2.155401711767189e-16,25.490048989098213,2,0.1819278683048768,0.9555204842971295,4,1.242453324894,0.5,"11,4,10,8,4,4",0.0
2021-02-17,"mercury,venus,earth,mars,jupiter,saturn",4.878787280472142,-2.4369518012408977e-16,25.05968329052782,2,0.19900066628901464,0.9498350418935171,4,1.242453324894,0.5,"0,4,11,8,4,4",0.0
2021-02-18,"mercury,venus,earth,mars,jupiter,saturn",4.823688948247266,-1.288005260705506e-15,24.651682759918437,2,0.21618454471109488,0.9438696455754569,4,1.242453324894,0.5,"0,4,11,9,4,4",10.0
2021-02-19,"mercury,venus,earth,mars,jupiter,saturn",4.770123468265507,-1.7542203459082813e-16,24.26667418580861,2,0.2333371296947131,0.9376677548917749,4,1.242453324894,0.5,"0,4,11,9,4,4",9.0
2021-02-20,"mercury,venus,earth,mars,jupiter,saturn",4.718256798320733,-8.71880070434331e-16,23.90481284995083,2,0.25032916545228917,0.9312746916128066,4,1.242453324894,0.5,"0,4,11,9,4,4",9.0
2021-02-21,"mercury,venus,earth,mars,jupiter,saturn",4.668226540459869,-1.4372343926987396e-15,23.5659595805894,2,0.267042118367655,0.9247380298065024,4,1.242453324894,0.5,"0,4,11,9,4,4",10.0
2021-02-22,"mercury,venus,earth,mars,jupiter,saturn",4.6201553498196235,-7.6857476180972345e-16,23.249806715098284,2,0.2833659481194932,0.9181080822751542,4,1.242453324894,0.5,"0,4,11,9,4,4",16.0
2021-02-23,"mercury,venus,earth,mars,jupiter,saturn",4.574160954756635,-7.513698057318583e-16,22.95596542296064,2,0.29919719374457543,0.9114384019368194,4,1.242453324894,0.5,"0,4,11,9,4,4",36.0
2021-02-24,"mercury,venus,earth,mars,jupiter,saturn",4.530363396054119,-4.835199748798926e-16,22.68402424796459,2,0.31443746245445786,0.9047862176460432,4,1.242453324894,0.5,"0,4,11,9,4,4",38.0
2021-02-25,"mercury,venus,earth,mars,jupiter,saturn",4.488889926465867,-4.223175896012816e-16,22.433586426263073,2,0.3289923669681474,0.8982127239511251,4,1.242453324894,0.5,"0,4,11,9,4,4",34.0
2021-02-26,"mercury,venus,earth,mars,jupiter,saturn",4.449877863690865,-7.832100680740012e-16,22.204291639241575,2,0.3427709285255292,0.8917831437041209,4,1.242453324894,0.5,"0,4,11,9,4,4",18.0
2021-02-27,"mercury,venus,earth,mars,jupiter,saturn",4.413475568366683,-9.678563130534766e-16,21.995826364739035,2,0.35568544311950817,0.8855664829122102,4,1.242453324894,0.5,"1,4,11,9,4,4",17.0
2021-02-28,"mercury,venus,earth,mars,jupiter,saturn",4.379841629813663,-1.4482294820071865e-15,21.807925846733653,2,0.3676517941182639,0.8796349014146156,4,1.242453324894,0.5,"1,4,11,9,4,4",13.0
2021-03-01,"mercury,venus,earth,mars,jupiter,saturn",4.349142292103759,-5.962438616177139e-16,21.640369848685964,2,0.37859018257065896,0.8740626342906096,4,1.242453324894,0.5,"1,4,11,9,4,4",10.0
2021-03-02,"mercury,venus,earth,mars,jupiter,saturn",4.321547148015966,-7.129796585148428e-16,21.492973728858267,2,0.38842623522440384,0.8689244209817871,5,1.5607104090414063,0.3333333333333333,"1,5,11,9,4,4",16.0
2021-03-03,"mercury,venus,earth,mars,jupiter,saturn",4.29722317390135,-9.451705779379719e-16,21.365575925813385,2,0.39709243856391535,0.8642934349363572,5,1.5607104090414063,0.3333333333333333,"1,5,11,9,4,4",35.0
2021-03-04,"mercury,venus,earth,mars,jupiter,saturn",4.276327275450856,-4.848114599911671e-16,21.25802262811961,2,0.40452983461665964,0.8602387572292526,5,1.5607104090414063,0.3333333333333333,"1,5,11,9,4,4",30.0
2021-03-05,"mercury,venus,earth,mars,jupiter,saturn",4.258997655447173,-2.496837480145684e-16,21.170150192842964,2,0.4106899011164925,0.8568225007320366,5,1.5607104090414063,0.3333333333333333,"1,5,11,9,4,4",13.0
2021-03-06,"mercury,venus,earth,mars,jupiter,saturn",4.245344480339316,-5.529158832327077e-16,21.101765749423198,2,0.41553652560943644,0.8540967599946058,5,1.5607104090414063,0.3333333333333333,"1,5,11,9,4,4",7.0
2021-03-07,"mercury,venus,earth,mars,jupiter,saturn",4.235440480528722,-5.631327080235215e-16,21.05262636185808,2,0.419047971431765,0.8521006242053545,5,1.5607104090414063,0.3333333333333333,"1,5,11,9,4,4",21.0
2021-03-08,"mercury,venus,earth,mars,jupiter,saturn",4.229312228446264,-2.366574377072735e-16,21.022417110015034,2,0.42121872468032395,0.8508575313712967,5,1.5607104090414063,0.3333333333333333,"1,5,11,9,4,4",14.0
2021-03-09,"mercury,venus,earth,mars,jupiter,saturn",4.226932858902685,-1.3639248688900263e-16,21.01072848051023,2,0.4220611069728546,0.8503732467079759,5,1.5607104090414063,0.3333333333333333,"2,5,11,9,4,4",15.0
2021-03-10,"mercury,venus,earth,mars,jupiter,saturn",4.228216902802096,-2.43580558612626e-16,21.017033520657552,2,0.42160654054341695,0.8506347082507776,5,1.5607104090414063,0.3333333333333333,"2,5,11,9,4,4",17.0
2021-03-11,"mercury,venus,earth,mars,jupiter,saturn",4.2330177001322955,-1.2818015487441494e-15,21.04066529767907,2,0.41990636131760906,0.8516098990277572,5,1.5607104090414063,0.3333333333333333,"2,5,11,9,4,4",22.0
2021-03-12,"mercury,venus,earth,mars,jupiter,saturn",4.241127574295385,-6.210916087403031e-16,21.080795311352702,2,0.4170320928032649,0.8532487904648445,5,1.5607104090414063,0.3333333333333333,"2,5,11,9,4,4",14.0
2021-03-13,"mercury,venus,earth,mars,jupiter,saturn",4.25228064386493,-5.809493045459451e-16,21.13641362199753,2,0.4130751188899733,0.8554852775671357,5,1.5607104090414063,0.3333333333333333,"2,5,11,9,4,4",11.0
2021-03-14,"mercury,venus,earth,mars,jupiter,saturn",4.266157882310841,-9.97192664157223e-17,21.206311565875744,2,0.40814572603591837,0.8582399169353768,5,1.5607104090414063,0.3333333333333333,"2,5,11,9,4,4",23.0
2021-03-15,"mercury,venus,earth,mars,jupiter,saturn",4.282393859846907,-2.079169634332166e-16,21.2890680235461,2,0.40237152293544914,0.8614232032408059,5,1.5607104090414063,0.3333333333333333,"2,5,11,9,4,4",24.0
2021-03-16,"mercury,venus,earth,mars,jupiter,saturn",4.3005845356267836,-8.803856282801176e-16,21.38304026862308,2,0.395895285841609,0.8649390879748453,5,1.5607104090414063,0.3333333333333333,"2,5,11,9,4,4",19.0
2021-03-17,"mercury,venus,earth,mars,jupiter,saturn",4.320295504622267,-1.2474336370801349e-16,21.486360439051545,2,0.38887231687022866,0.8686884547154736,5,1.5607104090414063,0.3333333333333333,"2,5,11,9,4,4",13.0
2021-03-18,"mercury,venus,earth,mars,jupiter,saturn",4.341070211630025,-4.31241645259856e-16,21.596938625042796,2,0.38146743717180753,0.8725723080237816,5,1.5607104090414063,0.3333333333333333,"2,5,11,9,4,4",13.0
2021-03-19,"mercury,venus,earth,mars,jupiter,saturn",4.362437786475474,-4.574478923169992e-16,21.71247344403238,2,0.3738517633298329,0.8764944947393647,5,1.5607104090414063,0.3333333333333333,"3,5,11,9,4,4",13.0
2021-03-20,"mercury,venus,earth,mars,jupiter,saturn",4.3839202947697204,-3.8880588190797025e-16,21.830470764551013,2,0.3661994308584675,0.880363843646553,5,1.5607104090414063,0.3333333333333333,"3,5,11,9,4,4",11.0
2021-03-21,"mercury,venus,earth,mars,jupiter,saturn",4.405039313607201,-4.0164883853639825e-16,21.948270945563593,2,0.35868443137548117,0.8840956721626043,5,1.5607104090414063,0.3333333333333333,"3,5,0,9,4,4",8.0
2021-03-22,"mercury,venus,earth,mars,jupiter,saturn",4.425321820195497,-3.785215063874211e-16,22.063084582250802,2,0.35147771934871086,0.887612660835865,5,1.5607104090414063,0.3333333333333333,"3,6,0,9,4,4",22.0
2021-03-23,"mercury,venus,earth,mars,jupiter,saturn",4.444305423081966,-6.43630419808479e-16,22.172036310287947,2,0.3447447210657027,0.8908451356121405,5,1.5607104090414063,0.3333333333333333,"3,6,0,9,4,4",27.0
2021-03-24,"mercury,venus,earth,mars,jupiter,saturn",4.461542976776033,-6.595472768081197e-16,22.272215745926687,2,0.33864334474776264,0.8937308241215287,5,1.5607104090414063,0.3333333333333333,"3,6,0,9,4,4",30.0
2021-03-25,"mercury,venus,earth,mars,jupiter,saturn",4.47660661070471,-4.328788597409491e-16,22.3607341655537,2,0.3333225496255264,0.8962141671482492,5,1.5607104090414063,0.3333333333333333,"3,6,0,9,4,4",27.0
2021-03-26,"mercury,venus,earth,mars,jupiter,saturn",4.489091182459308,-2.823234276854411e-16,22.43478509935612,2,0.32892148702902857,0.8982452720267988,5,1.5607104090414063,0.3333333333333333,"3,6,0,9,4,4",25.0
2021-03-27,"mercury,venus,earth,mars,jupiter,saturn",4.498617141701537,-4.724771018577566e-16,22.491706674803368,2,0.3255691819777601,0.899778593070587,5,1.5607104090414063,0.3333333333333333,"3,6,0,9,4,4",19.0
2021-03-28,"mercury,venus,earth,mars,jupiter,saturn",4.504832771252469,-3.683257013873466e-16,22.529043338870775,2,0.32338468290641686,0.9007714172193242,4,1.242453324894,0.5,"4,6,0,9,4,4",12.0
2021-03-29,"mercury,venus,earth,mars,jupiter,saturn",4.507415759822105,-1.8530781121363627e-16,22.54460454592011,2,0.3224775727949207,0.9011822225805867,4,1.242453324894,0.5,"4,6,0,9,4,4",12.0
2021-03-30,"mercury,venus,earth,mars,jupiter,saturn",4.506074058446326,-3.507161977339101e-16,22.536518139049974,2,0.3229487087758499,0.9009689649005773,4,1.242453324894,0.5,"4,6,0,9,4,4",9.0
2021-03-31,"mercury,venus,earth,mars,jupiter,saturn",4.500545980100652,-2.2102725786774887e-16,22.50327647679245,2,0.3248910396957566,0.9000873334995888,4,1.242453324894,0.5,"4,6,0,9,4,4",0.0
2021-04-01,"mercury,venus,earth,mars,jupiter,saturn",4.490599517943234,-3.1461386264691064e-16,22.443773845785195,2,0.32839034123276023,0.898489004973598,4,1.242453324894,0.5,"4,6,0,9,4,4",0.0
2021-04-02,"mercury,venus,earth,mars,jupiter,saturn",4.476030880140456,-1.3291016307521017e-15,22.357334318256417,2,0.33352570394402864,0.896119911022264,4,1.242453324894,0.5,"4,6,0,9,4,4",0.0
2021-04-03,"mercury,venus,earth,mars,jupiter,saturn",4.456662265827433,-2.8983449696781155e-16,22.243729913371023,2,0.3403696079835805,0.8929185271086605,4,1.242453324894,0.5,"4,6,0,9,4,4",4.0
2021-04-04,"mercury,venus,earth,mars,jupiter,saturn",4.432338935158202,-3.179128121359307e-16,22.10318965034027,2,0.34898741550066553,0.8888141823375664,4,1.242453324894,0.5,"4,6,0,9,4,4",12.0
2021-04-05,"mercury,venus,earth,mars,jupiter,saturn",4.402925654886294,-7.469610570015161e-16,21.936400786276277,2,0.35943610397304687,0.8837253891980267,4,1.242453324894,0.5,"4,6,0,9,4,4",11.0
2021-04-06,"mercury,venus,earth,mars,jupiter,saturn",4.368302628739556,-3.2386031252703026e-16,21.744504167631167,2,0.3717620472589112,0.8775581962755653,5,1.5607104090414063,0.3333333333333333,"5,6,0,9,4,4",6.0
2021-04-07,"mercury,venus,earth,mars,jupiter,saturn",4.328361049587586,-5.615005458314595e-16,21.529086156122858,2,0.3859976230968044,0.8702045799681473,5,1.5607104090414063,0.3333333333333333,"5,6,0,9,4,4",0.0
2021-04-08,"mercury,venus,earth,mars,jupiter,saturn",4.2829984402400125,-1.2841420605305632e-16,21.292169995316605,2,0.40215638488901445,0.8615409158922419,5,1.5607104090414063,0.3333333333333333,"5,6,0,9,4,4",0.0
2021-04-09,"mercury,venus,earth,mars,jupiter,saturn",4.232113985756999,-8.921360777344116e-16,21.036209747795994,2,0.42022648345743396,0.851426611693513,5,1.5607104090414063,0.3333333333333333,"5,6,0,9,4,4",0.0
2021-04-10,"mercury,venus,earth,mars,jupiter,saturn",4.175604108695832,-1.4255209545082164e-16,20.764090040765044,2,0.4401619675405986,0.839703046862491,5,1.5607104090414063,0.3333333333333333,"5,6,0,9,4,4",0.0
2021-04-11,"mercury,venus,earth,mars,jupiter,saturn",4.1133586085804374,-3.7355275466766845e-16,20.47913478260033,2,0.461871544909529,0.8261930605172968,5,1.5607104090414063,0.3333333333333333,"5,6,0,9,4,4",10.0
2021-04-12,"mercury,venus,earth,mars,jupiter,saturn",4.045257789722316,-3.816504260487492e-16,20.185127693950367,2,0.48520437780777986,0.8107013655511095,5,1.5607104090414063,0.3333333333333333,"5,7,0,9,4,4",14.0
2021-04-13,"mercury,venus,earth,mars,jupiter,saturn",3.9711711519967823,-9.956869361838199e-16,19.886346812941504,2,0.5099325679569682,0.7930164583164478,5,1.5607104090414063,0.3333333333333333,"6,7,0,9,4,4",19.0
2021-04-14,"mercury,venus,earth,mars,jupiter,saturn",3.8909584345470796,-6.277895265096755e-16,19.587613864181165,2,0.5357302423372465,0.7729148452868968,5,1.5607104090414063,0.3333333333333333,"6,7,0,9,4,4",21.0
2021-04-15,"mercury,venus,earth,mars,jupiter,saturn",3.8044741009293306,-3.7430848252812303e-16,19.29435715813211,2,0.5621497124213037,0.750168718554149,5,1.5607104090414063,0.3333333333333333,"6,7,0,9,4,4",25.0
2021-04-16,"mercury,venus,earth,mars,jupiter,saturn",3.711576751589336,-3.6207768990097077e-16,19.012682946804865,2,0.5885962309042269,0.7245585497576243,5,1.5607104090414063,0.3333333333333333,"6,7,0,9,4,4",35.0
2021-04-17,"mercury,venus,earth,mars,jupiter,saturn",3.6121454538739037,-3.1665160562136896e-17,18.74944411339698,2,0.6143046332233928,0.6958923529161621,5,1.5607104090414063,0.3333333333333333,"6,7,0,10,4,4",15.0
2021-04-18,"mercury,venus,earth,mars,jupiter,saturn",3.506105597997336,-5.876541511291719e-16,18.512285752648488,2,0.6383238131266691,0.6640334223746288,5,1.5607104090414063,0.3333333333333333,"6,7,0,10,4,4",18.0
2021-04-19,"mercury,venus,earth,mars,jupiter,saturn",3.393467737412273,-3.3983069192293446e-16,18.30963372076867,2,0.65951850917809,0.6289379383813541,5,1.5607104090414063,0.3333333333333333,"6,7,0,10,4,4",36.0
2021-04-20,"mercury,venus,earth,mars,jupiter,saturn",3.2743851953228424,-3.5382673887384837e-16,18.15057447082471,2,0.6766016651487181,0.5907029788276585,4,1.3296613488547582,0.3333333333333333,"7,7,0,10,4,4",57.0
2021-04-21,"mercury,venus,earth,mars,jupiter,saturn",3.1492555966545432,-6.461653267921704e-16,18.044554466265403,2,0.6882129802287189,0.5496290214092832,4,1.3296613488547582,0.3333333333333333,"7,7,0,10,4,4",46.0
2021-04-22,"mercury,venus,earth,mars,jupiter,saturn",3.0201455912773194,-8.492542919072931e-16,18.000811689695823,2,0.6930569982382607,0.5067148942918562,4,1.3296613488547582,0.3333333333333333,"7,7,0,10,4,4",44.0
2021-04-23,"mercury,venus,earth,mars,jupiter,saturn",3.117162477966674,-8.449913463082166e-16,18.027454092486586,2,0.6901029194359992,0.538994683563944,4,1.3296613488547582,0.3333333333333333,"7,7,1,10,4,4",37.0
2021-04-24,"mercury,venus,earth,mars,jupiter,saturn",3.2550909576600757,-2.2958971295797493e-16,18.130142793359873,2,0.6788252201440886,0.5844199498815317,4,1.3296613488547582,0.3333333333333333,"7,7,1,10,4,4",54.0
2021-04-25,"mercury,venus,earth,mars,jupiter,saturn",3.393984449952101,-8.91790833686207e-16,18.31044749360811,2,0.6594321330531415,0.6291015252651697,5,1.5607104090414063,0.3333333333333333,"8,7,1,10,4,4",55.0
2021-04-26,"mercury,venus,earth,mars,jupiter,saturn",3.5310974636652688,-2.0280276220654496e-16,18.56412903182337,2,0.6330019624793406,0.6716528029151833,5,1.5607104090414063,0.3333333333333333,"8,7,1,10,4,4",50.0
2021-04-27,"mercury,venus,earth,mars,jupiter,saturn",3.663261619409737,-4.683923632910756e-16,18.879831951564054,2,0.6014480548119675,0.7107841704665567,5,1.5607104090414063,0.3333333333333333,"8,7,1,10,4,4",55.0
2021-04-28,"mercury,venus,earth,mars,jupiter,saturn",3.787027087507216,-1.0178374554163332e-15,19.23882327294018,2,0.5672792160519863,0.7454496544851118,5,1.5607104090414063,0.3333333333333333,"8,7,1,10,4,4",46.0
2021-04-29,"mercury,venus,earth,mars,jupiter,saturn",3.898977702491982,-1.2881061529153718e-15,19.61632181915552,2,0.5332030714670477,0.774968277166249,5,1.5607104090414063,0.3333333333333333,"8,7,1,10,4,4",37.0
2021-04-30,"mercury,venus,earth,mars,jupiter,saturn",3.996121488606521,-4.578731131615925e-16,19.98451604012734,2,0.5016917601012756,0.7990679844154507,5,1.5607104090414063,0.3333333333333333,"9,7,1,10,4,4",28.0
2021-05-01,"mercury,venus,earth,mars,jupiter,saturn",4.076262053256689,-4.445159449005601e-16,20.316680014560607,2,0.47464426405101,0.8178458446415509,5,1.5607104090414063,0.3333333333333333,"9,8,1,10,4,4",10.0
2021-05-02,"mercury,venus,earth,mars,jupiter,saturn",4.1382515199253485,-4.0958258241156595e-16,20.591233045224733,2,0.45322715440586653,0.8316707214450134,5,1.5607104090414063,0.3333333333333333,"9,8,1,10,4,4",0.0
2021-05-03,"mercury,venus,earth,mars,jupiter,saturn",4.1820608372371595,-7.424991992030585e-16,20.794535645859625,2,0.43789349175425263,0.8410686895927446,5,1.5607104090414063,0.3333333333333333,"9,8,1,10,4,4",0.0
2021-05-04,"mercury,venus,earth,mars,jupiter,saturn",4.2086656211632905,-6.224507547446052e-16,20.921745167564083,2,0.42851947555629094,0.8466247040530268,4,1.3296613488547582,0.3333333333333333,"10,8,1,10,4,4",0.0
2021-05-05,"mercury,venus,earth,mars,jupiter,saturn",4.219802452569276,-3.8147824511639944e-16,20.975836046588043,2,0.4245839812689103,0.848916472228345,4,1.3296613488547582,0.3333333333333333,"10,8,1,10,4,4",0.0
2021-05-06,"mercury,venus,earth,mars,jupiter,saturn",4.217675732190647,-3.206779107771663e-16,20.965468377532048,2,0.425335990953803,0.8484803802892151,4,1.3296613488547582,0.3333333333333333,"10,8,1,10,4,4",0.0
2021-05-07,"mercury,venus,earth,mars,jupiter,saturn",4.204685684035443,-5.749369694363869e-16,20.90253519463989,2,0.4299243402837519,0.8458008340570186,4,1.3296613488547582,0.3333333333333333,"10,8,1,10,4,4",10.0
2021-05-08,"mercury,venus,earth,mars,jupiter,saturn",4.1832191782699475,-3.3940298488910313e-16,20.800015247651626,2,0.4374862409700154,0.8413129742979979,4,1.3296613488547582,0.3333333333333333,"10,8,1,10,4,4",17.0
2021-05-09,"mercury,venus,earth,mars,jupiter,saturn",4.155515087958373,-5.278126989996771e-16,20.670430236998886,2,0.4472016743269453,0.8354110411954758,5,1.5607104090414063,0.3333333333333333,"11,8,1,10,4,4",20.0
2021-05-10,"mercury,venus,earth,mars,jupiter,saturn",4.123595573672753,-3.0108707714673853e-16,20.524934026354,2,0.4583232541962315,0.8284577399070002,5,1.5607104090414063,0.3333333333333333,"11,8,1,10,4,4",34.0
2021-05-11,"mercury,venus,earth,mars,jupiter,saturn",4.089245712650801,-3.81515233586811e-16,20.372912445056294,2,0.4701898933994525,0.8207923409836628,5,1.5607104090414063,0.3333333333333333,"11,8,1,10,4,4",32.0
2021-05-12,"mercury,venus,earth,mars,jupiter,saturn",4.054023019733998,-3.2210836804024096e-16,20.221929052258346,2,0.48223038933562157,0.8127366386293263,5,1.5607104090414063,0.3333333333333333,"11,8,1,10,4,4",33.0
2021-05-13,"mercury,venus,earth,mars,jupiter,saturn",4.019281543628937,-7.561034025472285e-16,20.07786973036518,2,0.49396106415753216,0.8045985128852805,5,1.5607104090414063,0.3333333333333333,"11,8,1,10,4,4",30.0
2021-05-14,"mercury,venus,earth,mars,jupiter,saturn",3.9861994255486866,-6.596373842015617e-16,19.945178613905114,2,0.5049801374432713,0.7966730289979379,5,1.5607104090414063,0.3333333333333333,"11,8,1,10,4,4",26.0
2021-05-15,"mercury,venus,earth,mars,jupiter,saturn",3.9558026351655218,-6.649466039477475e-16,19.827117354778718,2,0.514960517005733,0.7892410282532033,5,1.5607104090414063,0.3333333333333333,"11,8,1,10,4,4",28.0
2021-05-16,"mercury,venus,earth,mars,jupiter,saturn",3.928980690627974,-4.873820537152803e-16,19.726010247119255,2,0.5236420396324424,0.7825652057329657,5,1.5607104090414063,0.3333333333333333,"0,8,1,10,4,4",13.0
2021-05-17,"mercury,venus,earth,mars,jupiter,saturn",3.9064927148452204,-2.4178453535791445e-16,19.64345808413492,2,0.5308237699801216,0.7768838493597064,5,1.5607104090414063,0.3333333333333333,"0,8,1,10,4,4",14.0
2021-05-18,"mercury,venus,earth,mars,jupiter,saturn",3.8889644845600437,-2.5720750550063617e-16,19.58051570961821,2,0.5363566961219471,0.772402779705145,5,1.5607104090414063,0.3333333333333333,"0,9,1,10,4,4",28.0
2021-05-19,"mercury,venus,earth,mars,jupiter,saturn",3.876879298526768,-3.439365095871643e-16,19.537834608369597,2,0.5401369926620672,0.7692865354130282,5,1.5607104090414063,0.3333333333333333,"0,9,1,10,4,4",27.0
2021-05-20,"mercury,venus,earth,mars,jupiter,saturn",3.8705672633209183,-8.483966867917107e-16,19.515774719932153,2,0.5420999218040373,0.7676503318410751,5,1.5607104090414063,0.3333333333333333,"0,9,1,10,4,4",20.0
2021-05-21,"mercury,venus,earth,mars,jupiter,saturn",3.8701983963681177,-5.081856038880237e-16,19.514490498083294,2,0.5422143852444397,0.7675545322959637,5,1.5607104090414063,0.3333333333333333,"0,9,1,10,4,4",14.0
2021-05-22,"mercury,venus,earth,mars,jupiter,saturn",3.8757842360003156,-1.1179616753610327e-15,19.533996056053308,2,0.5404781088185822,0.7690030959831968,5,1.5607104090414063,0.3333333333333333,"0,9,1,10,4,4",19.0
2021-05-23,"mercury,venus,earth,mars,jupiter,saturn",3.8871903998862627,-2.9688570247823766e-16,19.5742136113007,2,0.5369134263997637,0.7719466796992747,5,1.5607104090414063,0.3333333333333333,"0,9,1,10,4,4",27.0
2021-05-24,"mercury,venus,earth,mars,jupiter,saturn",3.904159468180554,-5.297419727713148e-16,19.63500868780108,2,0.5315636224484231,0.776290013177013,5,1.5607104090414063,0.3333333333333333,"0,9,2,10,4,4",31.0
2021-05-25,"mercury,venus,earth,mars,jupiter,saturn",3.926340867059787,-3.993069934229889e-16,19.71621480397016,2,0.5244897893510222,0.7819022443009457,5,1.5607104090414063,0.3333333333333333,"0,9,2,10,4,4",41.0
2021-05-26,"mercury,venus,earth,mars,jupiter,saturn",3.9533230662254377,-5.196206157828529e-16,19.817649737194948,2,0.515768153698216,0.7886284939539072,5,1.5607104090414063,0.3333333333333333,"1,9,2,10,4,4",41.0
2021-05-27,"mercury,venus,earth,mars,jupiter,saturn",3.9846636307129826,-4.954427362603237e-16,19.93912493129774,2,0.5054878236176015,0.7963009562673609,5,1.5607104090414063,0.3333333333333333,"1,9,2,10,4,4",41.0
2021-05-28,"mercury,venus,earth,mars,jupiter,saturn",4.0199140156029305,-5.457939151738323e-16,20.080449198446598,2,0.49374890671815164,0.8047483665898756,5,1.5607104090414063,0.3333333333333333,"1,9,2,10,4,4",31.0
2021-05-29,"mercury,venus,earth,mars,jupiter,saturn",4.058637697777549,-3.50121802957405e-16,20.2414275503115,2,0.4806609451620747,0.8138032715764428,5,1.5607104090414063,0.3333333333333333,"1,9,2,10,4,4",15.0
2021-05-30,"mercury,venus,earth,mars,jupiter,saturn",4.1004216829604765,-1.1301557232687628e-16,20.421855760659135,2,0.46634161120630646,0.8233070576515401,5,1.5607104090414063,0.3333333333333333,"1,9,2,10,4,4",26.0
2021-05-31,"mercury,venus,earth,mars,jupiter,saturn",4.144882330208828,-4.642619771734798e-16,20.621511100048796,2,0.45091560377009254,0.8331130268739964,5,1.5607104090414063,0.3333333333333333,"1,9,2,10,4,4",30.0
2021-06-01,"mercury,venus,earth,mars,jupiter,saturn",4.191666812074546,-1.878809382570102e-16,20.84013958199983,2,0.4345136847793708,0.84308795506451,5,1.5607104090414063,0.3333333333333333,"1,9,2,10,4,4",22.0
2021-06-02,"mercury,venus,earth,mars,jupiter,saturn",4.240451532802175,-5.319976658207866e-16,21.07744001046253,2,0.4172717938094156,0.8531125788102634,5,1.5607104090414063,0.3333333333333333,"1,9,2,10,4,4",29.0
2021-06-03,"mercury,venus,earth,mars,jupiter,saturn",4.290938634134907,-4.841130287683035e-16,21.3330451142042,2,0.39933018143967325,0.8630813961787461,5,1.5607104090414063,0.3333333333333333,"1,9,2,10,4,4",31.0
2021-06-04,"mercury,venus,earth,mars,jupiter,saturn",4.3428514604800625,-1.189389208905501e-15,21.60650008982687,2,0.38083250619393005,0.8729020771241872,4,1.3296613488547582,0.3333333333333333,"1,10,2,10,4,4",35.0
2021-06-05,"mercury,venus,earth,mars,jupiter,saturn",4.395929609132537,-4.138374781958234e-16,21.897238947305834,2,0.36192484726193563,0.8824946914517607,3,1.0986122886681096,0.3333333333333333,"2,10,2,10,4,4",38.0
2021-06-06,"mercury,venus,earth,mars,jupiter,saturn",4.449923990399839,-1.556318179755752e-16,22.20455915587398,2,0.34275459548816034,0.8917908876879306,3,1.0986122886681096,0.3333333333333333,"2,10,2,10,4,4",38.0
2021-06-07,"mercury,venus,earth,mars,jupiter,saturn",4.504592173753145,-9.409843828262533e-16,22.527595218638425,2,0.32346919823729214,0.9007330988906369,3,1.0986122886681096,0.3333333333333333,"2,10,2,10,4,4",49.0
2021-06-08,"mercury,venus,earth,mars,jupiter,saturn",4.559694193543294,-5.43791334585851e-16,22.86529195474533,2,0.3042147493082804,0.9092738102702259,3,1.0986122886681096,0.3333333333333333,"2,10,2,10,4,4",34.0
2021-06-09,"mercury,venus,earth,mars,jupiter,saturn",4.614988920885333,-6.144649885298755e-16,23.21637842916474,2,0.2851344323990863,0.9173748956960215,3,1.0986122886681096,0.3333333333333333,"2,10,2,10,4,4",25.0
2021-06-10,"mercury,venus,earth,mars,jupiter,saturn",4.670231066411194,-8.421346327172039e-16,23.57934363041015,2,0.2663668447953945,0.9250070127288292,3,1.0986122886681096,0.3333333333333333,"2,10,2,10,4,4",27.0
2021-06-11,"mercury,venus,earth,mars,jupiter,saturn",4.725168852736673,-9.374232059435015e-17,23.952415140905543,2,0.24804424583107865,0.9321490361421946,3,1.0986122886681096,0.3333333333333333,"2,10,2,10,4,4",19.0
2021-06-12,"mercury,venus,earth,mars,jupiter,saturn",4.779542378769587,-2.1800644244589703e-16,24.33354215567384,2,0.23029079097820257,0.9387875059171326,3,1.0986122886681096,0.3333333333333333,"2,10,2,10,4,4",8.0
2021-06-13,"mercury,venus,earth,mars,jupiter,saturn",4.833082685394218,-4.765124991930639e-16,24.72038426298415,2,0.2132208258770228,0.9449160658410256,3,1.0986122886681096,0.3333333333333333,"2,10,2,10,4,4",15.0
2021-06-14,"mercury,venus,earth,mars,jupiter,saturn",4.885511520183512,-1.382686497888645e-15,25.11030738548948,2,0.19693732401689734,0.9505348718924312,3,1.0986122886681096,0.3333333333333333,"2,10,2,10,4,4",12.0
2021-06-15,"mercury,venus,earth,mars,jupiter,saturn",4.936541785473073,-3.735897447689842e-16,25.500388173766474,2,0.18153055615384592,0.9556499545678189,4,1.3296613488547582,0.3333333333333333,"3,10,2,10,4,4",11.0
2021-06-16,"mercury,venus,earth,mars,jupiter,saturn",4.985878638274388,-3.758089558915316e-16,25.887427931909073,2,0.16707707825654325,0.9602725253735793,4,1.3296613488547582,0.3333333333333333,"3,10,2,10,4,4",11.0
2021-06-17,"mercury,venus,earth,mars,jupiter,saturn",5.033221191874462,-5.736329254035101e-16,26.267976830174817,2,0.15363911757203058,0.964418224141002,4,1.3296613488547582,0.3333333333333333,"3,10,2,10,4,4",12.0
2021-06-18,"mercury,venus,earth,mars,jupiter,saturn",5.078264748073684,-9.47973735817111e-16,26.638368726171542,2,0.14126442349457358,0.9681063099855299,4,1.3296613488547582,0.3333333333333333,"3,10,2,10,4,4",21.0
2021-06-19,"mercury,venus,earth,mars,jupiter,saturn",5.120703466992106,-6.7684275665075235e-16,26.994766389824676,2,0.12998663192287244,0.9713588040809594,4,1.3296613488547582,0.3333333333333333,"3,10,2,10,4,4",15.0
2021-06-20,"mercury,venus,earth,mars,jupiter,saturn",5.160233359862813,-1.2179041537654054e-16,27.333216338128356,2,0.1198261696740567,0.9741995965215564,4,1.3296613488547582,0.3333333333333333,"3,10,2,10,4,4",14.0
2021-06-21,"mercury,venus,earth,mars,jupiter,saturn",5.196555471192656,-4.56028574392051e-16,27.64971187605278,2,0.11079170052150636,0.9766535320959514,4,1.3296613488547582,0.3333333333333333,"3,10,2,10,4,4",13.0
2021-06-22,"mercury,venus,earth,mars,jupiter,saturn",5.2293791021864315,-4.390563366497629e-16,27.940262362531154,2,0.10288208793518512,0.978745490631349,4,1.329661348854758,0.3333333333333333,"3,11,3,10,4,4",16.0
2021-06-23,"mercury,venus,earth,mars,jupiter,saturn",5.258424919356993,-8.236983591367567e-16,28.20096623274528,2,0.09608882311166186,0.9804994766600539,3,1.0986122886681096,0.3333333333333333,"3,11,3,11,4,4",12.0
2021-06-24,"mercury,venus,earth,mars,jupiter,saturn",5.283427792371059,-4.673190682854754e-16,28.42808496594514,2,0.09039884191862844,0.9819377306152939,3,1.0114042647073518,0.5,"4,11,3,11,4,4",11.0
2021-06-25,"mercury,venus,earth,mars,jupiter,saturn",5.304139214424087,-2.5619659163484434e-16,28.618115038893695,2,0.08579763252898799,0.9830798697872224,3,1.0114042647073518,0.5,"4,11,3,11,4,4",23.0
2021-06-26,"mercury,venus,earth,mars,jupiter,saturn",5.320329177106229,-4.718692662039949e-16,28.767854980260942,2,0.08227251842605231,0.9839420621450552,3,1.0114042647073518,0.5,"4,11,3,11,4,4",19.0
2021-06-27,"mercury,venus,earth,mars,jupiter,saturn",5.331787399400979,-1.4589707780271573e-16,28.874464952010367,2,0.0798159907720538,0.9845362301832637,3,1.0114042647073518,0.5,"4,11,3,11,4,4",33.0
2021-06-28,"mercury,venus,earth,mars,jupiter,saturn",5.338323846132715,-6.437040557696873e-16,28.935516818785786,2,0.07842896128330148,0.9848692755225869,3,1.0114042647073518,0.5,"4,11,3,11,4,4",46.0
2021-06-29,"mercury,venus,earth,mars,jupiter,saturn",5.33976851350216,-5.081355676715397e-16,28.949033393552217,2,0.07812381252243616,0.9849423084412816,3,1.0114042647073518,0.5,"4,11,3,11,4,4",56.0
2021-06-30,"mercury,venus,earth,mars,jupiter,saturn",5.335970507051298,-1.5051906595586808e-16,28.913516419627,2,0.07892713634627391,0.9847498602001106,3,1.0114042647073518,0.5,"4,11,3,11,4,4",54.0
2021-07-01,"mercury,venus,earth,mars,jupiter,saturn",5.3267964898281726,-2.787116762074437e-16,28.827963810153413,2,0.08088207050691923,0.9842790504007761,3,1.0114042647073518,0.5,"4,11,3,11,4,4",57.0
2021-07-02,"mercury,venus,earth,mars,jupiter,saturn",5.312128636283326,-2.6471050089869226e-16,28.69187766144279,2,0.084050162824209,0.9835086773126285,3,1.0114042647073518,0.5,"4,11,3,11,4,4",62.0
2021-07-03,"mercury,venus,earth,mars,jupiter,saturn",5.291862293162096,-8.842256287841673e-16,28.505265541636444,2,0.08851270386113141,0.98240819714122,4,1.3296613488547582,0.3333333333333333,"5,11,3,11,4,4",60.0
2021-07-04,"mercury,venus,earth,mars,jupiter,saturn",5.265903627972191,-5.557234458491768e-16,28.268638502515078,2,0.09437146205658299,0.980936560373205,4,1.3296613488547582,0.3333333333333333,"5,11,3,11,4,4",50.0
2021-07-05,"mercury,venus,earth,mars,jupiter,saturn",5.234167648318542,-3.555345545140558e-17,27.983010161586414,2,0.10174871716196948,0.9790408827536692,4,1.3296613488547582,0.3333333333333333,"5,11,3,11,4,4",45.0
2021-07-06,"mercury,venus,earth,mars,jupiter,saturn",5.19657711723099,-1.3165657558517828e-16,27.649902063885612,2,0.11078640408925892,0.9766549506372407,4,1.3296613488547582,0.3333333333333333,"5,11,3,11,4,4",49.0
2021-07-07,"mercury,venus,earth,mars,jupiter,saturn",5.153063094668147,-7.989879433656474e-16,27.271361379243952,2,0.12164403315316354,0.9736976049109515,4,1.3296613488547582,0.3333333333333333,"5,11,3,11,4,4",20.0
2021-07-08,"mercury,venus,earth,mars,jupiter,saturn",5.103568139751848,-4.821163185651408e-16,26.849997837158107,2,0.13449482437616994,0.9700711305475093,4,1.3296613488547582,0.3333333333333333,"5,11,3,11,4,4",16.0
2021-07-09,"mercury,venus,earth,mars,jupiter,saturn",5.048053665170253,-2.8901074474097713e-16,26.38904763083461,2,0.14951916008019184,0.965659926910855,4,1.3296613488547582,0.3333333333333333,"5,11,3,11,4,4",11.0
2021-07-10,"mercury,venus,earth,mars,jupiter,saturn",4.986513621632781,-9.42993128718608e-16,25.892472737865177,2,0.16689399847889408,0.9603299905136604,4,1.3296613488547582,0.3333333333333333,"6,11,3,11,4,4",15.0
2021-07-11,"mercury,venus,earth,mars,jupiter,saturn",4.918997714435531,-4.869797264642695e-16,25.365104456017583,2,0.18677628976436955,0.9539301742903576,4,1.3296613488547582,0.3333333333333333,"6,11,3,11,4,4",21.0
2021-07-12,"mercury,venus,earth,mars,jupiter,saturn",4.845648858312618,-2.221410032123878e-16,24.81283941638134,2,0.20927772311827453,0.9462968934770427,5,1.5607104090414063,0.3333333333333333,"6,0,3,11,4,4",23.0
2021-07-13,"mercury,venus,earth,mars,jupiter,saturn",4.766761719784407,-1.9706186729563368e-16,24.24289394899111,2,0.2344274352338072,0.9372650534631239,5,1.5607104090414063,0.3333333333333333,"6,0,3,11,4,4",21.0
2021-07-14,"mercury,venus,earth,mars,jupiter,saturn",4.682872070546884,-4.4333260708865743e-16,23.66411681165351,2,0.2621189654768723,0.9266895952063957,5,1.5607104090414063,0.3333333333333333,"6,0,3,11,4,4",30.0
2021-07-15,"mercury,venus,earth,mars,jupiter,saturn",4.594890033317555,-1.0388462057110179e-16,23.08734843675135,2,0.29203847391795296,0.9144841589808762,5,1.5607104090414063,0.3333333333333333,"6,0,3,11,4,4",22.0
2021-07-16,"mercury,venus,earth,mars,jupiter,saturn",4.504292779652969,-5.669219937211872e-16,22.52579353383211,2,0.3235743721280553,0.9006854037955104,5,1.5607104090414063,0.3333333333333333,"6,0,3,11,4,4",35.0
2021-07-17,"mercury,venus,earth,mars,jupiter,saturn",4.413389394240527,-2.9516033049342533e-16,21.995339159503214,2,0.3557160671082084,0.8855515163438242,5,1.5607104090414063,0.3333333333333333,"7,0,3,11,4,4",49.0
2021-07-18,"mercury,venus,earth,mars,jupiter,saturn",4.325650701446442,2.6019332307094554e-17,21.51469956449089,2,0.3869636743253647,0.8696962713718873,5,1.5607104090414063,0.3333333333333333,"7,0,3,11,4,4",48.0
2021-07-19,"mercury,venus,earth,mars,jupiter,saturn",4.246034710991227,-5.657658765409834e-16,21.10520500198997,2,0.4152916645395963,0.854235282966569,5,1.5607104090414063,0.3333333333333333,"7,0,3,11,4,4",48.0
2021-07-20,"mercury,venus,earth,mars,jupiter,saturn",4.181099015630838,-2.1014973947891208e-16,20.789989769448272,2,0.43823158497172643,0.8408656845131813,5,1.5607104090414063,0.3333333333333333,"7,0,3,11,4,4",46.0
2021-07-21,"mercury,venus,earth,mars,jupiter,saturn",4.138488626508552,-4.56147243494739e-16,20.592312705378664,2,0.4531445591555775,0.8317224178159983,4,1.242453324894,0.5,"7,0,4,11,4,4",72.0
2021-07-22,"mercury,venus,earth,mars,jupiter,saturn",4.125349969971489,-2.726290469741044e-16,20.532825109829663,2,0.4577142039175909,0.8288441694560826,4,1.242453324894,0.5,"8,0,4,11,4,4",76.0
2021-07-23,"mercury,venus,earth,mars,jupiter,saturn",4.145831531654256,-2.693351559490415e-16,20.62585979786627,2,0.45058441500032353,0.8333189140865174,4,1.242453324894,0.5,"8,0,4,11,4,4",57.0
2021-07-24,"mercury,venus,earth,mars,jupiter,saturn",4.199015436382043,-2.0854216878589644e-16,20.875276033364845,2,0.43192437130844286,0.8446226342968578,4,1.242453324894,0.5,"8,0,4,11,4,4",32.0
2021-07-25,"mercury,venus,earth,mars,jupiter,saturn",4.278855861988427,-1.7421918194988888e-16,21.270944631484326,2,0.4036303430973974,0.8607331646462529,4,1.242453324894,0.5,"8,0,4,11,4,4",36.0
2021-07-26,"mercury,venus,earth,mars,jupiter,saturn",4.376097732908813,-4.520749555365502e-16,21.787289941033553,2,0.3689851850560587,0.8789634424381834,4,1.242453324894,0.5,"8,0,4,11,4,4",31.0
2021-07-27,"mercury,venus,earth,mars,jupiter,saturn",4.480715625007864,-4.252036868090049e-16,22.38503752428486,2,0.3318731251476775,0.8968853632882625,4,1.242453324894,0.5,"9,0,4,11,4,4",18.0
2021-07-28,"mercury,venus,earth,mars,jupiter,saturn",4.5837152031631465,-2.717429290007817e-16,23.01630768946017,2,0.29589301968660453,0.9128503731869317,4,1.242453324894,0.5,"9,0,4,11,4,4",6.0
2021-07-29,"mercury,venus,earth,mars,jupiter,saturn",4.678069940188345,-3.058314345606333e-16,23.631837448327428,2,0.26373050872650344,0.926053186221568,4,1.242453324894,0.5,"9,0,4,11,4,4",3.0
2021-07-30,"mercury,venus,earth,mars,jupiter,saturn",4.759004731969881,-3.9066881416453104e-16,24.18819529418487,2,0.23694922607360597,0.9363297163536876,4,1.242453324894,0.5,"9,0,4,11,4,4",0.0
2021-07-31,"mercury,venus,earth,mars,jupiter,saturn",4.82386408735334,-1.6275114043662857e-16,24.652960418274464,2,0.21612916391852693,0.943889266783887,4,1.242453324894,0.5,"10,0,4,11,4,4",3.0
2021-08-01,"mercury,venus,earth,mars,jupiter,saturn",4.871744031415639,-8.097554465180779e-16,25.006851438280137,2,0.20116995597031476,0.9490954895386148,4,1.242453324894,0.5,"10,1,4,11,4,4",8.0
2021-08-02,"mercury,venus,earth,mars,jupiter,saturn",4.9030267927098565,-4.3345839782753637e-16,25.243021947543124,2,0.19159851535872968,0.9523293914645768,4,1.242453324894,0.5,"10,1,4,11,4,4",13.0
2021-08-03,"mercury,venus,earth,mars,jupiter,saturn",4.91892331844524,-2.2853141453567014e-16,25.36453340414579,2,0.1867986499131208,0.9539227955515859,4,1.242453324894,0.5,"10,1,4,11,4,4",17.0
2021-08-04,"mercury,venus,earth,mars,jupiter,saturn",4.921088960118828,-3.182211737347251e-16,25.381165585380877,2,0.186148150320772,0.9541372901862339,4,1.242453324894,0.5,"10,1,4,11,4,4",17.0
2021-08-05,"mercury,venus,earth,mars,jupiter,saturn",4.911338732093627,-4.177248090539648e-16,25.306431497602542,2,0.18908330904118933,0.9531667135150294,3,1.0114042647073518,0.5,"11,1,4,11,4,4",22.0
2021-08-06,"mercury,venus,earth,mars,jupiter,saturn",4.891459806612558,-4.810381076927337e-16,25.15524040006163,2,0.1951184041081488,0.9511488922064744,3,1.0114042647073518,0.5,"11,1,4,11,4,4",8.0
2021-08-07,"mercury,venus,earth,mars,jupiter,saturn",4.863103599278254,-3.9661996688469474e-16,24.942310043287172,2,0.20384231957661308,0.9481790810983073,3,1.0114042647073518,0.5,"11,1,4,11,4,4",0.0
2021-08-08,"mercury,venus,earth,mars,jupiter,saturn",4.827735410929081,-1.6570392979558865e-16,24.68123346472819,2,0.21490621611028202,0.944321896685047,3,1.0114042647073518,0.5,"11,1,4,11,4,4",0.0
2021-08-09,"mercury,venus,earth,mars,jupiter,saturn",4.78662160761975,-1.0464830522114842e-15,24.38403353762756,2,0.22800948445070926,0.9396208539156019,3,1.0114042647073518,0.5,"11,1,4,11,4,4",7.0
2021-08-10,"mercury,venus,earth,mars,jupiter,saturn",4.740838884892311,-5.638948954174646e-16,24.061040046306214,2,0.24288704164277447,0.9341056450283144,3,1.0114042647073518,0.5,"11,1,4,11,4,4",0.0
2021-08-11,"mercury,venus,earth,mars,jupiter,saturn",4.691294935192954,-2.874300725318055e-16,23.720957115618678,2,0.25929885544792564,0.9277976458410311,3,1.0114042647073518,0.5,"11,1,4,11,4,4",18.0
2021-08-12,"mercury,venus,earth,mars,jupiter,saturn",4.638753778981666,-6.9306625567728e-16,23.37102789625338,2,0.2770216389984374,0.9207141730153107,4,1.242453324894,0.5,"0,1,4,11,4,4",7.0
2021-08-13,"mercury,venus,earth,mars,jupiter,saturn",4.583861884995827,-2.2745236092064633e-16,23.017236941485066,2,0.2958423533607075,0.9128719417597401,4,1.242453324894,0.5,"0,1,4,11,4,4",9.0
2021-08-14,"mercury,venus,earth,mars,jupiter,saturn",4.527173115859391,-1.1805808822519306e-15,22.664515451607354,2,0.3155531335582956,0.9042900769143295,4,1.242453324894,0.5,"0,1,4,11,4,4",19.0
2021-08-15,"mercury,venus,earth,mars,jupiter,saturn",4.469171727024946,-5.034274388644156e-16,22.316931126978925,2,0.3359473307531957,0.8949929455799231,4,1.242453324894,0.5,"0,1,4,11,4,4",21.0
2021-08-16,"mercury,venus,earth,mars,jupiter,saturn",4.41029334670815,-1.1512180643680634e-16,21.97785464753855,2,0.3568164585018157,0.8850130149621585,4,1.242453324894,0.5,"0,1,4,11,4,4",20.0
2021-08-17,"mercury,venus,earth,mars,jupiter,saturn",4.350944248067903,-1.9405271578792282e-16,21.6501007227755,2,0.37794791440518066,0.8743938927674555,4,1.242453324894,0.5,"0,1,4,11,4,4",15.0
2021-08-18,"mercury,venus,earth,mars,jupiter,saturn",4.291519412046694,-5.177164688639416e-16,21.336044783386882,2,0.39912341271080787,0.863193673005127,4,1.242453324894,0.5,"0,1,4,11,4,4",13.0
2021-08-19,"mercury,venus,earth,mars,jupiter,saturn",4.2324199399994695,-2.7349460318870993e-16,21.037717817016592,2,0.420118109386426,0.8514886787774898,4,1.242453324894,0.5,"0,1,4,11,4,4",22.0
2021-08-20,"mercury,venus,earth,mars,jupiter,saturn",4.174070337043157,-3.4504507748315166e-16,20.75688231264926,2,0.4407004317273858,0.8393776539343806,4,1.242453324894,0.5,"0,2,4,11,4,4",12.0
2021-08-21,"mercury,venus,earth,mars,jupiter,saturn",4.1169360378095625,-1.9814114065767587e-16,20.495092225115453,2,0.46063264215674327,0.8269863903634921,5,1.5607104090414063,0.3333333333333333,"0,2,5,11,4,4",16.0
2021-08-22,"mercury,venus,earth,mars,jupiter,saturn",4.061541231610873,-6.168048760284973e-16,20.25373957281986,2,0.4796721720301539,0.8144726615430884,5,1.5607104090414063,0.3333333333333333,"1,2,5,11,4,4",19.0
2021-08-23,"mercury,venus,earth,mars,jupiter,saturn",4.008486462863599,-6.710825415115859e-16,20.034089891558263,2,0.497573756590813,0.8020311284382958,5,1.5607104090414063,0.3333333333333333,"1,2,5,11,4,4",16.0
2021-08-24,"mercury,venus,earth,mars,jupiter,saturn",3.9584644926738557,-4.840406197434522e-16,19.83730836743311,2,0.5140923868269263,0.7898975430297889,5,1.5607104090414063,0.3333333333333333,"1,2,5,11,4,4",20.0
2021-08-25,"mercury,venus,earth,mars,jupiter,saturn",3.912271369493844,-3.3472585264625745e-16,19.664478103196352,2,0.5289870678503816,0.7783510545379465,5,1.5607104090414063,0.3333333333333333,"1,2,5,11,4,4",36.0
2021-08-26,"mercury,venus,earth,mars,jupiter,saturn",3.8708075712973136,-6.623599401974876e-16,19.51661165245745,2,0.5420253368466985,0.7677127321496912,5,1.5607104090414063,0.3333333333333333,"1,2,5,11,4,4",48.0
2021-08-27,"mercury,venus,earth,mars,jupiter,saturn",3.8350618811029484,-1.8999185206891034e-16,19.394656690542387,2,0.5529884476814928,0.7583377146892706,5,1.5607104090414063,0.3333333333333333,"1,2,5,11,5,4",71.0
2021-08-28,"mercury,venus,earth,mars,jupiter,saturn",3.8060696244898153,-4.598317695334739e-16,19.2994964790503,2,0.5616770760127915,0.7505981310024772,5,1.5607104090414063,0.3333333333333333,"1,2,5,11,5,4",75.0
2021-08-29,"mercury,venus,earth,mars,jupiter,saturn",3.784839353232581,-4.917821462471602e-16,19.231945620765067,2,0.5679173417106964,0.7448548998761237,5,1.5607104090414063,0.3333333333333333,"1,2,5,11,5,4",51.0
2021-08-30,"mercury,venus,earth,mars,jupiter,saturn",3.77225044175576,-7.359119819732126e-16,19.19274148958393,2,0.5715668893933468,0.7414195310789344,5,1.5607104090414063,0.3333333333333333,"1,2,5,11,5,4",43.0
2021-08-31,"mercury,venus,earth,mars,jupiter,saturn",3.7689381164857845,-2.486122105892462e-16,19.182531653969413,2,0.5725207190584921,0.7405119815329493,5,1.5607104090414063,0.3333333333333333,"1,2,5,11,5,4",39.0
2021-09-01,"mercury,venus,earth,mars,jupiter,saturn",3.775195972038806,-5.593240959650582e-16,19.201857590130373,2,0.5707164240110347,0.7422253060882772,4,1.3296613488547582,0.3333333333333333,"2,2,5,11,5,4",38.0
2021-09-02,"mercury,venus,earth,mars,jupiter,saturn",3.7909282524497634,-5.512137593230242e-16,19.25113500104647,2,0.566138479463871,0.7465085572586041,4,1.3296613488547582,0.3333333333333333,"2,2,5,11,5,4",33.0
2021-09-03,"mercury,venus,earth,mars,jupiter,saturn",3.8156687801307494,-2.991902640868725e-16,19.330631117759975,2,0.5588212382343103,0.7531739730053681,4,1.3296613488547582,0.3333333333333333,"2,2,5,11,5,4",26.0
2021-09-04,"mercury,venus,earth,mars,jupiter,saturn",3.848657603931859,-4.3990617954437004e-16,19.44043945742273,2,0.5488503336627752,0.7619254381951202,4,1.3296613488547582,0.3333333333333333,"2,2,5,0,5,4",71.0
2021-09-05,"mercury,venus,earth,mars,jupiter,saturn",3.888946748724716,-5.874706250892581e-16,19.580452644136486,2,0.53636226487085,0.7723982223130835,4,1.3296613488547582,0.3333333333333333,"2,2,5,0,5,4",74.0
2021-09-06,"mercury,venus,earth,mars,jupiter,saturn",3.935503622915024,-4.49395442156323e-16,19.750334056974268,2,0.5215420424926119,0.784198825260278,4,1.3296613488547582,0.3333333333333333,"2,2,5,0,5,4",83.0
2021-09-07,"mercury,venus,earth,mars,jupiter,saturn",3.9872915589895452,-3.368667280900284e-16,19.94948924490401,2,0.5046188967373542,0.7969373942969724,5,1.5607104090414063,0.3333333333333333,"2,3,5,0,5,4",84.0
2021-09-08,"mercury,venus,earth,mars,jupiter,saturn",4.043321193886686,-3.617475037002126e-16,20.177038227226276,2,0.4858601832145071,0.8102500522040527,5,1.5607104090414063,0.3333333333333333,"2,3,5,0,5,4",97.0
2021-09-09,"mercury,venus,earth,mars,jupiter,saturn",4.102676281478491,-2.740976208782502e-16,20.431789963470464,2,0.4655637521957918,0.8238119470051154,5,1.5607104090414063,0.3333333333333333,"2,3,5,0,5,4",101.0
2021-09-10,"mercury,venus,earth,mars,jupiter,saturn",4.164521448521142,-3.2652900950877196e-16,20.712220408131554,2,0.4440491601787957,0.8373432955736472,5,1.5607104090414063,0.3333333333333333,"2,3,5,0,5,4",96.0
2021-09-11,"mercury,venus,earth,mars,jupiter,saturn",4.228099271395221,-2.2450908601672874e-16,21.01645564080295,2,0.42164818648439795,0.8506107668347926,4,1.3296613488547582,0.3333333333333333,"3,3,5,0,5,4",72.0
2021-09-12,"mercury,venus,earth,mars,jupiter,saturn",4.292722235963856,-2.0509099628344584e-16,21.34226155871078,2,0.3986951632288591,0.8634260312313252,4,1.3296613488547582,0.3333333333333333,"3,3,5,0,5,4",49.0
2021-09-13,"mercury,venus,earth,mars,jupiter,saturn",4.357763145122921,-2.6919738928252405e-16,21.68704151650817,2,0.3755176300913158,0.8756427018658286,4,1.3296613488547582,0.3333333333333333,"3,3,5,0,5,4",33.0
2021-09-14,"mercury,venus,earth,mars,jupiter,saturn",4.422645964975802,-4.531897109082762e-16,22.047843083323862,2,0.3524277868032618,0.8871524192908927,4,1.3296613488547582,0.3333333333333333,"3,3,5,0,5,4",23.0
2021-09-15,"mercury,venus,earth,mars,jupiter,saturn",4.486838046727896,-7.251877838777118e-16,22.421374754395245,2,0.32971514206650765,0.8978805215152382,4,1.3296613488547582,0.3333333333333333,"3,3,5,0,5,4",10.0
2021-09-16,"mercury,venus,earth,mars,jupiter,saturn",4.549844026174035,-2.4408037299867324e-16,22.80403301093469,2,0.30764065729440154,0.9077815600681354,4,1.3296613488547582,0.3333333333333333,"3,3,5,0,5,4",0.0
2021-09-17,"mercury,venus,earth,mars,jupiter,saturn",4.6112013511021415,-4.546464312569937e-16,23.19193958758673,2,0.2864325689670143,0.9168348261732767,4,1.3296613488547582,0.3333333333333333,"3,3,5,0,5,4",0.0
2021-09-18,"mercury,venus,earth,mars,jupiter,saturn",4.670477209668092,-4.821418935259078e-16,23.580988216040986,2,0.26628395666828625,0.9250400011306774,4,1.3296613488547582,0.3333333333333333,"3,3,5,0,5,4",0.0
2021-09-19,"mercury,venus,earth,mars,jupiter,saturn",4.72726655613353,-9.116163846202004e-17,23.966899511874768,2,0.2473520159591679,0.9324130174479337,4,1.3296613488547582,0.3333333333333333,"3,3,5,0,5,4",13.0
2021-09-20,"mercury,venus,earth,mars,jupiter,saturn",4.781190909603737,-3.4434933924919403e-16,24.345282112909977,2,0.2297589046182269,0.9389821981958126,4,1.3296613488547582,0.3333333333333333,"4,3,5,0,5,4",43.0
2021-09-21,"mercury,venus,earth,mars,jupiter,saturn",4.831897611274128,-2.2270440633790794e-16,24.71169771638371,2,0.2135939628429221,0.9447847247806671,4,1.3296613488547582,0.3333333333333333,"4,3,5,0,5,4",65.0
2021-09-22,"mercury,venus,earth,mars,jupiter,saturn",4.879059252539562,-7.741044853521174e-16,25.061727349109074,2,0.1989170649606209,0.9498634654421844,4,1.3296613488547582,0.3333333333333333,"4,3,5,0,5,4",81.0
2021-09-23,"mercury,venus,earth,mars,jupiter,saturn",4.92237302285449,-1.114285085097282e-16,25.39103607799742,2,0.18576284143486843,0.9542641781806582,4,1.3296613488547582,0.3333333333333333,"4,3,5,0,5,4",70.0
2021-09-24,"mercury,venus,earth,mars,jupiter,saturn",4.961559768350797,-9.474687222677576e-16,25.69543344962486,2,0.17414551268651565,0.9580330833172462,5,1.5607104090414063,0.3333333333333333,"4,3,6,0,5,4",60.0
2021-09-25,"mercury,venus,earth,mars,jupiter,saturn",4.996362597275874,-2.0409591258476387e-16,25.970927239604144,2,0.16406409630570096,0.961214783482556,4,1.242453324894,0.5,"4,4,6,0,5,4",45.0
2021-09-26,"mercury,venus,earth,mars,jupiter,saturn",5.026544914327239,-4.340589767157885e-16,26.213768579571198,2,0.15550778178951452,0.9638504932648007,4,1.242453324894,0.5,"4,4,6,0,5,4",50.0
2021-09-27,"mercury,venus,earth,mars,jupiter,saturn",5.051887811427893,-1.0322212705478953e-15,26.420487181372692,2,0.1484613071393608,0.9659765273839176,4,1.242453324894,0.5,"4,4,6,0,5,4",50.0
2021-09-28,"mercury,venus,earth,mars,jupiter,saturn",5.072186786535834,-6.615826248703885e-16,26.58791615658741,2,0.1429102149665913,0.967622985042947,4,1.242453324894,0.5,"4,4,6,0,5,4",57.0
2021-09-29,"mercury,venus,earth,mars,jupiter,saturn",5.087247804845447,-3.0545033580872477e-16,26.71320679766427,2,0.13884590810605757,0.9688125586692086,4,1.3296613488547582,0.3333333333333333,"5,4,6,0,5,4",70.0
2021-09-30,"mercury,venus,earth,mars,jupiter,saturn",5.096882759881016,-9.806642885538263e-16,26.79383461737245,2,0.13627046230076867,0.9695593870363258,4,1.3296613488547582,0.3333333333333333,"5,4,6,0,5,4",45.0
2021-10-01,"mercury,venus,earth,mars,jupiter,saturn",5.100904439372224,-7.92148014627149e-18,26.827598926747843,2,0.13520118220716862,0.9698678652030014,4,1.3296613488547582,0.3333333333333333,"5,4,6,0,5,4",38.0
2021-10-02,"mercury,venus,earth,mars,jupiter,saturn",5.099121159412487,-3.275695962958747e-16,26.81261928378645,2,0.13567490152997164,0.9697313165555195,4,1.3296613488547582,0.3333333333333333,"5,4,6,0,5,4",34.0
2021-10-03,"mercury,venus,earth,mars,jupiter,saturn",5.091331311575925,-6.888177241519105e-16,26.74733330955576,2,0.13775202076916832,0.9691304259842851,4,1.3296613488547582,0.3333333333333333,"5,4,6,0,5,4",27.0
2021-10-04,"mercury,venus,earth,mars,jupiter,saturn",5.077318188964875,-2.2650215173124705e-16,26.630501716408617,2,0.14152023464246652,0.9680313298832631,4,1.3296613488547582,0.3333333333333333,"5,4,6,0,5,4",35.0
2021-10-05,"mercury,venus,earth,mars,jupiter,saturn",5.056845645071391,-2.58367443679472e-16,26.461228015298293,2,0.14709780636198796,0.9663832632141441,4,1.3296613488547582,0.3333333333333333,"5,4,6,0,5,4",30.0
2021-10-06,"mercury,venus,earth,mars,jupiter,saturn",5.0296554332311185,-8.62566533276973e-16,26.239002355289198,2,0.15463606740618938,0.9641156868119993,4,1.3296613488547582,0.3333333333333333,"6,4,6,0,5,4",26.0
2021-10-07,"mercury,venus,earth,mars,jupiter,saturn",4.995467532029867,-8.59851903367832e-16,25.963781342770734,2,0.16432051380196552,0.9611348799358485,4,1.3296613488547582,0.3333333333333333,"6,4,6,0,5,4",16.0
2021-10-08,"mercury,venus,earth,mars,jupiter,saturn",4.9539854663489615,-2.954302932278343e-16,25.636118405405934,2,0.17636936855076563,0.9573201220517661,4,1.3296613488547582,0.3333333333333333,"6,4,6,0,5,4",19.0
2021-10-09,"mercury,venus,earth,mars,jupiter,saturn",4.904909700948721,-5.278832065262037e-16,25.257361937537087,2,0.1910277012663056,0.9525198725804397,4,1.3296613488547582,0.3333333333333333,"6,4,6,0,5,4",23.0
2021-10-10,"mercury,venus,earth,mars,jupiter,saturn",4.847963768155365,-8.284412944002141e-16,24.829940176829947,2,0.20855405336271082,0.9465489054733508,4,1.3296613488547582,0.3333333333333333,"6,4,6,0,5,4",38.0
2021-10-11,"mercury,venus,earth,mars,jupiter,saturn",4.782940080456703,-4.3622820684531055e-16,24.357750660997908,2,0.22919497240904368,0.9391883565779939,4,1.3296613488547582,0.3333333333333333,"6,4,6,0,5,4",30.0
2021-10-12,"mercury,venus,earth,mars,jupiter,saturn",4.709775552489717,-4.0580310440821744e-16,23.846664879783038,2,0.25314105736490994,0.930192371413559,4,1.3296613488547582,0.3333333333333333,"6,4,6,0,5,4",17.0
2021-10-13,"mercury,venus,earth,mars,jupiter,saturn",4.628671255694554,-4.61268956813667e-16,23.30514011825135,2,0.2804566654296412,0.919307821561407,5,1.5607104090414063,0.3333333333333333,"7,5,6,0,5,4",20.0
2021-10-14,"mercury,venus,earth,mars,jupiter,saturn",4.540274879173726,-6.934473407175869e-16,22.744893406827263,2,0.3109758872627885,0.9063175460856776,5,1.5607104090414063,0.3333333333333333,"7,5,6,0,5,4",20.0
2021-10-15,"mercury,venus,earth,mars,jupiter,saturn",4.445947769938242,-4.633840745070599e-16,22.18152990677875,2,0.3441628606784545,0.8911221027625392,5,1.5607104090414063,0.3333333333333333,"7,5,6,0,5,4",12.0
2021-10-16,"mercury,venus,earth,mars,jupiter,saturn",4.3481336043652625,-7.967545445435717e-16,21.63492843043774,2,0.3789497136064012,0.873876976399497,5,1.5607104090414063,0.3333333333333333,"7,5,6,0,5,4",11.0
2021-10-17,"mercury,venus,earth,mars,jupiter,saturn",4.25081671300962,-3.5588333105562923e-16,21.129084899088376,2,0.4135947603361405,0.8551928686879157,5,1.5607104090414063,0.3333333333333333,"7,5,6,0,5,4",0.0
2021-10-18,"mercury,venus,earth,mars,jupiter,saturn",4.159966797136263,-1.1695822631387615e-15,20.691045940917114,2,0.44564417657254807,0.8363677603679948,5,1.5607104090414063,0.3333333333333333,"8,5,6,0,5,4",17.0
2021-10-19,"mercury,venus,earth,mars,jupiter,saturn",4.083654248118751,-2.0951774022709492e-16,20.348613058931637,2,0.472110392809877,0.8195267151565698,5,1.5607104090414063,0.3333333333333333,"8,5,6,0,5,4",13.0
2021-10-20,"mercury,venus,earth,mars,jupiter,saturn",4.031203251750678,-3.6340378526349385e-16,20.126760292842338,2,0.4899530603421419,0.8074125900284322,5,1.5607104090414063,0.3333333333333333,"8,5,6,0,5,4",12.0
2021-10-21,"mercury,venus,earth,mars,jupiter,saturn",4.0107466959596785,-2.2823267252142485e-16,20.04321776678681,2,0.49681867573235416,0.8025701883959666,5,1.5607104090414063,0.3333333333333333,"8,5,6,0,5,4",17.0
2021-10-22,"mercury,venus,earth,mars,jupiter,saturn",4.025740347250623,-3.7688254317458564e-16,20.10428651995566,2,0.49179199009402486,0.8061258641232948,5,1.5607104090414063,0.3333333333333333,"8,5,6,0,5,4",36.0
2021-10-23,"mercury,venus,earth,mars,jupiter,saturn",4.072919639882829,-2.7424940952684564e-16,20.3023131072926,2,0.4757880062045864,0.817082974992865,5,1.5607104090414063,0.3333333333333333,"9,5,6,0,5,4",48.0
2021-10-24,"mercury,venus,earth,mars,jupiter,saturn",4.14367471884906,-1.076260313882285e-15,20.61598372506895,2,0.4513368511813344,0.8328508794246932,5,1.5607104090414063,0.3333333333333333,"9,5,6,0,5,4",40.0
2021-10-25,"mercury,venus,earth,mars,jupiter,saturn",4.22752615199979,-2.0842091129473192e-16,21.013640907686817,2,0.42185108348998546,0.8504940883093018,5,1.5607104090414063,0.3333333333333333,"9,5,6,0,5,4",66.0
2021-10-26,"mercury,venus,earth,mars,jupiter,saturn",4.3150365346190425,-4.947768297509743e-16,21.458642174765725,2,0.39074646725420026,0.8676942438134668,5,1.5607104090414063,0.3333333333333333,"9,5,7,0,5,4",90.0
2021-10-27,"mercury,venus,earth,mars,jupiter,saturn",4.3991187183980385,-2.277270261810878e-16,21.915066376343546,2,0.3607902258477594,0.8830566682403477,5,1.5607104090414063,0.3333333333333333,"10,5,7,0,5,4",103.0
2021-10-28,"mercury,venus,earth,mars,jupiter,saturn",4.475161714991182,-5.2534282804530775e-16,22.352204170751452,2,0.3338324326313703,0.8959775162365803,5,1.5607104090414063,0.3333333333333333,"10,5,7,0,5,4",97.0
2021-10-29,"mercury,venus,earth,mars,jupiter,saturn",4.540621508204854,-3.53149060084203e-16,22.74702926308679,2,0.3108549550471029,0.9063708250566845,5,1.5607104090414063,0.3333333333333333,"10,5,7,0,5,4",82.0
2021-10-30,"mercury,venus,earth,mars,jupiter,saturn",4.594474669667531,-4.822422010715886e-16,23.084698944422765,2,0.2921815465183004,0.9144237722587466,5,1.5607104090414063,0.3333333333333333,"10,5,7,0,5,4",76.0
2021-10-31,"mercury,venus,earth,mars,jupiter,saturn",4.636713710013504,-3.001032452967972e-16,23.35766353709234,2,0.27771583123418103,0.9204308467962243,5,1.5607104090414063,0.3333333333333333,"10,5,7,0,5,4",65.0
2021-11-01,"mercury,venus,earth,mars,jupiter,saturn",4.667946014338299,-3.401053253237076e-16,23.564087813494037,2,0.26713665652716845,0.9247003391448436,5,1.5607104090414063,0.3333333333333333,"11,5,7,0,5,4",51.0
2021-11-02,"mercury,venus,earth,mars,jupiter,saturn",4.689103861128238,-4.4439926249261e-16,23.70614370735665,2,0.26003165672347545,0.927510407929586,6,1.7917594692280547,0.16666666666666666,"11,6,7,0,5,4",43.0
2021-11-03,"mercury,venus,earth,mars,jupiter,saturn",4.701250253055961,-3.013080687964437e-16,23.788504847045942,2,0.25597655202115727,0.9290938663008632,6,1.7917594692280547,0.16666666666666666,"11,6,7,0,5,4",33.0
2021-11-04,"mercury,venus,earth,mars,jupiter,saturn",4.705458361955239,-4.049876693630755e-16,23.817176448726098,2,0.25457582816123014,0.9296374170868079,6,1.7917594692280547,0.16666666666666666,"11,6,7,0,5,4",28.0
2021-11-05,"mercury,venus,earth,mars,jupiter,saturn",4.702743163650561,-2.341895330628793e-16,23.798668562717445,2,0.2554793694412636,0.9292869979250976,6,1.7917594692280547,0.16666666666666666,"11,6,7,0,5,4",37.0
2021-11-06,"mercury,venus,earth,mars,jupiter,saturn",4.694027735438528,-6.763159482274805e-16,23.73945993686997,2,0.25838567548209784,0.9281549133662098,6,1.7917594692280547,0.16666666666666666,"11,6,7,0,5,4",34.0
2021-11-07,"mercury,venus,earth,mars,jupiter,saturn",4.680131221390172,-8.417208494406371e-16,23.645681842180064,2,0.263038437617978,0.926326776940665,6,1.7917594692280547,0.16666666666666666,"11,6,7,0,5,4",30.0
2021-11-08,"mercury,venus,earth,mars,jupiter,saturn",4.661769479720577,-4.463928174327081e-16,23.522955607461594,2,0.2692203959224704,0.923867520931797,5,1.5607104090414063,0.3333333333333333,"0,6,7,0,5,4",40.0
2021-11-09,"mercury,venus,earth,mars,jupiter,saturn",4.639562535103622,-1.0999932108913605e-16,23.376330613030827,2,0.2767465558077891,0.9208263210111349,5,1.5607104090414063,0.3333333333333333,"0,6,7,0,5,4",44.0
2021-11-10,"mercury,venus,earth,mars,jupiter,saturn",4.614045180421932,-2.4029271588229197e-16,23.210283688886534,2,0.28545775729814615,0.9172405306346417,5,1.5607104090414063,0.3333333333333333,"0,6,7,0,5,4",41.0
2021-11-11,"mercury,venus,earth,mars,jupiter,saturn",4.585678571044045,-3.122383624728857e-16,23.028753061336573,2,0.29521499530661355,0.9131388009122225,5,1.5607104090414063,0.3333333333333333,"0,6,7,0,5,4",43.0
2021-11-12,"mercury,venus,earth,mars,jupiter,saturn",4.5548616206751475,-3.113407865601617e-16,22.835189318897093,2,0.3058945871996561,0.9085435681643593,5,1.5607104090414063,0.3333333333333333,"0,6,7,0,5,4",36.0
2021-11-13,"mercury,venus,earth,mars,jupiter,saturn",4.521941605927266,-4.836502993876575e-16,22.632612503704927,2,0.31738414565321366,0.9034730694067579,5,1.5607104090414063,0.3333333333333333,"0,6,7,0,5,4",27.0
2021-11-14,"mercury,venus,earth,mars,jupiter,saturn",4.487223742236509,-2.216634416398722e-16,22.423668918943928,2,0.32957926304904406,0.8979430166256357,5,1.5607104090414063,0.3333333333333333,"0,6,7,0,5,4",20.0
2021-11-15,"mercury,venus,earth,mars,jupiter,saturn",4.450979694852152,-4.518490748753572e-16,22.21068414974649,2,0.3423808047528569,0.8919680326106604,6,1.7917594692280547,0.16666666666666666,"0,6,7,1,5,4",24.0
2021-11-16,"mercury,venus,earth,mars,jupiter,saturn",4.4134550944099855,-5.857107790992783e-16,21.995710607827085,2,0.3556927189990967,0.8855629271391704,6,1.7917594692280547,0.16666666666666666,"0,6,7,1,5,4",32.0
2021-11-17,"mercury,venus,earth,mars,jupiter,saturn",4.374876175119193,-2.1682349191324647e-16,21.78056899382077,2,0.3694202886462006,0.8787438727177195,6,1.7917594692280547,0.16666666666666666,"0,6,7,1,5,4",29.0
2021-11-18,"mercury,venus,earth,mars,jupiter,saturn",4.3354556684709635,-4.867213911279092e-16,21.566883684902457,2,0.3834687688300599,0.8715295231287848,5,1.5607104090414063,0.3333333333333333,"1,6,7,1,5,4",23.0
2021-11-19,"mercury,venus,earth,mars,jupiter,saturn",4.295398080691779,-3.4689533047338974e-16,21.35611237491989,2,0.39774237182448,0.8639421046163057,5,1.5607104090414063,0.3333333333333333,"1,6,7,1,5,4",22.0
2021-11-20,"mercury,venus,earth,mars,jupiter,saturn",4.254904465733862,-1.4888085003872497e-16,21.149570436237585,2,0.41214357509103816,0.8560084975296842,5,1.5607104090414063,0.3333333333333333,"1,6,7,1,5,4",22.0
2021-11-21,"mercury,venus,earth,mars,jupiter,saturn",4.214176781135303,-6.40463655334923e-17,20.948450511696176,2,0.42657274015333196,0.8477613145060222,5,1.5607104090414063,0.3333333333333333,"1,6,7,1,5,4",23.0
2021-11-22,"mercury,venus,earth,mars,jupiter,saturn",4.173421882549393,-4.26631340863585e-16,20.75383782889152,2,0.4409280384177976,0.8392399686912461,5,1.5607104090414063,0.3333333333333333,"1,6,7,1,5,4",23.0
2021-11-23,"mercury,venus,earth,mars,jupiter,saturn",4.132855173175657,-8.551947959914829e-16,20.566721686781698,2,0.45510568530213513,0.8304917109576331,4,1.3296613488547582,0.3333333333333333,"1,7,7,1,5,4",33.0
2021-11-24,"mercury,venus,earth,mars,jupiter,saturn",4.092703874436131,-4.2137925223426377e-16,20.38800351441546,2,0.4690004859255663,0.8215725974336414,4,1.3296613488547582,0.3333333333333333,"1,7,7,1,5,4",43.0
2021-11-25,"mercury,venus,earth,mars,jupiter,saturn",4.053209821014496,-1.1163083618463188e-15,20.21850185416277,2,0.48250669404852475,0.8125483268576554,5,1.5607104090414063,0.3333333333333333,"1,7,8,1,5,4",26.0
2021-11-26,"mercury,venus,earth,mars,jupiter,saturn",4.014631603986291,-2.414518113789389e-16,20.058954583615584,2,0.4955191808344218,0.8034948605392591,5,1.5607104090414063,0.3333333333333333,"1,7,8,1,5,4",44.0
2021-11-27,"mercury,venus,earth,mars,jupiter,saturn",3.977245789191247,-9.376460710919768e-16,19.910018664984037,2,0.507934901350725,0.7944987060941154,5,1.5607104090414063,0.3333333333333333,"1,7,8,1,5,4",41.0
2021-11-28,"mercury,venus,earth,mars,jupiter,saturn",3.9413468277603814,-1.024653234523685e-15,19.772267700269065,2,0.5196546347203044,0.7856567113182181,6,1.7917594692280547,0.16666666666666666,"2,7,8,1,5,4",48.0
2021-11-29,"mercury,venus,earth,mars,jupiter,saturn",3.9072451640727914,-2.2252117225475804e-16,19.646187575466936,2,0.5305849589376617,0.7770751813056214,6,1.7917594692280547,0.16666666666666666,"2,7,8,1,5,4",44.0
2021-11-30,"mercury,venus,earth,mars,jupiter,saturn",3.875262959710607,-6.064665792445217e-16,19.53217049728274,2,0.5406404043867177,0.7688681096140458,6,1.7917594692280547,0.16666666666666666,"2,7,8,1,5,4",59.0
2021-12-01,"mercury,venus,earth,mars,jupiter,saturn",3.8457268353455434,-5.935790963661561e-16,19.430507760047178,2,0.5497457122403588,0.7611543184942965,6,1.7917594692280547,0.16666666666666666,"2,7,8,1,5,4",43.0
2021-12-02,"mercury,venus,earth,mars,jupiter,saturn",3.8189571498027837,-4.58021604029995e-16,19.341381626426198,2,0.5578381067806303,0.7540533553250941,6,1.7917594692280547,0.16666666666666666,"2,7,8,1,5,4",38.0
2021-12-03,"mercury,venus,earth,mars,jupiter,saturn",3.7952536575054427,-2.978440273446703e-16,19.264856759551567,2,0.5648694761643156,0.7476801153824787,6,1.7917594692280547,0.16666666666666666,"2,7,8,1,5,4",29.0
2021-12-04,"mercury,venus,earth,mars,jupiter,saturn",3.774877958623403,-3.028131777288473e-16,19.200871701520747,2,0.5708083463492178,0.7421383687164674,6,1.7917594692280547,0.16666666666666666,"2,7,8,1,5,4",19.0
2021-12-05,"mercury,venus,earth,mars,jupiter,saturn",3.7580339529389457,-7.291743513710982e-16,19.14923094761648,2,0.5756415298030619,0.7375136489854595,6,1.7917594692280547,0.16666666666666666,"2,7,8,1,5,4",24.0
2021-12-06,"mercury,venus,earth,mars,jupiter,saturn",3.7448483770826795,-8.237148824013693e-16,19.109598209685405,2,0.5793753358920537,0.7338662599526026,6,1.7917594692280547,0.16666666666666666,"2,7,8,1,5,4",13.0
2021-12-07,"mercury,venus,earth,mars,jupiter,saturn",3.7353541621870545,-2.292917816885843e-16,19.081491487691654,2,0.5820362444684557,0.7312253722916957,6,1.7917594692280547,0.16666666666666666,"2,7,8,1,5,4",12.0
2021-12-08,"mercury,venus,earth,mars,jupiter,saturn",3.729479460701332,-3.392862402828561e-16,19.06428056717021,2,0.5836709681693848,0.7295852051057845,6,1.7917594692280547,0.16666666666666666,"3,7,8,1,5,4",6.0
2021-12-09,"mercury,venus,earth,mars,jupiter,saturn",3.727044539402532,-8.363778706350649e-17,19.057187524550088,2,0.5843458611848611,0.7289040411023702,6,1.7917594692280547,0.16666666666666666,"3,7,8,1,5,4",0.0
2021-12-10,"mercury,venus,earth,mars,jupiter,saturn",3.727767389489218,-5.923401823664123e-16,19.059290746407893,2,0.5841456704640086,0.7291063395293598,6,1.7917594692280547,0.16666666666666666,"3,7,8,1,5,4",0.0
2021-12-11,"mercury,venus,earth,mars,jupiter,saturn",3.731277255930806,-5.934620886369087e-16,19.069532850083384,2,0.5831716662071428,0.7300876256423685,6,1.7917594692280547,0.16666666666666666,"3,7,8,1,5,4",0.0
2021-12-12,"mercury,venus,earth,mars,jupiter,saturn",3.7371338865643127,-2.762488041234543e-16,19.086732733442815,2,0.5815392280861326,0.7317213417902826,5,1.5607104090414063,0.3333333333333333,"3,8,8,1,5,4",13.0
2021-12-13,"mercury,venus,earth,mars,jupiter,saturn",3.744849578006459,-5.965296871031748e-16,19.109601787712812,2,0.5793749978411145,0.733866593228139,5,1.5607104090414063,0.3333333333333333,"3,8,8,1,5,4",24.0
2021-12-14,"mercury,venus,earth,mars,jupiter,saturn",3.75391116564564,-6.782908409960669e-16,19.13676409137033,2,0.5768137340298258,0.7363757515260213,5,1.5607104090414063,0.3333333333333333,"3,8,8,1,5,4",46.0
2021-12-15,"mercury,venus,earth,mars,jupiter,saturn",3.7637997715690528,-3.8977493809514134e-16,19.166780182097877,2,0.5739950180135923,0.7391011210998669,5,1.5607104090414063,0.3333333333333333,"3,8,8,1,5,4",78.0
2021-12-16,"mercury,venus,earth,mars,jupiter,saturn",3.7740070407924393,-1.9055626427676398e-16,19.19817379839253,2,0.5710599603376084,0.7419002085054301,5,1.5607104090414063,0.3333333333333333,"3,8,8,1,5,4",107.0
2021-12-17,"mercury,venus,earth,mars,jupiter,saturn",3.784047452225603,-4.01580362684929e-16,19.229460814682916,2,0.5681480435789168,0.7446394497843434,4,1.3296613488547582,0.3333333333333333,"4,8,8,1,5,4",111.0
2021-12-18,"mercury,venus,earth,mars,jupiter,saturn",3.7934669132472103,-2.8828346754487755e-16,19.259179484836118,2,0.5653942129647611,0.747196485355553,4,1.3296613488547582,0.3333333333333333,"4,8,8,1,5,4",109.0
2021-12-19,"mercury,venus,earth,mars,jupiter,saturn",3.8018482013783093,-4.809349027382112e-16,19.285921076107257,2,0.562926292147517,0.7494612100342031,4,1.3296613488547582,0.3333333333333333,"4,8,8,1,5,4",118.0
2021-12-20,"mercury,venus,earth,mars,jupiter,saturn",3.8088139558193177,-3.283434265602112e-16,19.30836003025619,2,0.5608627615829732,0.7513358839026949,4,1.3296613488547582,0.3333333333333333,"4,8,8,1,5,4",121.0
2021-12-21,"mercury,venus,earth,mars,jupiter,saturn",3.814027927837768,-4.201664376683569e-16,19.3252829345997,2,0.5593108941536764,0.7527345955842161,4,1.3296613488547582,0.3333333333333333,"4,8,8,1,5,4",132.0
2021-12-22,"mercury,venus,earth,mars,jupiter,saturn",3.8171951478127606,-1.3300329241736287e-16,19.335615819217445,2,0.5583651996948362,0.7535823494177701,5,1.5607104090414063,0.3333333333333333,"4,8,9,1,5,4",150.0
2021-12-23,"mercury,venus,earth,mars,jupiter,saturn",3.8180616133471093,-5.963618610555795e-16,19.33844960646415,2,0.5581060887573404,0.7538140223217256,5,1.5607104090414063,0.3333333333333333,"4,8,9,1,5,4",145.0
2021-12-24,"mercury,venus,earth,mars,jupiter,saturn",3.816414082873817,-4.43998752362613e-16,19.333063909429388,2,0.5585986270854377,0.7533734187292346,5,1.5607104090414063,0.3333333333333333,"4,8,9,1,5,4",118.0
2021-12-25,"mercury,venus,earth,mars,jupiter,saturn",3.8120805959408894,-7.310938290809265e-16,19.318949788607416,2,0.5598912156894711,0.7522126528077987,5,1.5607104090414063,0.3333333333333333,"4,8,9,1,5,4",114.0
2021-12-26,"mercury,venus,earth,mars,jupiter,saturn",3.8049324544301935,-5.880855346047344e-16,19.295832512390028,2,0.5620139960881914,0.7502921148118401,5,1.5607104090414063,0.3333333333333333,"5,8,9,1,5,4",95.0
2021-12-27,"mercury,venus,earth,mars,jupiter,saturn",3.7948886117937946,-1.2059010867617463e-16,19.26369581031894,2,0.564976745046042,0.7475813425276362,5,1.5607104090414063,0.3333333333333333,"5,8,9,1,5,4",107.0
2021-12-28,"mercury,venus,earth,mars,jupiter,saturn",3.781923763279056,-4.213881462232285e-16,19.222809543160963,2,0.5687659872411381,0.7440612320035954,5,1.5607104090414063,0.3333333333333333,"5,8,9,1,5,4",103.0
2021-12-29,"mercury,venus,earth,mars,jupiter,saturn",3.766081955269539,-2.2021476509379622e-16,19.17376312437921,2,0.5733410188680458,0.7397282005519742,4,1.3296613488547582,0.3333333333333333,"5,9,9,1,5,4",87.0
2021-12-30,"mercury,venus,earth,mars,jupiter,saturn",3.747498290617645,-2.693496558329664e-16,19.117507388952607,2,0.5786285050754976,0.73460117746823,4,1.3296613488547582,0.3333333333333333,"5,9,9,1,5,4",69.0
2021-12-31,"mercury,venus,earth,mars,jupiter,saturn",3.7264323342579497,-3.6097719156228983e-16,19.055407872510912,2,0.5845153011096913,0.728732653465547,4,1.3296613488547582,0.3333333333333333,"5,9,9,1,5,4",60.0
2022-01-01,"mercury,venus,earth,mars,jupiter,saturn",3.7033180466620697,-4.450761951961525e-16,18.9893125495211,2,0.5908391744764858,0.7222254370171416,4,1.3296613488547582,0.3333333333333333,"5,9,9,1,5,4",48.0
2022-01-02,"mercury,venus,earth,mars,jupiter,saturn",3.678836071039485,-2.1095568581550034e-16,18.921636822688647,2,0.5973772153382273,0.7152570871328119,5,1.5607104090414063,0.3333333333333333,"6,9,9,1,5,4",27.0
2022-01-03,"mercury,venus,earth,mars,jupiter,saturn",3.6540136364935307,-4.687102015995241e-16,18.85546767343898,2,0.6038319843468096,0.7081137358628818,5,1.5607104090414063,0.3333333333333333,"6,9,9,1,5,4",10.0
2022-01-04,"mercury,venus,earth,mars,jupiter,saturn",3.6303518477220225,-7.82557115981313e-16,18.794686903853133,2,0.6098159677250397,0.7012329923706662,5,1.5607104090414063,0.3333333333333333,"6,9,9,1,5,4",10.0
2022-01-05,"mercury,venus,earth,mars,jupiter,saturn",3.60996294369342,3.031028105588609e-17,18.744109585358288,2,0.6148358353187633,0.6952494806698797,5,1.5607104090414063,0.3333333333333333,"6,9,9,1,5,4",23.0
2022-01-06,"mercury,venus,earth,mars,jupiter,saturn",3.595662280906268,-5.566323904266914e-16,18.709627105788908,2,0.6182794972628312,0.6910232451576651,5,1.5607104090414063,0.3333333333333333,"6,9,9,1,5,4",34.0
2022-01-07,"mercury,venus,earth,mars,jupiter,saturn",3.5909031975919916,-3.7398343679164707e-16,18.698333177848887,2,0.6194111501802539,0.6896115098511589,5,1.5607104090414063,0.3333333333333333,"6,9,9,1,5,4",44.0
2022-01-08,"mercury,venus,earth,mars,jupiter,saturn",3.59941403124923,-4.283602574486634e-16,18.718594361716907,2,0.6173823011835213,0.6921343086984607,5,1.5607104090414063,0.3333333333333333,"6,9,9,1,5,4",44.0
2022-01-09,"mercury,venus,earth,mars,jupiter,saturn",3.62450110659435,-1.5244932889324483e-16,18.78000326427514,2,0.6112695392425518,0.6995210856376134,5,1.5607104090414063,0.3333333333333333,"7,9,9,1,5,4",54.0
2022-01-10,"mercury,venus,earth,mars,jupiter,saturn",3.668253016581902,-1.172969536959019e-16,18.893124188341638,2,0.6001510189556685,0.7122210207015711,5,1.5607104090414063,0.3333333333333333,"7,9,9,1,5,4",54.0
2022-01-11,"mercury,venus,earth,mars,jupiter,saturn",3.7310658696312036,-2.5438949997742494e-16,19.06891461147925,2,0.5832304186518751,0.7300285730550531,5,1.5607104090414063,0.3333333333333333,"7,9,9,1,5,4",51.0
2022-01-12,"mercury,venus,earth,mars,jupiter,saturn",3.8116951286804723,-3.0815803910119025e-16,19.31769796384722,2,0.5600059859519928,0.7521092720880761,5,1.5607104090414063,0.3333333333333333,"7,9,9,1,5,4",76.0
2022-01-13,"mercury,venus,earth,mars,jupiter,saturn",3.907634975782379,-1.4226324134937436e-16,19.647602498526958,2,0.5304611998869717,0.7771742687232484,5,1.5607104090414063,0.3333333333333333,"7,9,9,1,5,4",85.0
2022-01-14,"mercury,venus,earth,mars,jupiter,saturn",4.015505754757127,-2.7887336888500587e-16,20.062503875889686,2,0.4952264926407728,0.8037025969557632,5,1.5607104090414063,0.3333333333333333,"8,9,9,2,5,4",98.0
2022-01-15,"mercury,venus,earth,mars,jupiter,saturn",4.131312837016907,-1.1263043139572115e-15,20.559737470398478,2,0.45564213860436154,0.8301538763262176,6,1.7917594692280547,0.16666666666666666,"8,10,9,2,5,4",95.0
2022-01-16,"mercury,venus,earth,mars,jupiter,saturn",4.250628911614434,-4.856225255360554e-16,21.12814534913181,2,0.4136614174954504,0.8551553317004675,6,1.7917594692280547,0.16666666666666666,"8,10,9,2,5,4",102.0
2022-01-17,"mercury,venus,earth,mars,jupiter,saturn",4.368805591515812,-2.7023606092936596e-16,21.747257494729908,2,0.37158285285019654,0.8776491610992844,6,1.7917594692280547,0.16666666666666666,"8,10,9,2,5,4",80.0
2022-01-18,"mercury,venus,earth,mars,jupiter,saturn",4.48127644538387,-4.244533027768321e-16,22.38835981529814,2,0.33167536828821664,0.896976765856256,5,1.5607104090414063,0.3333333333333333,"9,10,9,2,5,4",66.0
2022-01-19,"mercury,venus,earth,mars,jupiter,saturn",4.583936636301649,-1.1805369417764175e-15,23.017710535637164,2,0.29581653374508643,0.9128829321706831,5,1.5607104090414063,0.3333333333333333,"9,10,10,2,5,4",58.0
2022-01-20,"mercury,venus,earth,mars,jupiter,saturn",4.673519079343418,-5.278750476896108e-16,23.60133221785288,2,0.26526018131796997,0.9254469359346186,5,1.5607104090414063,0.3333333333333333,"9,10,10,2,5,4",57.0
2022-01-21,"mercury,venus,earth,mars,jupiter,saturn",4.7478639056140555,-8.034027981131245e-16,24.110056465096836,2,0.24058552178293224,0.9349713344249613,5,1.5607104090414063,0.3333333333333333,"9,10,10,2,5,4",23.0
2022-01-22,"mercury,venus,earth,mars,jupiter,saturn",4.8060075242145155,-5.407470867225903e-16,24.52332635503889,2,0.22179959737356802,0.9418668572283863,5,1.5607104090414063,0.3333333333333333,"9,10,10,2,5,4",24.0
2022-01-23,"mercury,venus,earth,mars,jupiter,saturn",4.848081261597008,-7.595145259533644e-16,24.830808698931975,2,0.2085173461692463,0.9465616768276656,4,1.2424533248940002,0.5,"10,10,10,2,5,4",20.0
2022-01-24,"mercury,venus,earth,mars,jupiter,saturn",4.875070648425405,-7.843803473267763e-16,25.031779873172933,2,0.2001443498600009,0.949445622626689,4,1.2424533248940002,0.5,"10,10,10,2,5,4",33.0
2022-01-25,"mercury,venus,earth,mars,jupiter,saturn",4.88851573428547,-2.4746724736784323e-16,25.132983357287575,2,0.19601792398359413,0.9508455778858917,4,1.2424533248940002,0.5,"10,10,10,2,5,4",52.0
2022-01-26,"mercury,venus,earth,mars,jupiter,saturn",4.890225715889722,-3.3452936731395204e-16,25.145906514021622,2,0.19549528510867226,0.9510218905416782,4,1.2424533248940002,0.5,"10,10,10,2,5,4",69.0
2022-01-27,"mercury,venus,earth,mars,jupiter,saturn",4.882052898927232,-3.7844404404291693e-16,25.084246228720797,2,0.1979976637168447,0.9501756716386394,4,1.2424533248940002,0.5,"10,10,10,2,5,4",81.0
2022-01-28,"mercury,venus,earth,mars,jupiter,saturn",4.865740613536293,-1.8558731097372663e-16,24.961976073997565,2,0.2030254337066112,0.9484598353925514,5,1.5607104090414063,0.3333333333333333,"11,10,10,2,5,4",72.0
2022-01-29,"mercury,venus,earth,mars,jupiter,saturn",4.842838557806989,-2.4219271610779313e-16,24.792107900280286,2,0.21015740055865914,0.9459899654888533,5,1.5607104090414063,0.3333333333333333,"11,10,10,2,5,4",66.0
2022-01-30,"mercury,venus,earth,mars,jupiter,saturn",4.81466933090715,-5.987636505170862e-16,24.58604956107001,2,0.2190429749276742,0.9428534140223641,5,1.5607104090414063,0.3333333333333333,"11,10,10,2,5,4",83.0
2022-01-31,"mercury,venus,earth,mars,jupiter,saturn",4.7823286002810494,-7.602130430388646e-16,24.35339047875961,2,0.22939206363218154,0.9391163362248593,5,1.5607104090414063,0.3333333333333333,"11,10,10,2,5,4",75.0
2022-02-01,"mercury,venus,earth,mars,jupiter,saturn",4.746704325334762,-6.262900743257574e-16,24.10195200028634,2,0.24096496606447124,0.9348289280421794,5,1.5607104090414063,0.3333333333333333,"11,10,10,2,5,4",77.0
2022-02-02,"mercury,venus,earth,mars,jupiter,saturn",4.708504680722066,-8.91900719971839e-16,23.837976488098416,2,0.2535631783585438,0.9300292891659837,5,1.5607104090414063,0.3333333333333333,"11,11,10,2,5,4",72.0
2022-02-03,"mercury,venus,earth,mars,jupiter,saturn",4.668288164563457,-2.3988431639774505e-16,23.566370800045007,2,0.2670213520412918,0.9247463078770545,5,1.5607104090414063,0.3333333333333333,"11,11,10,2,5,4",80.0
2022-02-04,"mercury,venus,earth,mars,jupiter,saturn",4.626492268067899,-1.2196176241029132e-16,23.290954196169317,2,0.2812003833930754,0.9190018805675406,6,1.7917594692280547,0.16666666666666666,"0,11,10,2,5,4",100.0
2022-02-05,"mercury,venus,earth,mars,jupiter,saturn",4.583459010514366,-2.3285820448709953e-16,23.014684875958267,2,0.29598151733738176,0.91281269390792,6,1.7917594692280547,0.16666666666666666,"0,11,10,2,5,4",91.0
2022-02-06,"mercury,venus,earth,mars,jupiter,saturn",4.539456809578112,-8.388752124625619e-16,22.739854537112837,2,0.311261330715198,0.9061917301359049,6,1.7917594692280547,0.16666666666666666,"0,11,10,2,5,4",78.0
2022-02-07,"mercury,venus,earth,mars,jupiter,saturn",4.494698796201967,-1.1090856799290834e-15,22.46824898273522,2,0.3269474677599008,0.8991496081471696,6,1.7917594692280547,0.16666666666666666,"0,11,10,2,5,4",76.0
2022-02-08,"mercury,venus,earth,mars,jupiter,saturn",4.449357990172196,-4.3976834583593943e-16,22.20127716735197,2,0.3429550170236163,0.8916958414366032,6,1.7917594692280547,0.16666666666666666,"0,11,10,2,5,4",75.0
2022-02-09,"mercury,venus,earth,mars,jupiter,saturn",4.403579865953799,-2.740975409207008e-16,21.940072880221773,2,0.35920343740042043,0.8838400739003227,6,1.7917594692280547,0.16666666666666666,"0,11,10,2,5,4",68.0
2022-02-10,"mercury,venus,earth,mars,jupiter,saturn",4.357492848134351,-7.090328997897767e-16,21.68557366547182,2,0.375613959221386,0.8755933421200961,6,1.7917594692280547,0.16666666666666666,"0,11,10,2,5,4",72.0
2022-02-11,"mercury,venus,earth,mars,jupiter,saturn",4.311217236197706,-2.5874920349666325e-16,21.438581281003906,2,0.3921074040977431,0.8669694050210878,6,1.7917594692280547,0.16666666666666666,"0,11,10,2,5,4",75.0
2022-02-12,"mercury,venus,earth,mars,jupiter,saturn",4.2648729994885946,-1.0296383340466318e-15,21.19980740967055,2,0.4086023840686943,0.8579861764909074,6,1.7917594692280547,0.16666666666666666,"0,11,10,2,5,4",54.0
2022-02-13,"mercury,venus,earth,mars,jupiter,saturn",4.218586820011446,-8.936839254483433e-19,20.96990767581122,2,0.4250138565051435,0.8486672918690293,6,1.7917594692280547,0.16666666666666666,"0,11,10,2,5,4",46.0
2022-02-14,"mercury,venus,earth,mars,jupiter,saturn",4.172498698276854,-8.485326438786604e-16,20.749506394921838,2,0.4412520258970662,0.8390438334177841,6,1.7917594692280547,0.16666666666666666,"1,11,10,2,5,4",63.0
2022-02-15,"mercury,venus,earth,mars,jupiter,saturn",4.1267683742963825,-9.203730596850073e-16,20.53921393862902,2,0.45722159677703855,0.8291562309044027,6,1.7917594692280547,0.16666666666666666,"1,11,10,2,5,4",81.0
2022-02-16,"mercury,venus,earth,mars,jupiter,saturn",4.081581745217106,-1.0120035504157581e-15,20.339638143173758,2,0.4728213931502378,0.8190563384472299,6,1.7917594692280547,0.16666666666666666,"1,11,10,2,5,4",87.0
2022-02-17,"mercury,venus,earth,mars,jupiter,saturn",4.037157370806466,-8.989393739356135e-16,20.151390823636365,2,0.4879443683195013,0.8088096637746541,5,1.5607104090414063,0.3333333333333333,"1,11,11,2,5,4",80.0
2022-02-18,"mercury,venus,earth,mars,jupiter,saturn",3.9937530297607515,-4.838299565621726e-16,19.975090168317344,2,0.5024780341826676,0.7984976852831288,5,1.5607104090414063,0.3333333333333333,"1,11,11,2,5,4",49.0
2022-02-19,"mercury,venus,earth,mars,jupiter,saturn",3.951672098692564,-6.928091322513736e-16,19.81135956685982,2,0.5163053400959148,0.7882201280979753,5,1.5607104090414063,0.3333333333333333,"1,11,11,2,5,4",42.0
2022-02-20,"mercury,venus,earth,mars,jupiter,saturn",3.911269241675881,-5.649807757129628e-16,19.660823261649067,2,0.529306027349503,0.7780969737274718,5,1.5607104090414063,0.3333333333333333,"1,11,11,2,5,4",48.0
2022-02-21,"mercury,venus,earth,mars,jupiter,saturn",3.8729544937740505,-6.951199546129399e-16,19.524099096400615,2,0.5413584753580125,0.7682698411221397,5,1.5607104090414063,0.3333333333333333,"1,11,11,2,5,4",48.0
2022-02-22,"mercury,venus,earth,mars,jupiter,saturn",3.837194291161218,-8.471801343390255e-16,19.401788562305867,2,0.5523420392074702,0.7589022002191284,6,1.7917594692280547,0.16666666666666666,"1,0,11,2,5,4",38.0
2022-02-23,"mercury,venus,earth,mars,jupiter,saturn",3.8045073977529196,-5.320110132459607e-16,19.29446430607836,2,0.5621398550216508,0.7501776836062166,6,1.7917594692280547,0.16666666666666666,"1,0,11,2,5,4",36.0
2022-02-24,"mercury,venus,earth,mars,jupiter,saturn",3.7754531779904257,-6.526383322932027e-16,19.202655262510905,2,0.570642060140266,0.7422956098694328,5,1.5607104090414063,0.3333333333333333,"2,0,11,2,5,4",32.0
2022-02-25,"mercury,venus,earth,mars,jupiter,saturn",3.7506096203385764,-1.0171289231051121e-15,19.126829604289643,2,0.5777493406238626,0.7354628453960508,5,1.5607104090414063,0.3333333333333333,"2,0,11,2,5,4",23.0
2022-02-26,"mercury,venus,earth,mars,jupiter,saturn",3.73053944505723,-8.02185947354501e-16,19.067375761569053,2,0.5833766814017138,0.7298814857982682,5,1.5607104090414063,0.3333333333333333,"2,0,11,2,5,4",25.0
2022-02-27,"mercury,venus,earth,mars,jupiter,saturn",3.715745014119125,-2.9774908208389015e-16,19.02458185047277,2,0.5874571577941851,0.7257326924958423,5,1.5607104090414063,0.3333333333333333,"2,0,11,2,5,4",32.0
2022-02-28,"mercury,venus,earth,mars,jupiter,saturn",3.706616571904198,-9.340927094994822e-16,18.99861395937927,2,0.5899455754142682,0.7231583546299772,5,1.5607104090414063,0.3333333333333333,"2,0,11,2,5,4",56.0
2022-03-01,"mercury,venus,earth,mars,jupiter,saturn",3.7033824951410286,-1.2804956489768216e-15,18.989493868941622,2,0.5908217433810408,0.7222436785294583,5,1.5607104090414063,0.3333333333333333,"2,0,11,2,5,4",72.0
2022-03-02,"mercury,venus,earth,mars,jupiter,saturn",3.7060725594249804,-9.956102255715122e-16,18.997076918345876,2,0.5900931581244856,0.7230045903777266,5,1.5607104090414063,0.3333333333333333,"2,0,11,2,5,4",78.0
2022-03-03,"mercury,venus,earth,mars,jupiter,saturn",3.714503626934821,-2.0650833287929643e-16,19.021030865806047,2,0.5877968857885117,0.7253832503534633,5,1.5607104090414063,0.3333333333333333,"2,0,11,2,5,4",88.0
2022-03-04,"mercury,venus,earth,mars,jupiter,saturn",3.7282913951894456,-2.6407918575468084e-16,19.060816712613978,2,0.5840004626670142,0.7292529452971909,5,1.5607104090414063,0.3333333333333333,"2,0,11,2,5,4",87.0
2022-03-05,"mercury,venus,earth,mars,jupiter,saturn",3.746884379262226,-5.72252060782407e-16,19.11567255197185,2,0.5788016851648723,0.7344310022778189,5,1.5607104090414063,0.3333333333333333,"2,0,11,2,5,4",85.0
2022-03-06,"mercury,venus,earth,mars,jupiter,saturn",3.7696107944753807,-3.9935267861721675e-16,19.184601549946052,2,0.572327230533875,0.7406964124238102,5,1.5607104090414063,0.3333333333333333,"3,0,11,3,5,4",79.0
2022-03-07,"mercury,venus,earth,mars,jupiter,saturn",3.7957277016079,-1.4407450946477734e-16,19.266365150212383,2,0.5647301312955966,0.7478083526614137,5,1.5607104090414063,0.3333333333333333,"3,0,11,3,5,4",89.0
2022-03-08,"mercury,venus,earth,mars,jupiter,saturn",3.8244642209518576,-2.4738736674484347e-16,19.359482503259503,2,0.556186211696873,0.755522601127291,5,1.5607104090414063,0.3333333333333333,"3,0,11,3,5,4",91.0
2022-03-09,"mercury,venus,earth,mars,jupiter,saturn",3.855054660719493,-4.274591670285675e-16,19.462236945636256,2,0.5468896743341957,0.7636042289818724,5,1.5607104090414063,0.3333333333333333,"3,0,11,3,5,4",89.0
2022-03-10,"mercury,venus,earth,mars,jupiter,saturn",3.8867609864166646,-2.274660083498028e-16,19.572690094061308,2,0.5370480899429938,0.7718362112172992,5,1.5607104090414063,0.3333333333333333,"3,0,11,3,5,4",94.0
2022-03-11,"mercury,venus,earth,mars,jupiter,saturn",3.918886222621267,4.784993395913797e-17,19.688703780246367,2,0.5268770856093685,0.7800243935438298,5,1.5607104090414063,0.3333333333333333,"3,0,11,3,5,4",91.0
2022-03-12,"mercury,venus,earth,mars,jupiter,saturn",3.9507811663901413,-4.84967016888839e-16,19.807969652724395,2,0.5165950415414017,0.7879995829131444,5,1.5607104090414063,0.3333333333333333,"3,0,11,3,5,4",91.0
2022-03-13,"mercury,venus,earth,mars,jupiter,saturn",3.981846688466218,-3.626500531113434e-16,19.928045839304154,2,0.5064180928885837,0.7956175521825782,5,1.5607104090414063,0.3333333333333333,"3,0,11,3,5,4",85.0
2022-03-14,"mercury,venus,earth,mars,jupiter,saturn",4.011533398738629,-3.114846051243767e-16,20.046399633527447,2,0.4965556934976991,0.8027576274734682,5,1.5607104090414063,0.3333333333333333,"3,1,11,3,5,4",84.0
2022-03-15,"mercury,venus,earth,mars,jupiter,saturn",4.039339882072013,-4.3186912453386097e-16,20.160454780930927,2,0.48720693865645576,0.8093203680271405,5,1.5607104090414063,0.3333333333333333,"4,1,11,3,5,4",75.0
2022-03-16,"mercury,venus,earth,mars,jupiter,saturn",4.0648102263822,-1.0041733110549655e-15,20.26764163641621,2,0.478557771550558,0.8152247051188193,5,1.5607104090414063,0.3333333333333333,"4,1,11,3,5,4",62.0
2022-03-17,"mercury,venus,earth,mars,jupiter,saturn",4.087531212909822,-3.117223983468499e-16,20.36544827810623,2,0.4707791217616174,0.8204047948443046,5,1.5607104090414063,0.3333333333333333,"4,1,11,3,5,4",50.0
2022-03-18,"mercury,venus,earth,mars,jupiter,saturn",4.107129310772752,-3.6977229676848783e-16,20.4514706215443,2,0.4640259514016764,0.8248067577907466,5,1.5607104090414063,0.3333333333333333,"4,1,11,3,5,4",35.0
2022-03-19,"mercury,venus,earth,mars,jupiter,saturn",4.1232674867622725,-5.003430912136986e-16,20.52345969363445,2,0.45843712139739456,0.8283854194750603,5,1.5607104090414063,0.3333333333333333,"4,1,11,3,5,4",36.0
2022-03-20,"mercury,venus,earth,mars,jupiter,saturn",4.135641778079684,-2.3201100041836613e-16,20.57936449623997,2,0.45413594055694406,0.8311011216951357,5,1.5607104090414063,0.3333333333333333,"4,1,11,3,5,4",52.0
2022-03-21,"mercury,venus,earth,mars,jupiter,saturn",4.143977556337704,-8.651595857522153e-16,20.61736929880876,2,0.45123122426978424,0.8329166412333125,5,1.5607104090414063,0.3333333333333333,"4,1,0,3,5,4",51.0
2022-03-22,"mercury,venus,earth,mars,jupiter,saturn",4.14802541800217,-1.7298228444776784e-16,20.635924720758123,2,0.44981866638455326,0.8337942254210725,5,1.5607104090414063,0.3333333333333333,"4,1,0,3,5,4",47.0
2022-03-23,"mercury,venus,earth,mars,jupiter,saturn",4.147556657501665,-6.742387644171414e-16,20.63377256435279,2,0.44998231324485927,0.8336927323171724,5,1.5607104090414063,0.3333333333333333,"4,1,0,3,5,4",49.0
2022-03-24,"mercury,venus,earth,mars,jupiter,saturn",4.142358307057337,-2.6388754037751755e-16,20.60996500340581,2,0.4517959176786736,0.8325648462387668,5,1.5607104090414063,0.3333333333333333,"5,1,0,3,5,4",51.0
2022-03-25,"mercury,venus,earth,mars,jupiter,saturn",4.132227758160809,-4.312642914520147e-16,20.5638793926997,2,0.4553239364389425,0.8303543275680046,5,1.5607104090414063,0.3333333333333333,"5,1,0,3,5,4",51.0
2022-03-26,"mercury,venus,earth,mars,jupiter,saturn",4.116967012980821,-2.667372360292125e-16,20.495230616174602,2,0.4606219099511736,0.8269932504490062,5,1.5607104090414063,0.3333333333333333,"5,1,0,3,5,4",61.0
2022-03-27,"mercury,venus,earth,mars,jupiter,saturn",4.096376652146792,-1.6713277909155768e-16,20.404083526745207,2,0.46773592062507474,0.8223991856462517,5,1.5607104090414063,0.3333333333333333,"5,1,0,3,5,4",96.0
2022-03-28,"mercury,venus,earth,mars,jupiter,saturn",4.070249653663472,-5.698511398232362e-16,20.29086864233356,2,0.4767007578989285,0.8164723026486622,5,1.5607104090414063,0.3333333333333333,"5,1,0,3,5,4",137.0
2022-03-29,"mercury,venus,earth,mars,jupiter,saturn",4.038365264809288,-1.7271927650098653e-16,20.156404846324925,2,0.4875363181070137,0.8090924019613381,5,1.5607104090414063,0.3333333333333333,"5,1,0,3,5,4",142.0
2022-03-30,"mercury,venus,earth,mars,jupiter,saturn",4.000483227339958,-6.878433891138484e-16,20.001933376377153,2,0.5002416318838013,0.8001159563469672,5,1.5607104090414063,0.3333333333333333,"5,1,0,3,5,4",115.0
2022-03-31,"mercury,venus,earth,mars,jupiter,saturn",3.9563388033680527,-9.586817506991439e-16,19.829167813654877,2,0.5147857456632473,0.7893733551569905,6,1.7917594692280547,0.16666666666666666,"6,1,0,3,5,4",124.0
2022-04-01,"mercury,venus,earth,mars,jupiter,saturn",3.905639267286341,-7.439935900281859e-16,19.640364964901874,2,0.5310945084324322,0.7766667326920111,6,1.7917594692280547,0.16666666666666666,"6,1,0,3,5,4",130.0
2022-04-02,"mercury,venus,earth,mars,jupiter,saturn",3.8480628451968726,-5.577882085493528e-16,19.438421178806827,2,0.5490321856025583,0.7617690513223858,6,1.7917594692280547,0.16666666666666666,"6,2,0,3,5,4",121.0
2022-04-03,"mercury,venus,earth,mars,jupiter,saturn",3.7832615268157417,-4.755439231422607e-16,19.22699723877945,2,0.568376855808334,0.7444255388675962,6,1.7917594692280547,0.16666666666666666,"6,2,0,3,5,4",118.0
2022-04-04,"mercury,venus,earth,mars,jupiter,saturn",3.7108697703489146,-3.379499370810672e-16,19.010671660791843,2,0.5887889634879796,0.7243591756355561,6,1.7917594692280547,0.16666666666666666,"6,2,0,3,5,4",82.0
2022-04-05,"mercury,venus,earth,mars,jupiter,saturn",3.6305218759507563,-2.9622649336351823e-16,18.795115672104917,2,0.6097735694262898,0.7012826801230777,6,1.7917594692280547,0.16666666666666666,"6,2,0,3,5,4",86.0
2022-04-06,"mercury,venus,earth,mars,jupiter,saturn",3.5418817003977914,-5.275273662575687e-16,18.587271554451995,2,0.6306393015696505,0.6749202508212137,6,1.7917594692280547,0.16666666666666666,"6,2,0,3,5,4",74.0
2022-04-07,"mercury,venus,earth,mars,jupiter,saturn",3.444689454336254,-3.7353423850601154e-16,18.39549742159575,2,0.65046137431934,0.6450429235409103,6,1.7917594692280547,0.16666666666666666,"7,2,0,3,5,4",57.0
2022-04-08,"mercury,venus,earth,mars,jupiter,saturn",3.3388323339521504,-2.5527601347301383e-16,18.22961470106293,2,0.6680626329176623,0.6115215015265442,6,1.7917594692280547,0.16666666666666666,"7,2,0,3,5,4",53.0
2022-04-09,"mercury,venus,earth,mars,jupiter,saturn",3.2244565906980536,-5.758344855703827e-16,18.100761522215578,2,0.682034530368559,0.574402369344264,6,1.7917594692280547,0.16666666666666666,"7,2,0,3,5,4",38.0
2022-04-10,"mercury,venus,earth,mars,jupiter,saturn",3.102285866490005,-3.045719588975934e-16,18.020924796967222,2,0.6908258024057915,0.53405569946351,6,1.7917594692280547,0.16666666666666666,"7,2,0,3,5,4",21.0
2022-04-11,"mercury,venus,earth,mars,jupiter,saturn",3.0317540278935424,-3.352918301718853e-16,18.00201663657493,2,0.6929231432972556,0.5105834902393193,6,1.7917594692280547,0.16666666666666666,"7,2,0,3,5,4",11.0
2022-04-12,"mercury,venus,earth,mars,jupiter,saturn",3.1649403530960147,-6.859768987104332e-16,18.054410640158864,2,0.6871258431801157,0.5548144239266836,6,1.7917594692280547,0.16666666666666666,"8,2,0,3,5,4",14.0
2022-04-13,"mercury,venus,earth,mars,jupiter,saturn",3.30413564807364,-4.922222541491044e-16,18.184996984858344,2,0.6728706303250047,0.600347219741706,6,1.7917594692280547,0.16666666666666666,"8,2,0,3,5,4",33.0
2022-04-14,"mercury,venus,earth,mars,jupiter,saturn",3.4444433663468,-4.2999914313056373e-16,18.395059811779355,2,0.6505072458420533,0.6449661064093519,6,1.7917594692280547,0.16666666666666666,"8,2,0,3,5,4",41.0
2022-04-15,"mercury,venus,earth,mars,jupiter,saturn",3.582476655496545,-2.457585585217637e-16,18.678558108396885,2,0.6213971018781544,0.6871054453292176,6,1.7917594692280547,0.16666666666666666,"8,2,0,3,5,4",46.0
2022-04-16,"mercury,venus,earth,mars,jupiter,saturn",3.7146807675897007,-2.1821450613339063e-16,19.02153719912521,2,0.5877484334643066,0.7254331267052071,6,1.7917594692280547,0.16666666666666666,"9,2,0,3,5,4",64.0
2022-04-17,"mercury,venus,earth,mars,jupiter,saturn",3.8376217136293764,-3.9111256687900366e-16,19.403220270286827,2,0.5522123537880892,0.7590152671447236,6,1.7917594692280547,0.16666666666666666,"9,2,0,3,5,4",86.0
2022-04-18,"mercury,venus,earth,mars,jupiter,saturn",3.9483616811624476,-4.434674436485388e-16,19.79877975659453,2,0.51738111238304,0.7874000396453431,6,1.7917594692280547,0.16666666666666666,"9,2,0,3,5,4",100.0
2022-04-19,"mercury,venus,earth,mars,jupiter,saturn",4.044771887934822,-1.6043846548855313e-16,20.18309659563779,2,0.48536896639916116,0.8105881844198168,6,1.7917594692280547,0.16666666666666666,"9,2,0,3,5,4",95.0
2022-04-20,"mercury,venus,earth,mars,jupiter,saturn",4.125697740602942,-5.126453750411235e-16,20.534390806397138,2,0.45759344070766667,0.8289207119557451,5,1.5607104090414063,0.3333333333333333,"9,3,0,3,5,4",99.0
2022-04-21,"mercury,venus,earth,mars,jupiter,saturn",4.190949289712285,-6.312477216504346e-16,20.836720421332387,2,0.43476633608961546,0.8429376405587337,5,1.5607104090414063,0.3333333333333333,"10,3,0,4,5,4",113.0
2022-04-22,"mercury,venus,earth,mars,jupiter,saturn",4.241148052909239,-5.549704003977012e-16,21.080896978480787,2,0.41702483151376546,0.8532529154265663,5,1.5607104090414063,0.3333333333333333,"10,3,0,4,5,4",111.0
2022-04-23,"mercury,venus,earth,mars,jupiter,saturn",4.277495193601323,-1.884526887312517e-16,21.26398793934897,2,0.40411439144675115,0.860467245536004,5,1.5607104090414063,0.3333333333333333,"10,3,1,4,5,4",126.0
2022-04-24,"mercury,venus,earth,mars,jupiter,saturn",4.301527864112883,-1.1637901804319628e-15,21.387949562124483,2,0.3955592875269749,0.8651199551408333,5,1.5607104090414063,0.3333333333333333,"10,3,1,4,5,4",129.0
2022-04-25,"mercury,venus,earth,mars,jupiter,saturn",4.314910493641747,-2.9588138124828165e-16,21.457979212578373,2,0.39079138188373225,0.8676703609268941,5,1.5607104090414063,0.3333333333333333,"10,3,1,4,5,4",119.0
2022-04-26,"mercury,venus,earth,mars,jupiter,saturn",4.319282078529218,-4.069646560392525e-16,21.481010405456747,2,0.38923349060402723,0.8684972132020622,5,1.5607104090414063,0.3333333333333333,"11,3,1,4,5,4",132.0
2022-04-27,"mercury,venus,earth,mars,jupiter,saturn",4.316160395737805,-7.307481189594822e-16,21.464556374617388,2,0.3903459736848877,0.8679070853644698,5,1.5607104090414063,0.3333333333333333,"11,3,1,4,5,4",133.0
2022-04-28,"mercury,venus,earth,mars,jupiter,saturn",4.3068930766166895,-3.1821324513456133e-16,21.41593902741727,2,0.3936480506648602,0.8661459088794293,5,1.5607104090414063,0.3333333333333333,"11,3,1,4,5,4",134.0
2022-04-29,"mercury,venus,earth,mars,jupiter,saturn",4.2926421070760465,-5.687554806058923e-16,21.341847233972,2,0.3987236928729344,0.8634105594247952,5,1.5607104090414063,0.3333333333333333,"11,3,1,4,5,4",105.0
2022-04-30,"mercury,venus,earth,mars,jupiter,saturn",4.274389409063161,-8.959886751349986e-16,21.24813673186471,2,0.4052190836482963,0.8598591514573679,5,1.5607104090414063,0.3333333333333333,"11,3,1,4,5,4",50.0
2022-05-01,"mercury,venus,earth,mars,jupiter,saturn",4.252954023350721,-4.2848249355176897e-16,21.139787569261514,2,0.41283606915464754,0.8556196634177886,5,1.5607104090414063,0.3333333333333333,"11,3,1,4,5,4",36.0
2022-05-02,"mercury,venus,earth,mars,jupiter,saturn",4.229014444713436,-5.057186810208561e-16,21.02095301062856,2,0.42132416455209126,0.8507969721711545,5,1.5607104090414063,0.3333333333333333,"11,3,1,4,5,4",32.0
2022-05-03,"mercury,venus,earth,mars,jupiter,saturn",4.203132151225459,-3.0361792768633533e-16,20.8950539466248,2,0.43047248492959334,0.8454785484542294,5,1.5607104090414063,0.3333333333333333,"0,3,1,4,5,4",76.0
2022-05-04,"mercury,venus,earth,mars,jupiter,saturn",4.175774155050363,-5.174195500350302e-16,20.764889727368793,2,0.44010225936346714,0.8397390991681468,5,1.5607104090414063,0.3333333333333333,"0,3,1,4,5,4",77.0
2022-05-05,"mercury,venus,earth,mars,jupiter,saturn",4.1473335652723105,-4.33050556051842e-16,20.63274862000094,2,0.4500601898998013,0.8336444173492552,5,1.5607104090414063,0.3333333333333333,"0,3,1,4,5,4",78.0
2022-05-06,"mercury,venus,earth,mars,jupiter,saturn",4.1181478499081905,-2.767520824851692e-16,20.500509228508626,2,0.4602127106693574,0.8272546561974938,5,1.5607104090414063,0.3333333333333333,"0,3,1,4,5,4",76.0
2022-05-07,"mercury,venus,earth,mars,jupiter,saturn",4.088514862728942,-3.7233844150166234e-16,20.369729212763612,2,0.4704411047843926,0.8206271967661352,4,1.242453324894,0.5,"0,4,1,4,5,4",64.0
2022-05-08,"mercury,venus,earth,mars,jupiter,saturn",4.05870687486844,-3.333343504432499e-16,20.241720493787398,2,0.4806373989917281,0.8138192354330884,4,1.242453324894,0.5,"0,4,1,4,5,4",80.0
2022-05-09,"mercury,venus,earth,mars,jupiter,saturn",4.028982898605271,-6.78550412403915e-16,20.117611611244214,2,0.4907009497322062,0.8068901771709763,4,1.242453324894,0.5,"0,4,1,4,5,4",71.0
2022-05-10,"mercury,venus,earth,mars,jupiter,saturn",3.999599558227986,-6.316120414368603e-16,19.998398553619168,2,0.5005356432498544,0.7999038814676745,4,1.242453324894,0.5,"0,4,1,4,5,4",57.0
2022-05-11,"mercury,venus,earth,mars,jupiter,saturn",3.970820675737727,-8.330691557854022e-16,19.884985568879728,2,0.510047647923658,0.792930765991726,4,1.242453324894,0.5,"0,4,1,4,5,4",80.0
2022-05-12,"mercury,venus,earth,mars,jupiter,saturn",3.9429256081856945,-4.026783374377427e-16,19.77821740514473,2,0.519143674339243,0.7860497249687687,4,1.242453324894,0.5,"0,4,1,4,5,4",112.0
2022-05-13,"mercury,venus,earth,mars,jupiter,saturn",3.9162162021103066,-6.12605154119605e-16,19.67890425801886,2,0.527729715238486,0.7793497615814547,3,1.0114042647073516,0.5,"1,4,1,4,5,4",125.0
2022-05-14,"mercury,venus,earth,mars,jupiter,saturn",3.8910220220974594,-1.0297279499337679e-15,19.587840487725277,2,0.5357102519515285,0.7729311654306619,3,1.0114042647073516,0.5,"1,4,1,4,5,4",131.0
2022-05-15,"mercury,venus,earth,mars,jupiter,saturn",3.867703277181347,-6.9982169195427075e-16,19.505817954462486,2,0.542987925304042,0.7669059905738033,3,1.0114042647073516,0.5,"1,4,1,4,5,4",145.0
2022-05-16,"mercury,venus,earth,mars,jupiter,saturn",3.846650643436615,-7.220483573746982e-16,19.43363462406326,2,0.5494636765672295,0.7613975182146122,3,1.0114042647073516,0.5,"1,4,1,4,5,4",149.0
2022-05-17,"mercury,venus,earth,mars,jupiter,saturn",3.8282810291938123,-4.0854530348599277e-16,19.37209892664474,2,0.5550373670859065,0.7565383438305422,3,1.0114042647073516,0.5,"1,4,1,4,5,4",146.0
2022-05-18,"mercury,venus,earth,mars,jupiter,saturn",3.813028354834016,-5.663245340574738e-16,19.322030211528222,2,0.5596088831005682,0.7524667478313743,3,1.0114042647073516,0.5,"1,4,1,4,5,4",131.0
2022-05-19,"mercury,venus,earth,mars,jupiter,saturn",3.801328750519133,-5.935399211907063e-16,19.2842555328171,2,0.5630797243579833,0.7493211363504703,3,1.0114042647073516,0.5,"1,4,1,4,5,4",144.0
2022-05-20,"mercury,venus,earth,mars,jupiter,saturn",3.793600315462141,-8.518188509221013e-16,19.25960292140322,2,0.5653550609531413,0.7472326097378296,3,1.0114042647073516,0.5,"1,4,1,4,5,4",132.0
2022-05-21,"mercury,venus,earth,mars,jupiter,saturn",3.7902187199273927,-4.489323447789146e-16,19.248891250647375,2,0.5663462223911528,0.7463161258394505,3,1.0114042647073516,0.5,"1,4,1,4,5,4",154.0
2022-05-22,"mercury,venus,earth,mars,jupiter,saturn",3.7914912459191474,-3.815976278251194e-16,19.2529167847333,2,0.5659735565853563,0.7466611957353174,3,1.0114042647073516,0.5,"1,4,1,4,5,4",162.0
2022-05-23,"mercury,venus,earth,mars,jupiter,saturn",3.797632907814208,-2.61468618903309e-16,19.2724365112563,2,0.5641695656567116,0.7483234252238966,4,1.242453324894,0.5,"2,4,1,4,5,4",144.0
2022-05-24,"mercury,venus,earth,mars,jupiter,saturn",3.808748540518201,-5.695181060508688e-16,19.30814840358064,2,0.5608821921161409,0.7513183108852285,3,1.0114042647073516,0.5,"2,4,2,4,5,4",132.0
2022-05-25,"mercury,venus,earth,mars,jupiter,saturn",3.824823870318628,-6.877807220502763e-16,19.3606688340948,2,0.5560780964021901,0.7556184016327221,3,1.0114042647073516,0.5,"2,4,2,4,5,4",106.0
2022-05-26,"mercury,venus,earth,mars,jupiter,saturn",3.845726748411905,-4.1281582230472905e-16,19.430507465958755,2,0.549745738772381,0.7611542956024923,3,1.0986122886681096,0.3333333333333333,"2,5,2,4,5,4",81.0
2022-05-27,"mercury,venus,earth,mars,jupiter,saturn",3.8712175634869546,-2.988738582444612e-16,19.518040085856278,2,0.541898059716666,0.767819174360119,3,1.0986122886681096,0.3333333333333333,"2,5,2,4,5,4",59.0
2022-05-28,"mercury,venus,earth,mars,jupiter,saturn",3.900966147773369,-5.145624609489951e-16,19.62347999886716,2,0.5325745479069524,0.7754759546702362,3,1.0986122886681096,0.3333333333333333,"2,5,2,4,5,4",42.0
2022-05-29,"mercury,venus,earth,mars,jupiter,saturn",3.934571768532152,-2.96336990295559e-16,19.74684878107463,2,0.5218424970622778,0.783965845556435,3,1.0986122886681096,0.3333333333333333,"2,5,2,4,5,4",43.0
2022-05-30,"mercury,venus,earth,mars,jupiter,saturn",3.971583080515927,-3.9775219668663313e-16,19.887947364689644,2,0.5097972853505521,0.7931171516194593,3,1.0986122886681096,0.3333333333333333,"2,5,2,4,5,4",58.0
2022-05-31,"mercury,venus,earth,mars,jupiter,saturn",4.0115158425562685,-6.102573419509195e-16,20.046328599484628,2,0.49656156318683786,0.8027534456106663,3,1.0986122886681096,0.3333333333333333,"2,5,2,4,5,4",69.0
2022-06-01,"mercury,venus,earth,mars,jupiter,saturn",4.053867300750229,-1.345824030211196e-16,20.221272575181146,2,0.4822833049075599,0.812700587017567,3,1.0986122886681096,0.3333333333333333,"2,5,2,4,5,4",62.0
2022-06-02,"mercury,venus,earth,mars,jupiter,saturn",4.098127060482259,-1.9408473103694837e-16,20.41176608192681,2,0.4671327613508618,0.8227923706576005,4,1.3296613488547582,0.3333333333333333,"3,5,2,4,5,4",59.0
2022-06-03,"mercury,venus,earth,mars,jupiter,saturn",4.1437848594601805,-1.1005600615440474e-15,20.616487609460687,2,0.4512984360077103,0.8328747984022196,4,1.3296613488547582,0.3333333333333333,"3,5,2,4,5,4",56.0
2022-06-04,"mercury,venus,earth,mars,jupiter,saturn",4.19033592343528,-7.171069293033399e-16,20.83379922124104,2,0.434982287839183,0.8428090798403232,4,1.3296613488547582,0.3333333333333333,"3,5,2,4,5,4",66.0
2022-06-05,"mercury,venus,earth,mars,jupiter,saturn",4.2372846224161815,-9.51238881900188e-16,21.061746473735106,2,0.41839442971137386,0.8524735113374747,4,1.3296613488547582,0.3333333333333333,"3,5,2,4,5,4",49.0
2022-06-06,"mercury,venus,earth,mars,jupiter,saturn",4.284147047089104,-6.091949772328988e-16,21.298067277095328,2,0.4017476347267508,0.8617643883969097,4,1.3296613488547582,0.3333333333333333,"3,5,2,4,5,4",32.0
2022-06-07,"mercury,venus,earth,mars,jupiter,saturn",4.330452970970416,-6.670476379502865e-16,21.540210215928013,2,0.38525197832839453,0.8705960965933209,4,1.3296613488547582,0.3333333333333333,"3,5,2,4,5,4",7.0
2022-06-08,"mercury,venus,earth,mars,jupiter,saturn",4.375747503071333,-8.358987138245027e-16,21.785362384414015,2,0.369109930348394,0.8789005146103759,4,1.2424533248940002,0.5,"3,5,2,5,5,4",3.0
2022-06-09,"mercury,venus,earth,mars,jupiter,saturn",4.419592594345956,-5.152081484251134e-16,22.030486267843767,2,0.35351217044139105,0.8866258539425963,4,1.2424533248940002,0.5,"3,5,2,5,5,4",21.0
2022-06-10,"mercury,venus,earth,mars,jupiter,saturn",4.461568449106876,-7.751818036528395e-16,22.272364662849355,2,0.3386343382477536,0.8937350536141664,4,1.2424533248940002,0.5,"3,5,2,5,5,4",46.0
2022-06-11,"mercury,venus,earth,mars,jupiter,saturn",4.5012748114391705,-5.33086864239871e-16,22.507652118923435,2,0.3246348541703411,0.90020384272164,3,1.0114042647073518,0.5,"4,5,2,5,5,4",39.0
2022-06-12,"mercury,venus,earth,mars,jupiter,saturn",4.538332043846011,-3.839617953346946e-16,22.73293095424689,2,0.3116538668076942,0.9060185763838671,3,1.0114042647073518,0.5,"4,5,2,5,5,4",53.0
2022-06-13,"mercury,venus,earth,mars,jupiter,saturn",4.572381886784315,-1.9701056062609e-16,22.944769595774808,2,0.2998133074357318,0.9111739401577247,3,1.0114042647073518,0.5,"4,5,2,5,5,4",94.0
2022-06-14,"mercury,venus,earth,mars,jupiter,saturn",4.603087778898043,-5.209101894491487e-16,23.139780853704522,2,0.28921796746606043,0.9156706035462907,3,1.0114042647073518,0.5,"4,5,2,5,5,4",123.0
2022-06-15,"mercury,venus,earth,mars,jupiter,saturn",4.630134624236268,-1.1499556414134771e-16,23.314677786267843,2,0.27995746619390727,0.91951288519108,4,1.3296613488547582,0.3333333333333333,"4,6,2,5,5,4",148.0
2022-06-16,"mercury,venus,earth,mars,jupiter,saturn",4.653227910444382,-3.734456691502193e-16,23.466325047744597,2,0.2721089454073359,0.9227064716134437,4,1.3296613488547582,0.3333333333333333,"4,6,2,5,5,4",150.0
2022-06-17,"mercury,venus,earth,mars,jupiter,saturn",4.67209210714115,-2.5235311393379846e-16,23.591784029527467,2,0.26574031404770304,0.9252562091230643,4,1.3296613488547582,0.3333333333333333,"4,6,2,5,5,4",152.0
2022-06-18,"mercury,venus,earth,mars,jupiter,saturn",4.686468303332466,-6.157509261363666e-16,23.688350676290174,2,0.2609138674023399,0.9271639658780796,4,1.3296613488547582,0.3333333333333333,"4,6,2,5,5,4",147.0
2022-06-19,"mercury,venus,earth,mars,jupiter,saturn",4.6961110745126655,-1.0113480673482047e-15,23.753585554169018,2,0.2576901168803294,0.9284265389689715,4,1.3296613488547582,0.3333333333333333,"4,6,2,5,5,4",118.0
2022-06-20,"mercury,venus,earth,mars,jupiter,saturn",4.70078460302833,-4.505299109210108e-16,23.785336531796467,2,0.25613168256668317,0.929033560426115,4,1.242453324894,0.5,"5,6,2,5,5,4",96.0
2022-06-21,"mercury,venus,earth,mars,jupiter,saturn",4.700258109962807,-7.977586369396442e-16,23.781755280988587,2,0.2563071146356237,0.9289653366306431,4,1.242453324894,0.5,"5,6,2,5,5,4",96.0
2022-06-22,"mercury,venus,earth,mars,jupiter,saturn",4.694300696142449,-8.88969272483545e-16,23.74130969789757,2,0.2582945132140878,0.9281905381890087,4,1.242453324894,0.5,"5,6,3,5,5,4",89.0
2022-06-23,"mercury,venus,earth,mars,jupiter,saturn",4.682675739858476,-1.1323015773918686e-16,23.662795291016543,2,0.2621847994423412,0.9266636428614912,4,1.242453324894,0.5,"5,6,3,5,5,4",70.0
2022-06-24,"mercury,venus,earth,mars,jupiter,saturn",4.6651350698393195,-4.827220592751886e-16,23.545349601617588,2,0.26808444035711143,0.9243220248617391,4,1.242453324894,0.5,"5,6,3,5,5,4",61.0
2022-06-25,"mercury,venus,earth,mars,jupiter,saturn",4.641413240399178,-1.2294673843919337e-16,23.388474851515458,2,0.276117329361695,0.92108258468837,4,1.242453324894,0.5,"5,6,3,5,5,4",47.0
2022-06-26,"mercury,venus,earth,mars,jupiter,saturn",4.611222407245734,-5.152043219315249e-16,23.192075291221467,2,0.28642534846936857,0.9168378345655694,4,1.242453324894,0.5,"5,6,3,5,5,4",33.0
2022-06-27,"mercury,venus,earth,mars,jupiter,saturn",4.574248576948338,-3.3037256771940314e-16,22.95651716404773,2,0.2991668559140672,0.9114514146110386,4,1.3296613488547582,0.3333333333333333,"6,6,3,5,5,4",52.0
2022-06-28,"mercury,venus,earth,mars,jupiter,saturn",4.530150442397805,-8.636062649239374e-16,22.682720752740394,2,0.3145119124301656,0.9047531490805684,4,1.3296613488547582,0.3333333333333333,"6,6,3,5,5,4",62.0
2022-06-29,"mercury,venus,earth,mars,jupiter,saturn",4.4785627181314425,-1.562496984430563e-17,22.372295422896478,2,0.3326324378545553,0.8965340230448335,4,1.3296613488547582,0.3333333333333333,"6,6,3,5,5,4",37.0
2022-06-30,"mercury,venus,earth,mars,jupiter,saturn",4.4191070101268775,-5.974470097050475e-16,22.027729412382488,2,0.35368464906522423,0.8865419763134967,4,1.3296613488547582,0.3333333333333333,"6,6,3,5,5,4",42.0
2022-07-01,"mercury,venus,earth,mars,jupiter,saturn",4.351415057102098,-5.058374919236693e-16,21.652645313124534,2,0.3777801072696846,0.8744803568041505,4,1.3296613488547582,0.3333333333333333,"6,6,3,5,5,4",58.0
2022-07-02,"mercury,venus,earth,mars,jupiter,saturn",4.275172128147656,-2.276891240725627e-16,21.25212791280925,2,0.4049407020023108,0.8600125502855852,4,1.3296613488547582,0.3333333333333333,"6,6,3,5,5,4",64.0
2022-07-03,"mercury,venus,earth,mars,jupiter,saturn",4.190193333977502,-1.2351483222236637e-16,20.83312034448897,2,0.43503248696539115,0.8427791845763555,4,1.3296613488547582,0.3333333333333333,"6,6,3,5,5,4",56.0
2022-07-04,"mercury,venus,earth,mars,jupiter,saturn",4.096554407317813,-3.201619243414843e-16,20.404863136416235,2,0.46767468345303576,0.8224391361961579,5,1.5607104090414063,0.3333333333333333,"7,6,3,5,5,4",59.0
2022-07-05,"mercury,venus,earth,mars,jupiter,saturn",3.9948150549428143,-5.895709629584368e-16,19.97931398708175,2,0.5021255674524263,0.7987535174389,4,1.3296613488547582,0.3333333333333333,"7,7,3,5,5,4",78.0
2022-07-06,"mercury,venus,earth,mars,jupiter,saturn",3.8864059371447652,-7.971444159536872e-16,19.571430970810983,2,0.537159405873918,0.7717448525251196,4,1.3296613488547582,0.3333333333333333,"7,7,3,5,5,4",82.0
2022-07-07,"mercury,venus,earth,mars,jupiter,saturn",3.7743167288221677,-2.4011938761056996e-16,19.199132793067733,2,0.5709705106124295,0.7419849074959525,4,1.3296613488547582,0.3333333333333333,"7,7,3,5,5,4",97.0
2022-07-08,"mercury,venus,earth,mars,jupiter,saturn",3.6643370330085943,-2.454738117777059e-16,18.882687386853316,2,0.6011692150145733,0.7110940098932504,4,1.3296613488547582,0.3333333333333333,"7,7,3,5,5,4",87.0
2022-07-09,"mercury,venus,earth,mars,jupiter,saturn",3.5671290511065252,-6.685037748963405e-16,18.643270721217974,2,0.6249551541637239,0.6825202432299845,5,1.5607104090414063,0.3333333333333333,"8,7,3,5,5,4",93.0
2022-07-10,"mercury,venus,earth,mars,jupiter,saturn",3.500275092960262,-1.2178426169295233e-16,18.500550337272806,2,0.6395340933078658,0.6622465549964849,5,1.5607104090414063,0.3333333333333333,"8,7,3,5,5,4",107.0
2022-07-11,"mercury,venus,earth,mars,jupiter,saturn",3.484480080765832,-1.5515680539651899e-16,18.46944189731773,2,0.6427523972801614,0.6573886477326178,5,1.5607104090414063,0.3333333333333333,"8,7,3,5,5,4",125.0
2022-07-12,"mercury,venus,earth,mars,jupiter,saturn",3.527559409752855,-1.4928184684505008e-16,18.55663786163756,2,0.6337684614811812,0.6705781231556457,5,1.5607104090414063,0.3333333333333333,"8,7,3,5,5,4",114.0
2022-07-13,"mercury,venus,earth,mars,jupiter,saturn",3.6156028243743816,-3.4528930998205703e-16,18.757933674755442,2,0.6134601082273873,0.6969095855806965,5,1.5607104090414063,0.3333333333333333,"9,7,3,5,5,4",116.0
2022-07-14,"mercury,venus,earth,mars,jupiter,saturn",3.7271403112021004,-3.002736227170957e-16,19.057466064350173,2,0.5843193454693864,0.728930848019399,5,1.5607104090414063,0.3333333333333333,"9,7,3,5,5,4",123.0
2022-07-15,"mercury,venus,earth,mars,jupiter,saturn",3.845427205855236,-7.083399240907697e-16,19.42949432080038,2,0.5498371491788244,0.7610754120193931,5,1.5607104090414063,0.3333333333333333,"9,7,3,5,5,4",135.0
2022-07-16,"mercury,venus,earth,mars,jupiter,saturn",3.9597954517213485,-3.573602829068849e-16,19.842414618289975,2,0.513657879885673,0.7902253995347862,5,1.5607104090414063,0.3333333333333333,"9,7,3,5,5,4",151.0
2022-07-17,"mercury,venus,earth,mars,jupiter,saturn",4.063908737270513,-1.138637244339103e-16,20.263803602481072,2,0.47886521245404773,0.8150174838272464,5,1.5607104090414063,0.3333333333333333,"9,7,3,5,5,4",138.0
2022-07-18,"mercury,venus,earth,mars,jupiter,saturn",4.154334964216335,-5.550353604503099e-16,20.664978419224656,2,0.44761431012936187,0.835156884502465,5,1.5607104090414063,0.3333333333333333,"10,7,3,5,5,4",124.0
2022-07-19,"mercury,venus,earth,mars,jupiter,saturn",4.229627465061855,-2.235469705612726e-16,21.023967405668884,2,0.42110710081096436,0.850921624259263,5,1.5607104090414063,0.3333333333333333,"10,7,3,5,5,4",111.0
2022-07-20,"mercury,venus,earth,mars,jupiter,saturn",4.289683249631939,-9.23680021772731e-17,21.326565768762396,2,0.39977710212822914,0.8628385170727225,5,1.5607104090414063,0.3333333333333333,"10,7,3,5,5,4",133.0
2022-07-21,"mercury,venus,earth,mars,jupiter,saturn",4.335257441928036,-1.7904627209736345e-16,21.56582487244841,2,0.38353942744085934,0.8714926138440188,4,1.329661348854758,0.3333333333333333,"10,7,4,5,5,4",110.0
2022-07-22,"mercury,venus,earth,mars,jupiter,saturn",4.367594686381179,-2.364101710966205e-16,21.74063045243607,2,0.37201427627383177,0.8774300904584682,4,1.329661348854758,0.3333333333333333,"10,7,4,5,5,4",98.0
2022-07-23,"mercury,venus,earth,mars,jupiter,saturn",4.388162724743772,-3.7521786196878e-16,21.853991500736107,2,0.3646890623600818,0.8811192270383232,4,1.329661348854758,0.3333333333333333,"11,7,4,5,5,4",97.0
2022-07-24,"mercury,venus,earth,mars,jupiter,saturn",4.398473733284,-4.2218548836101475e-16,21.911457565370576,2,0.36101968002203144,0.882943141718016,4,1.329661348854758,0.3333333333333333,"11,8,4,5,5,4",80.0
2022-07-25,"mercury,venus,earth,mars,jupiter,saturn",4.399975468025957,4.067784592175345e-18,21.919862622148997,2,0.36048545116087505,0.8832073655273771,4,1.329661348854758,0.3333333333333333,"11,8,4,5,5,4",86.0
2022-07-26,"mercury,venus,earth,mars,jupiter,saturn",4.393993447192578,-7.568892227219509e-17,21.886435461631695,2,0.3626138050705709,0.8821527127072848,4,1.329661348854758,0.3333333333333333,"11,8,4,5,5,4",91.0
2022-07-27,"mercury,venus,earth,mars,jupiter,saturn",4.381707556290648,-1.759418956677729e-16,21.818231542221344,2,0.36698732574468856,0.8799687120242123,4,1.329661348854758,0.3333333333333333,"11,8,4,5,5,4",60.0
2022-07-28,"mercury,venus,earth,mars,jupiter,saturn",4.364150074489684,-5.994838150125788e-16,21.72181085146042,2,0.37324161718894194,0.8768056219119417,4,1.329661348854758,0.3333333333333333,"11,8,4,5,5,4",42.0
2022-07-29,"mercury,venus,earth,mars,jupiter,saturn",4.34221585767651,-3.5546704579177257e-16,21.603086817196576,2,0.38105906799594286,0.8727844642853744,5,1.5607104090414063,0.3333333333333333,"11,8,4,6,5,4",43.0
2022-07-30,"mercury,venus,earth,mars,jupiter,saturn",4.316678568037433,-4.261919864118612e-16,21.46728490305821,2,0.39016131665472575,0.8680051503438685,5,1.5607104090414063,0.3333333333333333,"0,8,4,6,5,4",42.0
2022-07-31,"mercury,venus,earth,mars,jupiter,saturn",4.288209203579827,-4.942657088607215e-16,21.318965904375542,2,0.4003018282511278,0.8625530082532098,5,1.5607104090414063,0.3333333333333333,"0,8,4,6,5,4",34.0
2022-08-01,"mercury,venus,earth,mars,jupiter,saturn",4.257394812067782,-5.647443430564343e-16,21.162083426829934,2,0.4112592069754202,0.8565040700501971,5,1.5607104090414063,0.3333333333333333,"0,8,4,6,5,4",27.0
2022-08-02,"mercury,venus,earth,mars,jupiter,saturn",4.224756328468459,-3.224742674744866e-16,21.000056128247074,2,0.4228314543125208,0.8499294442802119,5,1.5607104090414063,0.3333333333333333,"0,8,4,6,5,4",33.0
2022-08-03,"mercury,venus,earth,mars,jupiter,saturn",4.190765115889477,-1.509300622274979e-16,20.835843122438565,2,0.4348311817118372,0.8428990443704533,5,1.5607104090414063,0.3333333333333333,"0,8,4,6,5,4",36.0
2022-08-04,"mercury,venus,earth,mars,jupiter,saturn",4.155858149660611,-1.6858942468421957e-16,20.672016124273707,2,0.447081701515173,0.8354848823777863,5,1.5607104090414063,0.3333333333333333,"0,8,4,6,5,4",42.0
2022-08-05,"mercury,venus,earth,mars,jupiter,saturn",4.12045195679658,-2.2305963980241404e-16,20.510825174978574,2,0.4594138946986709,0.827764079866499,5,1.5607104090414063,0.3333333333333333,"0,8,4,6,5,4",71.0
2022-08-06,"mercury,venus,earth,mars,jupiter,saturn",4.084955467948547,-2.1640416435994468e-16,20.354256734862904,2,0.4716637575611138,0.8198216909852263,5,1.5607104090414063,0.3333333333333333,"0,8,4,6,5,4",72.0
2022-08-07,"mercury,venus,earth,mars,jupiter,saturn",4.049781887788328,-7.753265347053628e-16,20.20408402385685,2,0.4836705454654533,0.8117533722039817,5,1.5607104090414063,0.3333333333333333,"0,8,4,6,5,4",85.0
2022-08-08,"mercury,venus,earth,mars,jupiter,saturn",4.015359553847502,-1.8803179278041988e-16,20.061910047178795,2,0.49527545175870946,0.8036678615724191,5,1.5607104090414063,0.3333333333333333,"1,8,4,6,5,4",80.0
2022-08-09,"mercury,venus,earth,mars,jupiter,saturn",3.9821415316281845,-2.860942472046505e-16,19.92920397629792,2,0.5063207799419497,0.7956891402575613,5,1.5607104090414063,0.3333333333333333,"1,8,4,6,5,4",61.0
2022-08-10,"mercury,venus,earth,mars,jupiter,saturn",3.950613381022161,-2.4611095866325364e-16,19.80733160035676,2,0.5166495850239412,0.7879580349949934,5,1.5607104090414063,0.3333333333333333,"1,8,4,6,5,4",63.0
2022-08-11,"mercury,venus,earth,mars,jupiter,saturn",3.921298134541952,-2.425431730522133e-16,19.697580505420966,2,0.5261057746962265,0.7806328830959929,5,1.5607104090414063,0.3333333333333333,"1,9,4,6,5,4",71.0
2022-08-12,"mercury,venus,earth,mars,jupiter,saturn",3.8947570983602375,-4.8550505590964e-16,19.601180530132066,2,0.5345346717688554,0.7738887375639742,5,1.5607104090414063,0.3333333333333333,"1,9,4,6,5,4",102.0
2022-08-13,"mercury,venus,earth,mars,jupiter,saturn",3.8715847398578362,-1.8571948479591743e-16,19.519319917506103,2,0.5417840454929155,0.7679144796667265,5,1.5607104090414063,0.3333333333333333,"1,9,4,6,5,4",109.0
2022-08-14,"mercury,venus,earth,mars,jupiter,saturn",3.8523958740056665,-4.1195959169712036e-16,19.45315745204377,2,0.5477056201813898,0.7629072044804057,5,1.5607104090414063,0.3333333333333333,"1,9,4,6,5,4",110.0
2022-08-15,"mercury,venus,earth,mars,jupiter,saturn",3.837803900071794,-2.9181496268653153e-16,19.403830749951013,2,0.5521570640813184,0.7590634532536034,4,1.3296613488547582,0.3333333333333333,"1,9,4,6,6,4",110.0
2022-08-16,"mercury,venus,earth,mars,jupiter,saturn",3.828390235651807,-1.792935095744387e-16,19.372460765046515,2,0.5550044489632258,0.75656737541979,4,1.3296613488547582,0.3333333333333333,"1,9,4,6,6,4",123.0
2022-08-17,"mercury,venus,earth,mars,jupiter,saturn",3.8246673537894704,-4.782666669106268e-16,19.360152488812258,2,0.556125150845737,0.7555767123010083,4,1.3296613488547582,0.3333333333333333,"1,9,4,6,6,4",111.0
2022-08-18,"mercury,venus,earth,mars,jupiter,saturn",3.8270404355830125,-4.806766633270893e-16,19.367991764178683,2,0.5554111346389122,0.7562084223247036,4,1.3296613488547582,0.3333333333333333,"1,9,4,6,6,4",87.0
2022-08-19,"mercury,venus,earth,mars,jupiter,saturn",3.8357745219124593,-3.3732667296565573e-16,19.397038102955996,2,0.5527725310406957,0.7585264360908047,4,1.3296613488547582,0.3333333333333333,"2,9,4,6,6,4",83.0
2022-08-20,"mercury,venus,earth,mars,jupiter,saturn",3.850973971457894,-4.676760662838864e-16,19.448313400197634,2,0.5481413746039197,0.762534016378792,4,1.3296613488547582,0.3333333333333333,"2,9,4,6,6,4",74.0
2022-08-21,"mercury,venus,earth,mars,jupiter,saturn",3.8725785004364486,-8.344422677781364e-16,19.52278647884784,2,0.541475330627755,0.768172323059063,4,1.3296613488547582,0.3333333333333333,"2,9,4,6,6,4",58.0
2022-08-22,"mercury,venus,earth,mars,jupiter,saturn",3.9003758875447767,-5.3270680567579e-16,19.62135347774409,2,0.5327611998530336,0.7753253149124639,5,1.5607104090414063,0.3333333333333333,"2,9,5,6,6,4",71.0
2022-08-23,"mercury,venus,earth,mars,jupiter,saturn",3.9340273596198636,-3.369115789586018e-16,19.744814217036915,2,0.5220179593987644,0.7838296727493945,5,1.5607104090414063,0.3333333333333333,"2,9,5,6,6,4",50.0
2022-08-24,"mercury,venus,earth,mars,jupiter,saturn",3.9730993877264886,-6.800914743355816e-16,19.893844836787324,2,0.5092990821062534,0.7934875774019466,5,1.5607104090414063,0.3333333333333333,"2,9,5,6,6,4",60.0
2022-08-25,"mercury,venus,earth,mars,jupiter,saturn",4.017095669843243,-4.727617419319423e-16,20.06896720322775,2,0.49469388035989265,0.8040801231703626,5,1.5607104090414063,0.3333333333333333,"2,9,5,6,6,4",93.0
2022-08-26,"mercury,venus,earth,mars,jupiter,saturn",4.065484820453143,-3.028160162459241e-16,20.27051580523213,2,0.47832764911682446,0.8153796866416569,5,1.5607104090414063,0.3333333333333333,"2,9,5,6,6,4",94.0
2022-08-27,"mercury,venus,earth,mars,jupiter,saturn",4.1177215906787605,-1.0685216572986205e-15,20.49860310853891,2,0.46036043840982716,0.8271603195868003,5,1.5607104090414063,0.3333333333333333,"2,9,5,6,6,4",94.0
2022-08-28,"mercury,venus,earth,mars,jupiter,saturn",4.173261390270177,-8.359334532519138e-16,20.75308457979742,2,0.44098436662233287,0.8392058811572471,5,1.5607104090414063,0.3333333333333333,"2,10,5,6,6,4",83.0
2022-08-29,"mercury,venus,earth,mars,jupiter,saturn",4.231569083422398,-4.714311272217208e-16,21.03352481448377,2,0.4204194869855242,0.8513160331285039,5,1.5607104090414063,0.3333333333333333,"3,10,5,6,6,4",70.0
2022-08-30,"mercury,venus,earth,mars,jupiter,saturn",4.292123518963461,-8.280745274735174e-16,21.339166376517035,2,0.39890833176590823,0.8633104019617359,5,1.5607104090414063,0.3333333333333333,"3,10,5,6,6,4",48.0
2022-08-31,"mercury,venus,earth,mars,jupiter,saturn",4.354419258549912,-2.0104501855098353e-16,21.668903055861794,2,0.376709369362084,0.8750312385610639,5,1.5607104090414063,0.3333333333333333,"3,10,5,6,6,4",43.0
2022-09-01,"mercury,venus,earth,mars,jupiter,saturn",4.4179667217221645,-2.0221235572303626e-16,22.021259247823007,2,0.3540897057101464,0.8863448604181914,5,1.5607104090414063,0.3333333333333333,"3,10,5,6,6,4",62.0
2022-09-02,"mercury,venus,earth,mars,jupiter,saturn",4.482291643610193,-1.4791490693275404e-16,22.39437703343322,2,0.33131743071402103,0.8971420972498326,5,1.5607104090414063,0.3333333333333333,"3,10,5,6,6,4",63.0
2022-09-03,"mercury,venus,earth,mars,jupiter,saturn",4.546934433397482,-1.5406391321247316e-16,22.786012282461584,2,0.30865404375462974,0.907337909122824,5,1.5607104090414063,0.3333333333333333,"3,10,5,6,6,4",68.0
2022-09-04,"mercury,venus,earth,mars,jupiter,saturn",4.611449767998848,-7.26313736834305e-16,23.193540709567085,2,0.28634738542622906,0.9168703144149464,5,1.5607104090414063,0.3333333333333333,"3,10,5,6,6,4",72.0
2022-09-05,"mercury,venus,earth,mars,jupiter,saturn",4.675406563344755,-1.2503564027420753e-15,23.613974304997363,2,0.264625456858749,0.9256987515202452,5,1.5607104090414063,0.3333333333333333,"3,10,5,6,6,4",83.0
2022-09-06,"mercury,venus,earth,mars,jupiter,saturn",4.738388328907938,-8.504973390987754e-16,24.043987964166664,2,0.24369142998553572,0.9338019961161269,5,1.5607104090414063,0.3333333333333333,"3,10,5,6,6,4",75.0
2022-09-07,"mercury,venus,earth,mars,jupiter,saturn",4.799993819304486,-1.9086681621736454e-16,24.47995549906871,2,0.22372005259999064,0.9411757577025733,4,1.3296613488547582,0.3333333333333333,"4,10,5,6,6,4",96.0
2022-09-08,"mercury,venus,earth,mars,jupiter,saturn",4.859837839965278,-3.6448913691674695e-16,24.917993581933423,2,0.2048555437748769,0.9478300792196378,4,1.3296613488547582,0.3333333333333333,"4,10,5,6,6,4",97.0
2022-09-09,"mercury,venus,earth,mars,jupiter,saturn",4.917552033797348,-1.8008666358363039e-16,25.35401160464069,2,0.1872109708859436,0.9537866583873538,4,1.3296613488547582,0.3333333333333333,"4,10,5,6,6,4",103.0
2022-09-10,"mercury,venus,earth,mars,jupiter,saturn",4.972785466007551,-3.4124089286212654e-16,25.78376498978126,2,0.17086900983645287,0.9590761977832363,4,1.3296613488547582,0.3333333333333333,"4,10,5,6,6,4",117.0
2022-09-11,"mercury,venus,earth,mars,jupiter,saturn",5.025204829726779,-3.1289032432841134e-16,26.20290920469735,2,0.15588392266068257,0.963735873121384,4,1.3296613488547582,0.3333333333333333,"4,10,5,6,6,4",128.0
2022-09-12,"mercury,venus,earth,mars,jupiter,saturn",5.074494111475086,-1.9893671853087839e-16,26.60705163708961,2,0.1422845453030387,0.9678069873589351,4,1.3296613488547582,0.3333333333333333,"4,10,5,6,6,4",141.0
2022-09-13,"mercury,venus,earth,mars,jupiter,saturn",5.12035357912155,-6.565908724627787e-16,26.991798600987135,2,0.130078063289912,0.9713328542049819,4,1.3296613488547582,0.3333333333333333,"4,10,5,6,6,4",118.0
2022-09-14,"mercury,venus,earth,mars,jupiter,saturn",5.162497982571643,-3.112760510045139e-16,27.35279504925285,2,0.1192543616546901,0.9743569303270991,4,1.3296613488547582,0.3333333333333333,"4,10,5,6,6,4",91.0
2022-09-15,"mercury,venus,earth,mars,jupiter,saturn",5.200653886322916,-8.03151173009989e-16,27.68575505477631,2,0.10979076338939511,0.9769211925704578,4,1.3296613488547582,0.3333333333333333,"4,11,5,6,6,4",101.0
2022-09-16,"mercury,venus,earth,mars,jupiter,saturn",5.234556081525465,-2.256336004038924e-16,27.986481762964882,2,0.10165701254733947,0.9790647357073302,4,1.3296613488547582,0.3333333333333333,"5,11,5,6,6,4",92.0
2022-09-17,"mercury,venus,earth,mars,jupiter,saturn",5.263943052837212,-3.8341473900429857e-16,28.25087629297975,2,0.09482040852462378,0.9808225478088539,4,1.3296613488547582,0.3333333333333333,"5,11,5,6,6,4",86.0
2022-09-18,"mercury,venus,earth,mars,jupiter,saturn",5.288551503615493,-1.086267444202317e-16,28.474935969401468,2,0.08925105209159635,0.9822244038212524,4,1.3296613488547582,0.3333333333333333,"5,11,5,6,6,4",73.0
2022-09-19,"mercury,venus,earth,mars,jupiter,saturn",5.308109975892069,-5.840892573301412e-16,28.654743321624977,2,0.0849272171294835,0.9832938023528272,4,1.3296613488547582,0.3333333333333333,"5,11,5,6,6,4",70.0
2022-09-20,"mercury,venus,earth,mars,jupiter,saturn",5.322331646877469,-3.0792584567717153e-16,28.786448556177234,2,0.0818409107362307,0.9840468546883232,5,1.5607104090414063,0.3333333333333333,"5,11,5,7,6,4",68.0
2022-09-21,"mercury,venus,earth,mars,jupiter,saturn",5.330906454403843,-8.310160558885476e-16,28.86624979836299,2,0.08000372371477238,0.9844910171606766,5,1.5607104090414063,0.3333333333333333,"5,11,5,7,6,4",84.0
2022-09-22,"mercury,venus,earth,mars,jupiter,saturn",5.33349282023812,-1.2361854950066616e-15,28.890377484205708,2,0.07945309622787704,0.9846235369919624,5,1.5607104090414063,0.3333333333333333,"5,11,5,7,6,4",105.0
2022-09-23,"mercury,venus,earth,mars,jupiter,saturn",5.329709433867288,-2.04946303914248e-16,28.85509209250048,2,0.08025911655066864,0.9844294573170576,5,1.5607104090414063,0.3333333333333333,"6,11,5,7,6,4",131.0
2022-09-24,"mercury,venus,earth,mars,jupiter,saturn",5.319127876675416,-6.307299446794522e-16,28.756708216746045,2,0.08253190999190559,0.9838790015593452,4,1.242453324894,0.5,"6,11,6,7,6,4",147.0
2022-09-25,"mercury,venus,earth,mars,jupiter,saturn",5.301267374437766,-5.339573705111776e-16,28.591663057303386,2,0.086429515729193,0.9829241383739522,4,1.242453324894,0.5,"6,11,6,7,6,4",135.0
2022-09-26,"mercury,venus,earth,mars,jupiter,saturn",5.275593757338832,-1.9803132633574612e-16,28.356653896878928,2,0.09216581414468587,0.981494135157314,4,1.242453324894,0.5,"6,11,6,7,6,4",132.0
2022-09-27,"mercury,venus,earth,mars,jupiter,saturn",5.241525900605803,-4.713016030005702e-16,28.04887672617331,2,0.10001742959583224,0.9794899822524791,4,1.242453324894,0.5,"6,11,6,7,6,4",108.0
2022-09-28,"mercury,venus,earth,mars,jupiter,saturn",5.19845465076628,-8.931056759365905e-16,27.66640570295177,2,0.11032740290724005,0.9767777949265863,4,1.242453324894,0.5,"6,11,6,7,6,4",85.0
2022-09-29,"mercury,venus,earth,mars,jupiter,saturn",5.145781625356124,-3.235258024786246e-16,27.208757567431938,2,0.1235015556084398,0.973181831997627,4,1.242453324894,0.5,"6,11,6,7,6,4",72.0
2022-09-30,"mercury,venus,earth,mars,jupiter,saturn",5.08298830181491,-5.995828153641604e-16,26.67768053099553,2,0.13999062136058657,0.9684788768037277,4,1.3296613488547582,0.3333333333333333,"7,11,6,7,6,4",76.0
2022-10-01,"mercury,venus,earth,mars,jupiter,saturn",5.009749158599704,-5.949474961072144e-16,26.078183360984436,2,0.1602474275285646,0.9623978129411781,4,1.3296613488547582,0.3333333333333333,"7,11,6,7,6,4",110.0
2022-10-02,"mercury,venus,earth,mars,jupiter,saturn",4.926105277673983,-5.711175899424056e-16,25.419763081367144,2,0.1846445498827468,0.9546317614783352,4,1.3296613488547582,0.3333333333333333,"7,11,6,7,6,4",128.0
2022-10-03,"mercury,venus,earth,mars,jupiter,saturn",4.8327144097830255,-3.770342133913602e-16,24.71768421565268,2,0.21333675914309053,0.9448752707882991,4,1.3296613488547582,0.3333333333333333,"7,11,6,7,6,4",165.0
2022-10-04,"mercury,venus,earth,mars,jupiter,saturn",4.731185343864416,-4.544199924180294e-16,23.994005389621915,2,0.24606036020606178,0.9329044648660125,4,1.3296613488547582,0.3333333333333333,"7,0,6,7,6,4",167.0
2022-10-05,"mercury,venus,earth,mars,jupiter,saturn",4.624479941069603,-2.9858275750207945e-16,23.277870157874997,2,0.28188763990541377,0.918718704946475,5,1.5607104090414063,0.3333333333333333,"8,0,6,7,6,4",164.0
2022-10-06,"mercury,venus,earth,mars,jupiter,saturn",4.5173111617200465,-1.0364373439998644e-15,22.60446632296047,2,0.31900631188361395,0.9027463794211782,5,1.5607104090414063,0.3333333333333333,"8,0,6,7,6,4",162.0
2022-10-07,"mercury,venus,earth,mars,jupiter,saturn",4.416361424470219,-8.859454268664946e-16,22.012159369454615,2,0.3546600105793907,0.8860670097915918,5,1.5607104090414063,0.3333333333333333,"8,0,6,7,6,4",163.0
2022-10-08,"mercury,venus,earth,mars,jupiter,saturn",4.329992444364864,-1.101148112389981e-15,21.53775980413525,2,0.3854161297683106,0.8705099666241534,5,1.5607104090414063,0.3333333333333333,"8,0,6,7,6,4",154.0
2022-10-09,"mercury,venus,earth,mars,jupiter,saturn",4.267018046175094,-2.477949401820617e-16,21.2106694586667,2,0.4078399900678441,0.8584096339752416,5,1.5607104090414063,0.3333333333333333,"9,0,6,7,6,4",129.0
2022-10-10,"mercury,venus,earth,mars,jupiter,saturn",4.2343921045531125,-4.388678497560878e-16,21.047447735566127,2,0.4194194406838505,0.8518883961784766,5,1.5607104090414063,0.3333333333333333,"9,0,6,7,6,4",120.0
2022-10-11,"mercury,venus,earth,mars,jupiter,saturn",4.234627077185651,-3.494896005325889e-16,21.048608039439962,2,0.4193361872162637,0.8519359783427755,5,1.5607104090414063,0.3333333333333333,"9,0,6,7,6,4",106.0
2022-10-12,"mercury,venus,earth,mars,jupiter,saturn",4.264680626799838,-4.948193120373212e-16,21.198834175605665,2,0.4086707507815135,0.8579481634669767,5,1.5607104090414063,0.3333333333333333,"9,0,6,7,6,4",103.0
2022-10-13,"mercury,venus,earth,mars,jupiter,saturn",4.317291616929229,-4.951833377006117e-16,21.47051440806404,2,0.38994284626136877,0.8681211149094233,5,1.5607104090414063,0.3333333333333333,"9,0,6,7,6,4",83.0
2022-10-14,"mercury,venus,earth,mars,jupiter,saturn",4.383702328129333,-9.086409946369342e-16,21.829264265741067,2,0.3662770390009137,0.8803249558806949,5,1.5607104090414063,0.3333333333333333,"10,0,6,7,6,4",82.0
2022-10-15,"mercury,venus,earth,mars,jupiter,saturn",4.455958379956872,-1.0653859768216893e-15,22.239629608333274,2,0.34061865383051926,0.8928010687942355,5,1.5607104090414063,0.3333333333333333,"10,0,6,7,6,4",46.0
2022-10-16,"mercury,venus,earth,mars,jupiter,saturn",4.527995352332098,-1.8563039939247065e-16,22.66953959349699,2,0.3152655225926285,0.9044180992816688,5,1.5607104090414063,0.3333333333333333,"10,0,6,7,6,4",75.0
2022-10-17,"mercury,venus,earth,mars,jupiter,saturn",4.595759129352427,-7.813263336317244e-16,23.09289439782323,2,0.2917391630147012,0.9146104256648344,5,1.5607104090414063,0.3333333333333333,"10,0,6,7,6,4",73.0
2022-10-18,"mercury,venus,earth,mars,jupiter,saturn",4.656865896738681,-1.087988517005806e-15,23.490409199551348,2,0.2708776933719334,0.9232023076303822,5,1.5607104090414063,0.3333333333333333,"10,0,6,7,6,4",50.0
2022-10-19,"mercury,venus,earth,mars,jupiter,saturn",4.710150221649394,-4.3542946387097503e-16,23.84922756121494,2,0.25301664896306336,0.9302404052105765,5,1.5607104090414063,0.3333333333333333,"11,0,6,7,6,4",49.0
2022-10-20,"mercury,venus,earth,mars,jupiter,saturn",4.75526040542923,-1.2465872683957674e-16,24.161878181735172,2,0.23816946748931597,0.9358751564494088,5,1.5607104090414063,0.3333333333333333,"11,0,6,7,6,4",36.0
2022-10-21,"mercury,venus,earth,mars,jupiter,saturn",4.792348153349308,-1.8027203903752466e-16,24.42502380562935,2,0.22616937358231973,0.9402898030182185,5,1.5607104090414063,0.3333333333333333,"11,0,6,7,6,4",57.0
2022-10-22,"mercury,venus,earth,mars,jupiter,saturn",4.821850313157786,-4.725963104113663e-16,24.638277127106246,2,0.21676622395771358,0.9436634031898549,5,1.5607104090414063,0.3333333333333333,"11,0,6,7,6,4",70.0
2022-10-23,"mercury,venus,earth,mars,jupiter,saturn",4.844344366756763,-4.577209363535589e-16,24.803212286374812,2,0.2096858982361513,0.9461545574328498,5,1.5607104090414063,0.3333333333333333,"11,0,6,7,6,4",52.0
2022-10-24,"mercury,venus,earth,mars,jupiter,saturn",4.860457591841831,-1.8157984188747807e-16,24.922604902083812,2,0.2046631284789676,0.9478964215380894,5,1.5607104090414063,0.3333333333333333,"11,0,6,7,6,4",54.0
2022-10-25,"mercury,venus,earth,mars,jupiter,saturn",4.8708130362913895,-5.449058355810713e-16,24.999882833515613,2,0.2014573112873626,0.9489972330070251,5,1.5607104090414063,0.3333333333333333,"11,1,6,7,6,4",78.0
2022-10-26,"mercury,venus,earth,mars,jupiter,saturn",4.875999676219617,-7.034574363584844e-16,25.038749570352216,2,0.1998582544013455,0.9495431381543774,5,1.5607104090414063,0.3333333333333333,"0,1,7,7,6,4",83.0
2022-10-27,"mercury,venus,earth,mars,jupiter,saturn",4.876557884906842,-9.952883957059788e-16,25.04293899081208,2,0.1996864219610947,0.9496016746904968,5,1.5607104090414063,0.3333333333333333,"0,1,7,7,6,4",86.0
2022-10-28,"mercury,venus,earth,mars,jupiter,saturn",4.8729742394264575,-8.242111960836003e-17,25.016065003110235,2,0.2007904663383598,0.9492251453280741,5,1.5607104090414063,0.3333333333333333,"0,1,7,7,6,4",89.0
2022-10-29,"mercury,venus,earth,mars,jupiter,saturn",4.865681771587344,-1.7578139534816483e-16,24.96153694566658,2,0.20304364920696916,0.9484535809589801,5,1.5607104090414063,0.3333333333333333,"0,1,7,7,6,4",87.0
2022-10-30,"mercury,venus,earth,mars,jupiter,saturn",4.855063195093338,-5.031611864528393e-16,24.88251891557981,2,0.206340016444682,0.9473172193025406,5,1.5607104090414063,0.3333333333333333,"0,1,7,7,6,4",75.0
2022-10-31,"mercury,venus,earth,mars,jupiter,saturn",4.8414555870564,-7.539957810394574e-16,24.781917358202456,2,0.2105907551496306,0.9458385266417423,5,1.5607104090414063,0.3333333333333333,"0,1,7,7,6,4",63.0
2022-11-01,"mercury,venus,earth,mars,jupiter,saturn",4.825155615030564,-4.165851357475588e-16,24.662386038155194,2,0.21572091501215046,0.9440338284074049,5,1.5607104090414063,0.3333333333333333,"0,1,7,7,6,4",85.0
2022-11-02,"mercury,venus,earth,mars,jupiter,saturn",4.806424789614186,-3.8103586333983264e-16,24.52634104106531,2,0.22166654468276348,0.9419146223049641,5,1.5607104090414063,0.3333333333333333,"0,1,7,7,6,4",98.0
2022-11-03,"mercury,venus,earth,mars,jupiter,saturn",4.785494464301625,-4.1851265664821963e-16,24.37598096410349,2,0.22837222845807206,0.9394886425939475,5,1.5607104090414063,0.3333333333333333,"0,1,7,7,6,4",78.0
2022-11-04,"mercury,venus,earth,mars,jupiter,saturn",4.762570450917575,-3.9679045702950216e-16,24.213309188895558,2,0.23578898032797801,0.9367607344788474,4,1.3296613488547582,0.3333333333333333,"1,1,7,7,6,4",103.0
2022-11-05,"mercury,venus,earth,mars,jupiter,saturn",4.737837205275067,-1.825566629391679e-16,24.040156304076508,2,0.24387244403389338,0.9337335872430366,4,1.3296613488547582,0.3333333333333333,"1,1,7,7,6,4",115.0
2022-11-06,"mercury,venus,earth,mars,jupiter,saturn",4.711461586188605,-8.565004383416149e-16,23.85820152199843,2,0.25258134951173905,0.9304083653440232,4,1.3296613488547582,0.3333333333333333,"1,1,7,7,6,4",96.0
2022-11-07,"mercury,venus,earth,mars,jupiter,saturn",4.683596216079631,-5.382143480216852e-16,23.668992437595303,2,0.26187618254650374,0.9267852686636827,4,1.3296613488547582,0.3333333333333333,"1,1,7,7,6,4",100.0
2022-11-08,"mercury,venus,earth,mars,jupiter,saturn",4.654382482247793,-2.7307631226465125e-16,23.47396279513674,2,0.271718032783497,0.9228640464380072,4,1.3296613488547582,0.3333333333333333,"1,1,7,7,6,4",103.0
2022-11-09,"mercury,venus,earth,mars,jupiter,saturn",4.623953220121007,-7.759555702334426e-16,23.274448122282777,2,0.28206759397821124,0.9186444838362238,4,1.3296613488547582,0.3333333333333333,"1,1,7,7,6,4",98.0
2022-11-10,"mercury,venus,earth,mars,jupiter,saturn",4.592435116903563,-2.7407276184572e-16,23.071699203095335,2,0.2928842988401402,0.9141268754119123,4,1.3296613488547582,0.3333333333333333,"1,1,7,7,6,4",85.0
2022-11-11,"mercury,venus,earth,mars,jupiter,saturn",4.559950868076156,-3.477690097231875e-16,22.866893421623104,2,0.3041255787409887,0.9093124954002858,4,1.3296613488547582,0.3333333333333333,"1,1,7,7,6,4",74.0
2022-11-12,"mercury,venus,earth,mars,jupiter,saturn",4.526621111346336,-1.0359051271179095e-15,22.661144035216644,2,0.3157462457885166,0.9042040708025733,4,1.3296613488547582,0.3333333333333333,"1,1,7,7,6,4",88.0
2022-11-13,"mercury,venus,earth,mars,jupiter,saturn",4.492566153543329,-5.092432863263437e-16,22.45550744540626,2,0.3276980012319038,0.898806259134081,6,1.7917594692280547,0.16666666666666666,"1,2,7,8,6,4",111.0
2022-11-14,"mercury,venus,earth,mars,jupiter,saturn",4.457907495922285,-2.08869433640331e-16,22.250988533332773,2,0.3399290797544255,0.8931261284158106,6,1.7917594692280547,0.16666666666666666,"1,2,7,8,6,4",96.0
2022-11-15,"mercury,venus,earth,mars,jupiter,saturn",4.42276915255367,-2.689251223154289e-16,22.048544122916578,2,0.3523840437514881,0.8871736323147669,5,1.5607104090414063,0.3333333333333333,"2,2,7,8,6,4",86.0
2022-11-16,"mercury,venus,earth,mars,jupiter,saturn",4.387278745041101,-3.0712974716646125e-16,21.849084632885628,2,0.36500374493513604,0.8809620682103281,5,1.5607104090414063,0.3333333333333333,"2,2,7,8,6,4",90.0
2022-11-17,"mercury,venus,earth,mars,jupiter,saturn",4.35156834490571,-1.4097064763565858e-15,21.653473981902316,2,0.37772547222405006,0.8745085004009977,5,1.5607104090414063,0.3333333333333333,"2,2,7,8,6,4",59.0
2022-11-18,"mercury,venus,earth,mars,jupiter,saturn",4.3157750229110645,-8.207308172852768e-16,21.462527821833223,2,0.3904833044941836,0.8678341248059039,5,1.5607104090414063,0.3333333333333333,"2,2,7,8,6,4",57.0
2022-11-19,"mercury,venus,earth,mars,jupiter,saturn",4.280041052935032,-3.717729619679685e-16,21.277010194398052,2,0.4032086839955734,0.8609645456499474,5,1.5607104090414063,0.3333333333333333,"2,2,7,8,6,4",75.0
2022-11-20,"mercury,venus,earth,mars,jupiter,saturn",4.244513707620042,-1.9863883951390642e-16,21.097628736908366,2,0.41583122075786605,0.853929929227415,5,1.5607104090414063,0.3333333333333333,"2,2,7,8,6,4",87.0
2022-11-21,"mercury,venus,earth,mars,jupiter,saturn",4.209344575285019,-1.6200307352274937e-16,20.92502860354261,2,0.42827972992125907,0.8467649956034785,5,1.5607104090414063,0.3333333333333333,"2,2,7,8,6,4",77.0
2022-11-22,"mercury,venus,earth,mars,jupiter,saturn",4.174688324305592,-5.300637026112983e-16,20.75978531851976,2,0.4404834926816903,0.8395088069405964,5,1.5607104090414063,0.3333333333333333,"2,2,7,8,6,4",73.0
2022-11-23,"mercury,venus,earth,mars,jupiter,saturn",4.14070084472858,-2.547505929431354e-16,20.602396834328996,2,0.4523737177910947,0.8322043121199977,5,1.5607104090414063,0.3333333333333333,"2,2,7,8,6,4",71.0
2022-11-24,"mercury,venus,earth,mars,jupiter,saturn",4.107536710053828,-5.133594262415006e-16,20.453275128233713,2,0.46388516505792365,0.8248976126639935,5,1.5607104090414063,0.3333333333333333,"2,2,7,8,6,4",76.0
2022-11-25,"mercury,venus,earth,mars,jupiter,saturn",4.075345927761569,-1.2398422699597483e-16,20.312737728706775,2,0.47495787621907304,0.8176369257921883,5,1.5607104090414063,0.3333333333333333,"3,2,8,8,6,4",72.0
2022-11-26,"mercury,venus,earth,mars,jupiter,saturn",4.044269987670427,-2.884038161557417e-16,20.180999614298386,2,0.48553894344805626,0.8104712375884159,5,1.5607104090414063,0.3333333333333333,"3,2,8,8,6,4",78.0
2022-11-27,"mercury,venus,earth,mars,jupiter,saturn",4.0144372735850915,-4.799672297196564e-16,20.058165964077514,2,0.4955842334256236,0.8034486628743215,5,1.5607104090414063,0.3333333333333333,"3,2,8,8,6,4",72.0
2022-11-28,"mercury,venus,earth,mars,jupiter,saturn",3.985957974413912,-1.80351586071061e-16,19.944226254620773,2,0.5050599771737753,0.7966145575646427,5,1.5607104090414063,0.3333333333333333,"3,2,8,8,6,4",56.0
2022-11-29,"mercury,venus,earth,mars,jupiter,saturn",3.9589187107924744,-3.881940505808957e-16,19.839050187815797,2,0.5139441343575755,0.7900094616570092,5,1.5607104090414063,0.3333333333333333,"3,2,8,8,6,4",28.0
2022-11-30,"mercury,venus,earth,mars,jupiter,saturn",3.9333771725836635,-3.5014664150236394e-16,19.74238589260055,2,0.5222274465710868,0.7836669826011738,5,1.5607104090414063,0.3333333333333333,"3,2,8,8,6,4",28.0
2022-12-01,"mercury,venus,earth,mars,jupiter,saturn",3.9093571276030366,-3.656127609546809e-16,19.65386077104489,2,0.5299141075131863,0.7776117542084402,4,1.3296613488547582,0.3333333333333333,"3,3,8,8,6,4",51.0
2022-12-02,"mercury,venus,earth,mars,jupiter,saturn",3.886844196368779,-4.3425750184687507e-16,19.572985257265962,2,0.5370219982039195,0.7718576194828211,4,1.3296613488547582,0.3333333333333333,"3,3,8,8,6,4",71.0
2022-12-03,"mercury,venus,earth,mars,jupiter,saturn",3.8657827766781043,-4.283822670859317e-16,19.499159632784895,2,0.5435824607497632,0.7664061814917669,4,1.3296613488547582,0.3333333333333333,"3,3,8,8,6,4",75.0
2022-12-04,"mercury,venus,earth,mars,jupiter,saturn",3.8460744364469654,-4.616551147316211e-16,19.431683904018108,2,0.54963961202418,0.7612458417786466,4,1.3296613488547582,0.3333333333333333,"4,3,8,8,6,4",93.0
2022-12-05,"mercury,venus,earth,mars,jupiter,saturn",3.8275779750531753,-8.128874333374016e-16,19.36977060958623,2,0.5552492258235868,0.7563514019036244,4,1.3296613488547582,0.3333333333333333,"4,3,8,8,6,4",103.0
2022-12-06,"mercury,venus,earth,mars,jupiter,saturn",3.810111196603328,-1.2631546194534692e-16,19.31256030172415,2,0.560477235303873,0.751684246090666,4,1.3296613488547582,0.3333333333333333,"4,3,8,8,6,4",119.0
2022-12-07,"mercury,venus,earth,mars,jupiter,saturn",3.7934542684412573,-3.274960671239494e-16,19.259139352215307,2,0.5653979238517108,0.7471930611011407,4,1.3296613488547582,0.3333333333333333,"4,3,8,8,6,4",127.0
2022-12-08,"mercury,venus,earth,mars,jupiter,saturn",3.7773543858719654,-2.8752508371698066e-16,19.208559682468767,2,0.5700918797744923,0.7428149945822661,4,1.3296613488547582,0.3333333333333333,"4,3,8,8,6,4",128.0
2022-12-09,"mercury,venus,earth,mars,jupiter,saturn",3.761531358613696,-1.7197683357541383e-16,19.15986002030404,2,0.5746437870344867,0.7384771155342537,4,1.3296613488547582,0.3333333333333333,"4,3,8,8,6,4",111.0
2022-12-10,"mercury,venus,earth,mars,jupiter,saturn",3.745683696234045,-2.0521084519568e-16,19.112088349658542,2,0.5791401104268508,0.7340980271517111,4,1.3296613488547582,0.3333333333333333,"4,3,8,8,6,4",122.0
2022-12-11,"mercury,venus,earth,mars,jupiter,saturn",3.7294948069408314,-7.249401864785504e-16,19.064325346707275,2,0.5836667096554888,0.7295894956702974,4,1.3296613488547582,0.3333333333333333,"4,3,8,8,6,4",140.0
2022-12-12,"mercury,venus,earth,mars,jupiter,saturn",3.712639034166705,7.891160379655157e-18,19.01570878603611,2,0.5883063837699999,0.7248579978328297,4,1.3296613488547582,0.3333333333333333,"4,3,8,8,6,4",157.0
2022-12-13,"mercury,venus,earth,mars,jupiter,saturn",3.694787431499656,-3.332039766479222e-16,18.96545914993978,2,0.5931363066387687,0.7198061515959223,5,1.5607104090414063,0.3333333333333333,"5,3,8,8,6,4",159.0
2022-12-14,"mercury,venus,earth,mars,jupiter,saturn",3.675613416492759,4.144117836785061e-17,18.91290697709004,2,0.5982252666754884,0.7143340790427902,5,1.5607104090414063,0.3333333333333333,"5,3,8,8,6,4",148.0
2022-12-15,"mercury,venus,earth,mars,jupiter,saturn",3.654798761717909,-5.3055170306017197e-17,18.857522836694606,2,0.603630570808445,0.7083408623884826,5,1.5607104090414063,0.3333333333333333,"5,3,8,8,6,4",141.0
2022-12-16,"mercury,venus,earth,mars,jupiter,saturn",3.6320408220545355,-9.839877524664176e-17,18.79895120148674,2,0.609394414580993,0.7017264097173304,5,1.5607104090414063,0.3333333333333333,"5,3,8,8,6,4",131.0
2022-12-17,"mercury,venus,earth,mars,jupiter,saturn",3.6070625596292474,-8.13528924544948e-16,18.73704990260722,2,0.6155394589501871,0.6943942817416875,5,1.5607104090414063,0.3333333333333333,"5,3,8,8,6,4",131.0
2022-12-18,"mercury,venus,earth,mars,jupiter,saturn",3.5796280075774614,-2.4441756759322135e-16,18.67193725433644,2,0.6220632938015062,0.6862564123954024,4,1.3296613488547582,0.3333333333333333,"5,4,8,8,6,4",127.0
2022-12-19,"mercury,venus,earth,mars,jupiter,saturn",3.5495676863618826,-1.3488284265150534e-16,18.604049283786306,2,0.6289314176192304,0.6772413127847942,4,1.3296613488547582,0.3333333333333333,"5,4,8,8,6,4",113.0
2022-12-20,"mercury,venus,earth,mars,jupiter,saturn",3.5168218693690854,-3.548313315540191e-16,18.534209689316313,2,0.6360683413322544,0.6673085212800837,3,1.0986122886681096,0.3333333333333333,"6,4,8,8,6,4",112.0
2022-12-21,"mercury,venus,earth,mars,jupiter,saturn",3.4815158344518693,-1.7550425577556376e-16,18.463714997655764,2,0.6433464687182119,0.656474198560692,3,1.0986122886681096,0.3333333333333333,"6,4,8,8,6,4",100.0
2022-12-22,"mercury,venus,earth,mars,jupiter,saturn",3.4440926559774643,-6.942354240676425e-16,18.39443657418623,2,0.6505725804854927,0.6448566214636922,3,1.0986122886681096,0.3333333333333333,"6,4,8,8,6,4",98.0
2022-12-23,"mercury,venus,earth,mars,jupiter,saturn",3.405548480164179,-3.341874776142652e-16,18.328939139526966,2,0.6574721593082422,0.632756776726788,4,1.329661348854758,0.3333333333333333,"6,4,9,8,6,4",85.0
2022-12-24,"mercury,venus,earth,mars,jupiter,saturn",3.3678392683835554,-1.215776567768063e-16,18.270611454729888,2,0.6636725931308246,0.62079703056298,4,1.329661348854758,0.3333333333333333,"6,4,9,8,6,4",93.0
2022-12-25,"mercury,venus,earth,mars,jupiter,saturn",3.3345128802595125,-1.3999178959215312e-16,18.22379773411904,2,0.6686876781554352,0.6101349625824354,4,1.329661348854758,0.3333333333333333,"6,4,9,8,6,4",105.0
2022-12-26,"mercury,venus,earth,mars,jupiter,saturn",3.311373397901083,-1.3287372778577244e-15,18.193906785840934,2,0.671907984004275,0.6026849488346516,4,1.329661348854758,0.3333333333333333,"6,4,9,8,6,4",115.0
2022-12-27,"mercury,venus,earth,mars,jupiter,saturn",3.306152533595069,-1.3838873235764142e-16,18.187458747653363,2,0.6726045263684843,0.6009990030524425,5,1.5607104090414063,0.3333333333333333,"7,4,9,8,6,4",94.0
2022-12-28,"mercury,venus,earth,mars,jupiter,saturn",3.325581649374726,-1.5041777147103377e-15,18.212006820819145,2,0.6699562804743688,0.6072638460696824,5,1.5607104090414063,0.3333333333333333,"7,4,9,8,6,4",103.0
2022-12-29,"mercury,venus,earth,mars,jupiter,saturn",3.371380811644613,-3.128931498586911e-16,18.27584741451563,2,0.6631138176315423,0.6219251189467612,5,1.5607104090414063,0.3333333333333333,"7,4,9,8,6,4",123.0
2022-12-30,"mercury,venus,earth,mars,jupiter,saturn",3.4401234158056004,-3.7812782836642717e-16,18.38741724228078,2,0.651308836864825,0.6436167168035637,5,1.5607104090414063,0.3333333333333333,"7,4,9,8,6,4",124.0
2022-12-31,"mercury,venus,earth,mars,jupiter,saturn",3.5264458940189485,-2.148827407921994e-16,18.554290558658813,2,0.6340088109278363,0.6702396194630907,5,1.5607104090414063,0.3333333333333333,"7,4,9,8,6,4",98.0
2023-01-01,"mercury,venus,earth,mars,jupiter,saturn",3.62520486433968,-1.1897124562404842e-16,18.781762244788005,2,0.6110952496523044,0.699727221394204,4,1.3296613488547582,0.3333333333333333,"8,4,9,8,6,4",108.0
2023-01-02,"mercury,venus,earth,mars,jupiter,saturn",3.7318316980704562,-1.5851204159912117e-15,19.071155268601366,2,0.5830175094903279,0.730242485396364,4,1.3296613488547582,0.3333333333333333,"8,4,9,8,6,4",109.0
2023-01-03,"mercury,venus,earth,mars,jupiter,saturn",3.842083691466075,-4.87813858489651e-16,19.41820988686626,2,0.5508561786049381,0.760194022942031,4,1.3296613488547582,0.3333333333333333,"8,4,9,8,6,4",108.0
2023-01-04,"mercury,venus,earth,mars,jupiter,saturn",3.951869421009415,-7.233814126605488e-16,19.8121107893056,2,0.5162411596928539,0.7882689576488415,4,1.3296613488547582,0.3333333333333333,"8,4,9,8,6,4",96.0
2023-01-05,"mercury,venus,earth,mars,jupiter,saturn",4.057291934384907,-5.456600513799744e-16,20.23573246903076,2,0.4811188975937517,0.8134925615377684,5,1.5607104090414063,0.3333333333333333,"9,5,9,8,6,4",112.0
2023-01-06,"mercury,venus,earth,mars,jupiter,saturn",4.154858915194893,-3.7943712347917067e-16,20.667398228010242,2,0.44743112118352685,0.835269752618323,4,1.2424533248940002,0.5,"9,5,9,9,6,4",131.0
2023-01-07,"mercury,venus,earth,mars,jupiter,saturn",4.241751012852195,-3.404143175571134e-16,21.08389115583891,2,0.41681102716907403,0.8533743378792698,4,1.2424533248940002,0.5,"9,5,9,9,6,4",133.0
2023-01-08,"mercury,venus,earth,mars,jupiter,saturn",4.316035627063995,-6.665111416003625e-16,21.463899543403443,2,0.3903904361806604,0.8678834662087641,4,1.2424533248940002,0.5,"9,5,9,9,6,4",135.0
2023-01-09,"mercury,venus,earth,mars,jupiter,saturn",4.376748991953739,-3.0130747090948486e-16,21.79087557369127,2,0.36875322357148566,0.8790804056398521,4,1.2424533248940002,0.5,"9,5,9,9,6,4",148.0
2023-01-10,"mercury,venus,earth,mars,jupiter,saturn",4.423828147983345,-4.2674891063560183e-16,22.054573189979372,2,0.3520080219111784,0.8873558927806237,5,1.5607104090414063,0.3333333333333333,"10,5,9,9,6,4",179.0
2023-01-11,"mercury,venus,earth,mars,jupiter,saturn",4.457928265048649,-8.811491690158576e-16,22.251109652055522,2,0.33992173279222804,0.8931295889094595,5,1.5607104090414063,0.3333333333333333,"10,5,9,9,6,4",168.0
2023-01-12,"mercury,venus,earth,mars,jupiter,saturn",4.4801875049697,-3.10830710601123e-16,22.381910099736853,2,0.33205936632937616,0.8967992450261256,5,1.5607104090414063,0.3333333333333333,"10,5,9,9,6,4",171.0
2023-01-13,"mercury,venus,earth,mars,jupiter,saturn",4.491998071878475,-2.7304229674080537e-16,22.452116492978178,2,0.3278979678937208,0.8987146794855868,5,1.5607104090414063,0.3333333333333333,"10,5,9,9,6,4",178.0
2023-01-14,"mercury,venus,earth,mars,jupiter,saturn",4.494820724969655,-3.509604693861971e-16,22.46897799959761,2,0.32690456566397114,0.899169216774281,5,1.5607104090414063,0.3333333333333333,"10,5,9,9,6,4",189.0
2023-01-15,"mercury,venus,earth,mars,jupiter,saturn",4.490056171256921,-6.562829014696257e-16,22.440534787001663,2,0.3285816608922406,0.8984012463339367,5,1.5607104090414063,0.3333333333333333,"11,5,9,9,6,4",199.0
2023-01-16,"mercury,venus,earth,mars,jupiter,saturn",4.478969715322971,-4.556020366315237e-16,22.374702837685014,2,0.3324888747210786,0.8966004981747481,5,1.5607104090414063,0.3333333333333333,"11,5,9,9,6,4",190.0
2023-01-17,"mercury,venus,earth,mars,jupiter,saturn",4.462657329153684,-7.724777302765045e-16,22.278732925053976,2,0.3382493602608367,0.8939157583352934,5,1.5607104090414063,0.3333333333333333,"11,5,9,9,6,4",188.0
2023-01-18,"mercury,venus,earth,mars,jupiter,saturn",4.442039740587209,-4.011728596369001e-16,22.158957226865642,2,0.34554759617315206,0.8904623468938887,5,1.5607104090414063,0.3333333333333333,"11,5,9,9,6,4",195.0
2023-01-19,"mercury,venus,earth,mars,jupiter,saturn",4.417873101317102,-2.227958042556665e-16,22.020728262877164,2,0.3541229635803128,0.8863286675329547,6,1.7917594692280547,0.16666666666666666,"11,5,10,9,6,4",205.0
2023-01-20,"mercury,venus,earth,mars,jupiter,saturn",4.390767898091629,-7.414086319292589e-16,21.86847069272442,2,0.3637617503351505,0.8815816618272261,6,1.7917594692280547,0.16666666666666666,"11,5,10,9,6,4",206.0
2023-01-21,"mercury,venus,earth,mars,jupiter,saturn",4.361210704633186,-3.710664233504287e-16,21.705789164815954,2,0.37428903107131734,0.8762712410861274,6,1.7917594692280547,0.16666666666666666,"11,5,10,9,6,4",195.0
2023-01-22,"mercury,venus,earth,mars,jupiter,saturn",4.329585639768887,-1.9039703083824068e-16,21.535595946959283,2,0.3855611318118357,0.8704338555692354,6,1.7917594692280547,0.16666666666666666,"0,5,10,9,6,4",166.0
2023-01-23,"mercury,venus,earth,mars,jupiter,saturn",4.29619394955416,-2.8442886221123636e-16,21.360237509721625,2,0.39745896205372566,0.8640953755212396,6,1.7917594692280547,0.16666666666666666,"0,5,10,9,6,4",162.0
2023-01-24,"mercury,venus,earth,mars,jupiter,saturn",4.26127109996075,-8.160229804926867e-16,21.18160957519239,2,0.40988226862251476,0.8572734438759367,6,1.7917594692280547,0.16666666666666666,"0,5,10,9,6,4",151.0
2023-01-25,"mercury,venus,earth,mars,jupiter,saturn",4.225001321620156,-3.068062871710995e-16,21.001256475942252,2,0.4227447537601333,0.84997943757035,5,1.5607104090414063,0.3333333333333333,"0,6,10,9,6,4",137.0
2023-01-26,"mercury,venus,earth,mars,jupiter,saturn",4.187529835721308,-5.045498000344463e-16,20.820454221456547,2,0.43596995404719036,0.8422201522858703,5,1.5607104090414063,0.3333333333333333,"0,6,10,9,6,4",110.0
2023-01-27,"mercury,venus,earth,mars,jupiter,saturn",4.148973118213984,-6.404417930383535e-16,20.64027845275673,2,0.4494877664536581,0.8339993074736431,5,1.5607104090414063,0.3333333333333333,"0,6,10,9,6,4",86.0
2023-01-28,"mercury,venus,earth,mars,jupiter,saturn",4.109427600205581,-3.2842923644266624e-16,20.461659200195832,2,0.46323151557258024,0.8253189556187007,5,1.5607104090414063,0.3333333333333333,"0,6,10,9,6,4",85.0
2023-01-29,"mercury,venus,earth,mars,jupiter,saturn",4.068977201454649,-4.1929711208424255e-16,20.285424514459628,2,0.4771354722175487,0.8161808718450055,5,1.5607104090414063,0.3333333333333333,"0,6,10,9,6,4",79.0
2023-01-30,"mercury,venus,earth,mars,jupiter,saturn",4.02770007886972,-5.750412462161357e-16,20.112334904217658,2,0.4911327528849201,0.8065879969970685,5,1.5607104090414063,0.3333333333333333,"0,6,10,9,6,4",76.0
2023-01-31,"mercury,venus,earth,mars,jupiter,saturn",3.9856749595948378,-5.362029801928183e-16,19.943110251944574,2,0.5051535494748808,0.7965460092661509,5,1.5607104090414063,0.3333333333333333,"1,6,10,9,6,4",80.0
2023-02-01,"mercury,venus,earth,mars,jupiter,saturn",3.9429874290526232,-5.346540026997208e-16,19.778450582702558,2,0.5191236578822299,0.7860651065996004,5,1.5607104090414063,0.3333333333333333,"1,6,10,9,6,4",72.0
2023-02-02,"mercury,venus,earth,mars,jupiter,saturn",3.899736565527949,-8.855950747615339e-16,19.619051774696054,2,0.5329632920355659,0.7751620952512283,5,1.5607104090414063,0.3333333333333333,"1,6,10,9,6,4",58.0
2023-02-03,"mercury,venus,earth,mars,jupiter,saturn",3.8560423603233343,-9.110190435960604e-16,19.4656170453359,2,0.5465861863755574,0.7638628999007603,5,1.5607104090414063,0.3333333333333333,"1,6,10,9,6,4",64.0
2023-02-04,"mercury,venus,earth,mars,jupiter,saturn",3.8120544406038643,-3.4623814434941756e-16,19.318864829008913,2,0.5598990043339211,0.7522056387240192,5,1.5607104090414063,0.3333333333333333,"1,6,10,9,6,4",71.0
2023-02-05,"mercury,venus,earth,mars,jupiter,saturn",3.767962721356513,-4.287084156717026e-16,19.179533482786606,2,0.5728010826963026,0.7402444424560429,5,1.5607104090414063,0.3333333333333333,"1,6,10,9,6,4",74.0
2023-02-06,"mercury,venus,earth,mars,jupiter,saturn",3.724010742763639,-2.8802505329821844e-16,19.04838311127432,2,0.5851845511940836,0.7280542359530071,5,1.5607104090414063,0.3333333333333333,"1,6,10,9,6,4",111.0
2023-02-07,"mercury,venus,earth,mars,jupiter,saturn",3.6805125599364144,-8.637986159761585e-16,18.92619468846242,2,0.5969348724321624,0.7157367303268611,5,1.5607104090414063,0.3333333333333333,"1,6,10,9,6,4",107.0
2023-02-08,"mercury,venus,earth,mars,jupiter,saturn",3.6378740353653383,-6.72326547768151e-16,18.813766569986527,2,0.6079318482750451,0.7034278568278616,5,1.5607104090414063,0.3333333333333333,"1,6,10,9,6,4",125.0
2023-02-09,"mercury,venus,earth,mars,jupiter,saturn",3.5966189871696805,-8.557769804626081e-17,18.711908431702746,2,0.6180511339083425,0.6913067251308871,5,1.5607104090414063,0.3333333333333333,"1,6,10,9,6,4",129.0
2023-02-10,"mercury,venus,earth,mars,jupiter,saturn",3.5574193389860778,-5.45120544062632e-16,18.621432638951354,2,0.6271662888111764,0.6796057316728993,5,1.5607104090414063,0.3333333333333333,"1,6,10,9,6,4",163.0
2023-02-11,"mercury,venus,earth,mars,jupiter,saturn",3.5211252465282623,-5.362917847651833e-16,18.543143045138287,2,0.6351513738936804,0.6686203612601347,5,1.5607104090414063,0.3333333333333333,"2,6,10,9,6,4",166.0
2023-02-12,"mercury,venus,earth,mars,jupiter,saturn",3.4887848395017254,-3.6151645275586753e-16,18.477821238653462,2,0.6418840756596442,0.658715088707291,5,1.5607104090414063,0.3333333333333333,"2,6,10,9,6,4",159.0
2023-02-13,"mercury,venus,earth,mars,jupiter,saturn",3.4616331357870456,-3.2049249606252923e-16,18.42621030411317,2,0.6472493018616063,0.650318419740601,5,1.5607104090414063,0.3333333333333333,"2,6,10,9,6,4",177.0
2023-02-14,"mercury,venus,earth,mars,jupiter,saturn",3.441019408596357,-5.741398441046671e-16,18.388996237517365,2,0.6511431502751319,0.643896731360438,5,1.5607104090414063,0.3333333333333333,"2,6,10,9,6,5",159.0
2023-02-15,"mercury,venus,earth,mars,jupiter,saturn",3.4282448214585153,-3.0252287501968036e-16,18.366787254212078,2,0.6534771058495392,0.6398975712620524,6,1.7917594692280547,0.16666666666666666,"2,7,10,9,6,5",121.0
2023-02-16,"mercury,venus,earth,mars,jupiter,saturn",3.4243178943888837,-2.3335296680695507e-16,18.360091350997237,2,0.6541822759437503,0.6386652886231428,6,1.7917594692280547,0.16666666666666666,"2,7,10,9,6,5",91.0
2023-02-17,"mercury,venus,earth,mars,jupiter,saturn",3.429704913020781,-4.612222041972763e-16,18.369292624548393,2,0.6532134342158986,0.6403554034889284,6,1.7917594692280547,0.16666666666666666,"2,7,10,9,6,5",86.0
2023-02-18,"mercury,venus,earth,mars,jupiter,saturn",3.444199842431373,-1.1198275352366706e-15,18.394627000032102,2,0.650552617312985,0.6448900841851042,6,1.7917594692280547,0.16666666666666666,"2,7,11,9,6,5",104.0
2023-02-19,"mercury,venus,earth,mars,jupiter,saturn",3.4669893874038453,-2.5558978289386027e-16,18.43615817589564,2,0.6462120109876046,0.6519804884342153,6,1.7917594692280547,0.16666666666666666,"2,7,11,9,6,5",107.0
2023-02-20,"mercury,venus,earth,mars,jupiter,saturn",3.4968675527156496,-3.5855212294642905e-16,18.49375472988328,2,0.6402358786184364,0.6612006517787701,6,1.7917594692280547,0.16666666666666666,"2,7,11,9,6,5",112.0
2023-02-21,"mercury,venus,earth,mars,jupiter,saturn",3.5324797844016467,-3.78852399836603e-16,18.56706944159285,2,0.6327013279061797,0.6720723195688008,6,1.7917594692280547,0.16666666666666666,"3,7,11,9,6,5",104.0
2023-02-22,"mercury,venus,earth,mars,jupiter,saturn",3.5725041271966123,-5.574008199243666e-16,18.655521951314316,2,0.623717779957309,0.684129115880227,6,1.7917594692280547,0.16666666666666666,"3,7,11,9,6,5",86.0
2023-02-23,"mercury,venus,earth,mars,jupiter,saturn",3.615745839182338,-4.835323681366356e-16,18.758285876940725,2,0.6134250943585996,0.6969516329653334,6,1.7917594692280547,0.16666666666666666,"3,7,11,9,6,5",90.0
2023-02-24,"mercury,venus,earth,mars,jupiter,saturn",3.661166180520919,-3.0554084028376153e-16,18.87428143652924,2,0.6019904057715394,0.7101800323612742,6,1.7917594692280547,0.16666666666666666,"3,7,11,9,6,5",117.0
2023-02-25,"mercury,venus,earth,mars,jupiter,saturn",3.707875153141189,-5.447321319136903e-16,19.002174464869324,2,0.5896038308707473,0.7235139418754064,6,1.7917594692280547,0.16666666666666666,"3,7,11,9,6,5",127.0
2023-02-26,"mercury,venus,earth,mars,jupiter,saturn",3.755110080363106,-7.149781022916692e-16,19.140382466931946,2,0.5764732968450761,0.7367068939194958,6,1.7917594692280547,0.16666666666666666,"3,7,11,9,6,5",119.0
2023-02-27,"mercury,venus,earth,mars,jupiter,saturn",3.80221195060449,-2.619807003741975e-16,19.287088027385316,2,0.5628188128296875,0.7495592749300819,6,1.7917594692280547,0.16666666666666666,"3,7,11,9,6,5",126.0
2023-02-28,"mercury,venus,earth,mars,jupiter,saturn",3.8486045933336435,-1.2730101619411813e-15,19.440259511653913,2,0.5488665450891355,0.761911501590273,6,1.7917594692280547,0.16666666666666666,"3,7,11,9,6,5",91.0
2023-03-01,"mercury,venus,earth,mars,jupiter,saturn",3.89377809830261,-2.0740606331955937e-16,19.59767857801086,2,0.5348430614170467,0.7736379499474352,6,1.7917594692280547,0.16666666666666666,"3,7,11,9,6,5",93.0
2023-03-02,"mercury,venus,earth,mars,jupiter,saturn",3.9372762685377287,-1.6357525607895115e-16,19.756973607128018,2,0.5209700808956321,0.7846416522618344,6,1.7917594692280547,0.16666666666666666,"4,7,11,9,6,5",100.0
2023-03-03,"mercury,venus,earth,mars,jupiter,saturn",3.9786873312003492,-3.620893638586427e-16,19.915657784504134,2,0.5074600072869606,0.7948496128393531,6,1.7917594692280547,0.16666666666666666,"4,7,11,9,6,5",119.0
2023-03-04,"mercury,venus,earth,mars,jupiter,saturn",4.017637037666766,-7.415639800916523e-16,20.071170280862376,2,0.49451244669592964,0.8042085807932401,6,1.7917594692280547,0.16666666666666666,"4,7,11,9,6,5",127.0
2023-03-05,"mercury,venus,earth,mars,jupiter,saturn",4.053783374167426,-3.5043532011998893e-16,20.22091879934337,2,0.48231182317543875,0.8126811549834161,6,1.7917594692280547,0.16666666666666666,"4,7,11,10,6,5",151.0
2023-03-06,"mercury,venus,earth,mars,jupiter,saturn",4.086812246944096,-7.221042730927794e-16,20.362321720215352,2,0.47102611984561793,0.8202421399319495,6,1.7917594692280547,0.16666666666666666,"4,8,11,10,6,5",185.0
2023-03-07,"mercury,venus,earth,mars,jupiter,saturn",4.116433649187779,-4.857309554425698e-16,20.492848186077484,2,0.4608066962776114,0.826875104636631,6,1.7917594692280547,0.16666666666666666,"4,8,11,10,6,5",186.0
2023-03-08,"mercury,venus,earth,mars,jupiter,saturn",4.1423779437788975,-5.597244553736978e-16,20.610054732865006,2,0.45178907087833997,0.8325691150030523,6,1.7917594692280547,0.16666666666666666,"4,8,11,10,6,5",166.0
2023-03-09,"mercury,venus,earth,mars,jupiter,saturn",4.164392003003007,-2.1755709159035013e-16,20.71161747331471,2,0.444094511979937,0.8373156165625117,6,1.7917594692280547,0.16666666666666666,"4,8,11,10,6,5",156.0
2023-03-10,"mercury,venus,earth,mars,jupiter,saturn",4.182235036233513,-8.963065563763948e-16,20.795359361796105,2,0.4378322521394493,0.8411054405932813,5,1.5607104090414063,0.3333333333333333,"5,8,11,10,6,5",148.0
2023-03-11,"mercury,venus,earth,mars,jupiter,saturn",4.195674013389843,-6.995246071557022e-16,20.859272692591546,2,0.4331021226864869,0.843925897420528,5,1.5607104090414063,0.3333333333333333,"5,8,11,10,6,5",149.0
2023-03-12,"mercury,venus,earth,mars,jupiter,saturn",4.20447866145759,-1.2352458905477254e-16,20.90153769181334,2,0.4299973932101672,0.8457579090736536,5,1.5607104090414063,0.3333333333333333,"5,8,11,10,6,5",136.0
2023-03-13,"mercury,venus,earth,mars,jupiter,saturn",4.208416080989113,-1.7526424052249964e-16,20.920538849586165,2,0.4286075846567039,0.8465731230951589,5,1.5607104090414063,0.3333333333333333,"5,8,11,10,6,5",104.0
2023-03-14,"mercury,venus,earth,mars,jupiter,saturn",4.207245109889719,-5.96335648388235e-16,20.91488151070528,2,0.42902099404219185,0.8463309440998146,5,1.5607104090414063,0.3333333333333333,"5,8,11,10,6,5",115.0
2023-03-15,"mercury,venus,earth,mars,jupiter,saturn",4.200710668763196,-2.0823512818480477e-16,20.88341222016352,2,0.4313266099367751,0.8449754253102019,5,1.5607104090414063,0.3333333333333333,"5,8,11,10,6,5",107.0
2023-03-16,"mercury,venus,earth,mars,jupiter,saturn",4.188538480137229,-1.1521060522874758e-15,20.82524743753383,2,0.4356149940371702,0.842431988009448,5,1.5607104090414063,0.3333333333333333,"5,8,11,10,6,5",94.0
2023-03-17,"mercury,venus,earth,mars,jupiter,saturn",4.170430801971353,-2.671814024958773e-16,20.739816524406603,2,0.4419775345244854,0.8386039989102095,5,1.5607104090414063,0.3333333333333333,"5,8,11,10,6,5",72.0
2023-03-18,"mercury,venus,earth,mars,jupiter,saturn",4.146064217570322,-2.876481280960616e-17,20.62692638159015,2,0.4505032169197756,0.8333693628518114,5,1.5607104090414063,0.3333333333333333,"6,8,11,10,6,5",44.0
2023-03-19,"mercury,venus,earth,mars,jupiter,saturn",4.115091186310076,-3.2649573248213754e-16,20.486856707572827,2,0.46127168251831596,0.8265775327743344,5,1.5607104090414063,0.3333333333333333,"6,8,11,10,6,5",73.0
2023-03-20,"mercury,venus,earth,mars,jupiter,saturn",4.0771481686523625,-4.993290806877364e-16,20.32049635446227,2,0.474340837406224,0.8180477926906033,5,1.5607104090414063,0.3333333333333333,"6,8,11,10,6,5",83.0
2023-03-21,"mercury,venus,earth,mars,jupiter,saturn",4.031875033304052,-1.280269138102985e-16,20.12953216871248,2,0.48972665548146516,0.8075704963201992,5,1.5607104090414063,0.3333333333333333,"6,8,11,10,6,5",96.0
2023-03-22,"mercury,venus,earth,mars,jupiter,saturn",3.978953781325107,-5.516728062718228e-16,19.916701011941452,2,0.5073721944293641,0.7949144381104549,5,1.5607104090414063,0.3333333333333333,"6,8,0,10,6,5",104.0
2023-03-23,"mercury,venus,earth,mars,jupiter,saturn",3.9181806887724924,-4.702513630892044e-16,19.686111554469463,2,0.5271025120887644,0.7798462315623823,5,1.5607104090414063,0.3333333333333333,"6,8,0,10,6,5",112.0
2023-03-24,"mercury,venus,earth,mars,jupiter,saturn",3.849597554746577,-9.130212057443019e-16,19.443632010062718,2,0.5485627841251663,0.7621724853587692,5,1.5607104090414063,0.3333333333333333,"6,9,0,10,6,5",149.0
2023-03-25,"mercury,venus,earth,mars,jupiter,saturn",3.7737309384170397,-3.065426776278864e-16,19.197319130127426,2,0.5711396894849503,0.741824683906863,6,1.7917594692280547,0.16666666666666666,"7,9,0,10,6,5",153.0
2023-03-26,"mercury,venus,earth,mars,jupiter,saturn",3.6920360794015146,-3.7464653397233376e-16,18.95782787038684,2,0.593872890638163,0.7190238515085937,6,1.7917594692280547,0.16666666666666666,"7,9,0,10,6,5",154.0
2023-03-27,"mercury,venus,earth,mars,jupiter,saturn",3.6077365628372275,-9.205833096467096e-17,18.73868745961842,2,0.6153761827429693,0.6945931050337085,6,1.7917594692280547,0.16666666666666666,"7,9,0,10,6,5",158.0
2023-03-28,"mercury,venus,earth,mars,jupiter,saturn",3.5273816356010346,-8.449777482239061e-16,18.556262779138443,2,0.633806862099288,0.6705240894283738,6,1.7917594692280547,0.16666666666666666,"7,9,0,10,6,5",148.0
2023-03-29,"mercury,venus,earth,mars,jupiter,saturn",3.4632282524433515,-3.0148753318212975e-16,18.42916082772345,2,0.6469414852380718,0.6508136773367906,6,1.7917594692280547,0.16666666666666666,"7,9,0,10,6,5",158.0
2023-03-30,"mercury,venus,earth,mars,jupiter,saturn",3.4340715097187853,-2.7296179553431534e-16,18.37683615109909,2,0.6524201190991037,0.6417234738830135,6,1.7917594692280547,0.16666666666666666,"8,9,0,10,6,5",108.0
2023-03-31,"mercury,venus,earth,mars,jupiter,saturn",3.4567621734388685,-6.158942866034109e-16,18.41726336616919,2,0.6481835151178464,0.648804574607289,6,1.7917594692280547,0.16666666666666666,"8,9,0,10,6,5",75.0
2023-04-01,"mercury,venus,earth,mars,jupiter,saturn",3.5309584447860085,-2.747264237693278e-16,18.563833740179152,2,0.6330321609422334,0.6716106011993032,6,1.7917594692280547,0.16666666666666666,"8,9,0,10,6,5",47.0
2023-04-02,"mercury,venus,earth,mars,jupiter,saturn",3.6411187925669433,-2.4795066283865497e-16,18.822066612365,2,0.607113846171122,0.7043724971664158,6,1.7917594692280547,0.16666666666666666,"8,9,0,10,6,5",44.0
2023-04-03,"mercury,venus,earth,mars,jupiter,saturn",3.770429490024996,-2.21008430586511e-16,19.187123198200354,2,0.5720915913282144,0.7409207932006997,5,1.5607104090414063,0.3333333333333333,"9,9,0,10,6,5",61.0
2023-04-04,"mercury,venus,earth,mars,jupiter,saturn",3.906413319524509,-7.735920540164557e-16,19.643170211622884,2,0.5308489622015644,0.7768636558435511,5,1.5607104090414063,0.3333333333333333,"9,9,0,10,6,5",65.0
2023-04-05,"mercury,venus,earth,mars,jupiter,saturn",4.040469389812611,-3.727101145671185e-16,20.165153102274058,2,0.4868250628732461,0.8095843759386908,5,1.5607104090414063,0.3333333333333333,"9,9,0,10,6,5",53.0
2023-04-06,"mercury,venus,earth,mars,jupiter,saturn",4.166755746405568,-3.169441345972812e-16,20.722637943540825,2,0.44326617662693674,0.8378206238755164,5,1.5607104090414063,0.3333333333333333,"9,9,0,10,6,5",49.0
2023-04-07,"mercury,venus,earth,mars,jupiter,saturn",4.281514273625464,-1.6727861696591899e-16,21.2845576670116,2,0.4026845064550149,0.8612518409846921,5,1.5607104090414063,0.3333333333333333,"9,9,0,10,6,5",48.0
2023-04-08,"mercury,venus,earth,mars,jupiter,saturn",4.382650725667646,-6.10306806693395e-16,21.823446058378533,2,0.36665147902849654,0.8801372309310831,5,1.5607104090414063,0.3333333333333333,"10,9,0,10,6,5",48.0
2023-04-09,"mercury,venus,earth,mars,jupiter,saturn",4.4693799852008365,-4.222105026757379e-16,22.318155081817622,2,0.33587377088895765,0.8950272716935977,5,1.5607104090414063,0.3333333333333333,"10,9,0,10,6,5",60.0
2023-04-10,"mercury,venus,earth,mars,jupiter,saturn",4.541879821627296,-5.222151224475338e-16,22.754786768682838,2,0.3104160274058235,0.9065640791895361,4,1.2424533248940002,0.5,"10,10,0,10,6,5",90.0
2023-04-11,"mercury,venus,earth,mars,jupiter,saturn",4.600966338670795,-6.310984916517079e-16,23.126186435113944,2,0.28994727567524226,0.9153645504405206,4,1.2424533248940002,0.5,"10,10,0,10,6,5",109.0
2023-04-12,"mercury,venus,earth,mars,jupiter,saturn",4.647818489160654,-8.341755347035049e-16,23.430611546439405,2,0.27394236704842934,0.9219655520031176,4,1.2424533248940002,0.5,"10,10,0,10,6,5",130.0
2023-04-13,"mercury,venus,earth,mars,jupiter,saturn",4.683767773859787,-2.638942963775548e-16,23.670147832577488,2,0.2618186736573046,0.9268079234069841,5,1.5607104090414063,0.3333333333333333,"11,10,0,10,6,5",150.0
2023-04-14,"mercury,venus,earth,mars,jupiter,saturn",4.710153754424612,-4.75155334641699e-16,23.84925172754519,2,0.25301547599265983,0.9302408580264429,5,1.5607104090414063,0.3333333333333333,"11,10,0,10,6,5",163.0
2023-04-15,"mercury,venus,earth,mars,jupiter,saturn",4.72823557227006,-5.062091262388452e-16,23.973596386519247,2,0.24703243764576222,0.9325347464117338,5,1.5607104090414063,0.3333333333333333,"11,10,0,10,6,5",177.0
2023-04-16,"mercury,venus,earth,mars,jupiter,saturn",4.739145627180863,-3.3182507697360087e-16,24.049255025084637,2,0.2434427641558256,0.9338959253499145,5,1.5607104090414063,0.3333333333333333,"11,10,0,10,6,5",183.0
2023-04-17,"mercury,venus,earth,mars,jupiter,saturn",4.743871987739008,-4.595084544943373e-16,24.0821790192416,2,0.24189253636811608,0.9344802817915253,5,1.5607104090414063,0.3333333333333333,"11,10,0,10,6,5",149.0
2023-04-18,"mercury,venus,earth,mars,jupiter,saturn",4.743258633590688,-2.7212809536592654e-16,24.077901327176942,2,0.24209354655636817,0.9344046293494168,5,1.5607104090414063,0.3333333333333333,"11,10,0,10,6,5",135.0
2023-04-19,"mercury,venus,earth,mars,jupiter,saturn",4.738015631349221,-1.6326525058241332e-16,24.041396669628465,2,0.24381383642027837,0.9337557393772031,5,1.5607104090414063,0.3333333333333333,"11,10,0,10,6,5",103.0
2023-04-20,"mercury,venus,earth,mars,jupiter,saturn",4.728733993233315,-4.338225460351713e-16,23.977042438720808,2,0.246868107275933,0.9325973057731829,4,1.3296613488547582,0.3333333333333333,"0,10,0,10,6,5",103.0
2023-04-21,"mercury,venus,earth,mars,jupiter,saturn",4.715901986196542,-7.192797362338892e-16,23.888639252466476,2,0.25110898039504903,0.930975235063515,4,1.3296613488547582,0.3333333333333333,"0,10,0,10,6,5",104.0
2023-04-22,"mercury,venus,earth,mars,jupiter,saturn",4.699921062463551,-6.420264389541437e-16,23.77946323721441,2,0.25641943947528617,0.9289216401999874,4,1.3296613488547582,0.3333333333333333,"0,10,0,10,6,5",97.0
2023-04-23,"mercury,venus,earth,mars,jupiter,saturn",4.681120492344468,-4.558507803034168e-16,23.65233221956101,2,0.2627064664361005,0.9264578588036602,5,1.5607104090414063,0.3333333333333333,"0,10,1,10,6,5",83.0
2023-04-24,"mercury,venus,earth,mars,jupiter,saturn",4.6597703356036355,-4.2007932261785985e-16,23.50967513389961,2,0.2698957413871052,0.9235967514184001,5,1.5607104090414063,0.3333333333333333,"0,10,1,10,6,5",73.0
2023-04-25,"mercury,venus,earth,mars,jupiter,saturn",4.636092705917062,-4.809037365119777e-16,23.35359868471003,2,0.2779272311057719,0.9203444774414759,5,1.5607104090414063,0.3333333333333333,"0,10,1,10,6,5",73.0
2023-04-26,"mercury,venus,earth,mars,jupiter,saturn",4.610271451178745,-7.265890032305687e-16,23.185948292962596,2,0.28675148907658643,0.9167019000040197,5,1.5607104090414063,0.3333333333333333,"0,10,1,10,6,5",97.0
2023-04-27,"mercury,venus,earth,mars,jupiter,saturn",4.582460450371854,-5.768806403441584e-16,23.00836215398218,2,0.2963265082703148,0.9126657359914605,6,1.7917594692280547,0.16666666666666666,"0,11,1,10,6,5",109.0
2023-04-28,"mercury,venus,earth,mars,jupiter,saturn",4.5527907542387585,-6.412777655518475e-16,22.822318252898743,2,0.306614992487516,0.9082295418980585,6,1.7917594692280547,0.16666666666666666,"0,11,1,10,6,5",111.0
2023-04-29,"mercury,venus,earth,mars,jupiter,saturn",4.52137679624284,-3.6469744584671567e-16,22.629174712292258,2,0.3175819373666037,0.9033846082994148,5,1.5607104090414063,0.3333333333333333,"1,11,1,10,6,5",111.0
2023-04-30,"mercury,venus,earth,mars,jupiter,saturn",4.488321886799538,-5.832246321534833e-16,22.430204077453073,2,0.3291924358153874,0.8981208235984632,5,1.5607104090414063,0.3333333333333333,"1,11,1,10,6,5",102.0
2023-05-01,"mercury,venus,earth,mars,jupiter,saturn",4.453723185787343,-1.1879611720724875e-15,22.226622201791397,2,0.34140964421702674,0.892427559866522,5,1.5607104090414063,0.3333333333333333,"1,11,1,10,6,5",104.0
2023-05-02,"mercury,venus,earth,mars,jupiter,saturn",4.417676330444223,-8.483021323709759e-16,22.0196123558036,2,0.35419286565723895,0.8862946288617765,5,1.5607104090414063,0.3333333333333333,"1,11,1,10,6,5",123.0
2023-05-03,"mercury,venus,earth,mars,jupiter,saturn",4.380279880100206,-6.460459991649013e-16,21.810345094818878,2,0.3674957252950696,0.8797133536675941,5,1.5607104090414063,0.3333333333333333,"1,11,1,10,6,5",124.0
2023-05-04,"mercury,venus,earth,mars,jupiter,saturn",4.34163972651974,-5.506247113214739e-16,21.599994311551928,2,0.3812644315614183,0.8726777999572571,5,1.5607104090414063,0.3333333333333333,"1,11,1,10,6,5",138.0
2023-05-05,"mercury,venus,earth,mars,jupiter,saturn",4.301873608621952,-5.107416536104503e-16,21.389749785652686,2,0.3954361356925713,0.8651862097503894,5,1.5607104090414063,0.3333333333333333,"1,11,1,10,6,5",115.0
2023-05-06,"mercury,venus,earth,mars,jupiter,saturn",4.261115861745795,-3.7700040015966603e-16,21.18082643349368,2,0.409937421516936,0.8572426786194421,5,1.5607104090414063,0.3333333333333333,"1,11,1,10,6,5",116.0
2023-05-07,"mercury,venus,earth,mars,jupiter,saturn",4.219522521956078,-3.935595617548593e-16,20.97447036311623,2,0.42468297738231264,0.8488591132486333,5,1.5607104090414063,0.3333333333333333,"1,11,1,10,6,5",133.0
2023-05-08,"mercury,venus,earth,mars,jupiter,saturn",4.177276890846359,-7.506128225073639e-16,20.77196175544174,2,0.4395745221456381,0.8400574980948852,5,1.5607104090414063,0.3333333333333333,"1,11,1,10,6,5",128.0
2023-05-09,"mercury,venus,earth,mars,jupiter,saturn",4.134595638697438,-8.986674656758135e-16,20.574614526702497,2,0.4545000761839369,0.8308724847967142,5,1.5607104090414063,0.3333333333333333,"1,11,1,10,6,5",176.0
2023-05-10,"mercury,venus,earth,mars,jupiter,saturn",4.091735471993447,-8.295562163325352e-16,20.383772681617508,2,0.46933368470776826,0.8213542916845797,6,1.7917594692280547,0.16666666666666666,"2,11,1,10,6,5",165.0
2023-05-11,"mercury,venus,earth,mars,jupiter,saturn",4.049000296799868,-3.903730762494692e-16,20.20080324537242,2,0.4839357118669848,0.8115718570369735,5,1.5607104090414063,0.3333333333333333,"2,11,1,11,6,5",157.0
2023-05-12,"mercury,venus,earth,mars,jupiter,saturn",4.006748644982272,-9.41848220447645e-16,20.027085668347276,2,0.49815382722213275,0.801616119785247,5,1.5607104090414063,0.3333333333333333,"2,11,1,11,6,5",145.0
2023-05-13,"mercury,venus,earth,mars,jupiter,saturn",3.9654008582098954,-6.250792429790323e-16,19.86399763406481,2,0.5118247977153167,0.791603193675676,5,1.5607104090414063,0.3333333333333333,"2,11,1,11,6,5",133.0
2023-05-14,"mercury,venus,earth,mars,jupiter,saturn",3.925445101214882,-7.709433525602039e-16,19.71289727072525,2,0.5247771749507235,0.7816770427518697,5,1.5607104090414063,0.3333333333333333,"2,11,1,11,6,5",131.0
2023-05-15,"mercury,venus,earth,mars,jupiter,saturn",3.887440666035798,-5.252477063718689e-16,19.57510187146812,2,0.5368349267073451,0.7720110490957788,5,1.5607104090414063,0.3333333333333333,"2,11,1,11,6,5",113.0
2023-05-16,"mercury,venus,earth,mars,jupiter,saturn",3.852016246230294,-7.706058605922382e-16,19.451863367680716,2,0.5478220019926433,0.7628075974395091,5,1.5607104090414063,0.3333333333333333,"2,11,1,11,6,5",106.0
2023-05-17,"mercury,venus,earth,mars,jupiter,saturn",3.819860039878022,-9.984685059255463e-16,19.344340969977594,2,0.557567741884749,0.7542945374516847,6,1.7917594692280547,0.16666666666666666,"2,0,1,11,6,5",110.0
2023-05-18,"mercury,venus,earth,mars,jupiter,saturn",3.7916980440953765,-8.156660361704816e-16,19.253571586048885,2,0.5659129584385479,0.7467172515677165,6,1.7917594692280547,0.16666666666666666,"2,0,1,11,6,5",120.0
2023-05-19,"mercury,venus,earth,mars,jupiter,saturn",3.7682573893100386,-6.212098856606903e-16,19.180438832458947,2,0.5727164092790777,0.7403252801525859,6,1.7917594692280547,0.16666666666666666,"2,0,1,11,6,5",142.0
2023-05-20,"mercury,venus,earth,mars,jupiter,saturn",3.750213857332585,-3.9863359413765155e-16,19.12564166346767,2,0.5778613078599345,0.7353533137972316,6,1.7917594692280547,0.16666666666666666,"3,0,1,11,6,5",144.0
2023-05-21,"mercury,venus,earth,mars,jupiter,saturn",3.7381273010347913,-7.981516150577158e-16,19.08966382506581,2,0.5812614427140125,0.7319979988538892,6,1.7917594692280547,0.16666666666666666,"3,0,1,11,6,5",146.0
2023-05-22,"mercury,venus,earth,mars,jupiter,saturn",3.732374728218983,-4.745746744934319e-16,19.072745485067653,2,0.5828664475496963,0.7303941177610862,6,1.7917594692280547,0.16666666666666666,"3,0,1,11,6,5",136.0
2023-05-23,"mercury,venus,earth,mars,jupiter,saturn",3.733095651349381,-1.5979118340688965e-16,19.074858468054742,2,0.58266577928681,0.7305953627631218,6,1.7917594692280547,0.16666666666666666,"3,0,1,11,6,5",127.0
2023-05-24,"mercury,venus,earth,mars,jupiter,saturn",3.7401643455887053,-3.3762737605968633e-16,19.09568651696152,2,0.5806910289848785,0.7325648815813757,6,1.7917594692280547,0.16666666666666666,"3,0,2,11,6,5",151.0
2023-05-25,"mercury,venus,earth,mars,jupiter,saturn",3.7531971507976896,-1.44016322130823e-16,19.134611895939514,2,0.5770163089898064,0.7361784461249061,6,1.7917594692280547,0.16666666666666666,"3,0,2,11,6,5",150.0
2023-05-26,"mercury,venus,earth,mars,jupiter,saturn",3.7715923258879043,-6.240306984373532e-16,19.190709434738206,2,0.5717566174837593,0.7412393335989553,6,1.7917594692280547,0.16666666666666666,"3,0,2,11,6,5",145.0
2023-05-27,"mercury,venus,earth,mars,jupiter,saturn",3.7945907112177863,-3.9379906942475393e-16,19.26274879670718,2,0.5650642600649141,0.7475007236828884,6,1.7917594692280547,0.16666666666666666,"3,0,2,11,6,5",137.0
2023-05-28,"mercury,venus,earth,mars,jupiter,saturn",3.821341995191731,-7.308479162194585e-16,19.34920534613106,2,0.5571235832858212,0.7546901478894983,6,1.7917594692280547,0.16666666666666666,"3,0,2,11,6,5",144.0
2023-05-29,"mercury,venus,earth,mars,jupiter,saturn",3.8509640189669283,-3.3622693023895435e-16,19.448279523152692,2,0.5481444231331106,0.7625314032392049,6,1.7917594692280547,0.16666666666666666,"4,0,2,11,6,5",158.0
2023-05-30,"mercury,venus,earth,mars,jupiter,saturn",3.8825882796855584,-5.010239782691314e-16,19.55792414287662,2,0.5383547724690116,0.7707613363988882,6,1.7917594692280547,0.16666666666666666,"4,0,2,11,6,5",166.0
2023-05-31,"mercury,venus,earth,mars,jupiter,saturn",3.9153902343045637,-6.49295120271107e-16,19.675878562120324,2,0.5279932138242005,0.7791408469251863,6,1.7917594692280547,0.16666666666666666,"4,0,2,11,6,5",177.0
2023-06-01,"mercury,venus,earth,mars,jupiter,saturn",3.9486064110960126,-9.425663525534896e-16,19.799708246344906,2,0.5173016459519304,0.7874607239541914,6,1.7917594692280547,0.16666666666666666,"4,0,2,11,6,5",153.0
2023-06-02,"mercury,venus,earth,mars,jupiter,saturn",3.98154163430613,-4.237952248661643e-16,19.9268479597527,2,0.5065187620769688,0.7955434706849576,6,1.7917594692280547,0.16666666666666666,"4,0,2,11,6,5",145.0
2023-06-03,"mercury,venus,earth,mars,jupiter,saturn",4.013569588958636,-5.735940775111856e-16,20.054646623323556,2,0.49587462974304497,0.8032423182505309,6,1.7917594692280547,0.16666666666666666,"4,0,2,11,6,5",143.0
2023-06-04,"mercury,venus,earth,mars,jupiter,saturn",4.044129267872031,-5.408702337916093e-16,20.18041185605397,2,0.4855865949949144,0.8104384415897241,6,1.7917594692280547,0.16666666666666666,"4,0,2,11,6,5",144.0
2023-06-05,"mercury,venus,earth,mars,jupiter,saturn",4.072719053972915,-3.266520759809332e-16,20.301452337513098,2,0.4758566054286547,0.8170371368921446,6,1.7917594692280547,0.16666666666666666,"4,0,2,11,6,5",158.0
2023-06-06,"mercury,venus,earth,mars,jupiter,saturn",4.09888952953104,-8.434752248285876e-16,20.41511639622589,2,0.466869932122264,0.8229634869191902,5,1.5607104090414063,0.3333333333333333,"5,1,2,11,6,5",185.0
2023-06-07,"mercury,venus,earth,mars,jupiter,saturn",4.122235630464351,-1.0255538074453106e-15,20.518825620567434,2,0.45879517908451567,0.8281578540263408,5,1.5607104090414063,0.3333333333333333,"5,1,2,11,6,5",198.0
2023-06-08,"mercury,venus,earth,mars,jupiter,saturn",4.142388459610827,-9.70138453002139e-16,20.610102785303994,2,0.4517854042757913,0.8325714009807091,5,1.5607104090414063,0.3333333333333333,"5,1,2,11,6,5",181.0
2023-06-09,"mercury,venus,earth,mars,jupiter,saturn",4.159006895706347,-3.9624151180957146e-16,20.686593968589726,2,0.4459801367119315,0.8361617376353505,5,1.5607104090414063,0.3333333333333333,"5,1,2,11,6,5",167.0
2023-06-10,"mercury,venus,earth,mars,jupiter,saturn",4.1717690452409055,-3.7618533329205057e-16,20.746085390769565,2,0.44150805350213773,0.8388887175107032,5,1.5607104090414063,0.3333333333333333,"5,1,2,11,6,5",148.0
2023-06-11,"mercury,venus,earth,mars,jupiter,saturn",4.180363554512398,-3.8424488526953914e-16,20.786516241642286,2,0.4384900693602432,0.8407103549601269,5,1.5607104090414063,0.3333333333333333,"5,1,2,11,6,5",146.0
2023-06-12,"mercury,venus,earth,mars,jupiter,saturn",4.184480814296653,-2.8753704912309923e-16,20.80598959887372,2,0.43704257695131227,0.8415787964329577,5,1.5607104090414063,0.3333333333333333,"5,1,2,11,6,5",114.0
2023-06-13,"mercury,venus,earth,mars,jupiter,saturn",4.183804147217022,-4.503580002977235e-16,20.802784517936438,2,0.43728054462168153,0.8414362571115411,5,1.5607104090414063,0.3333333333333333,"5,1,2,11,6,5",93.0
2023-06-14,"mercury,venus,earth,mars,jupiter,saturn",4.178001177537448,-9.572418420268203e-16,20.775373548559234,2,0.4393201108170046,0.8402108293602668,5,1.5607104090414063,0.3333333333333333,"6,1,2,11,6,5",117.0
2023-06-15,"mercury,venus,earth,mars,jupiter,saturn",4.166715766402944,-4.2342420155247453e-16,20.722451359146415,2,0.44328019025203835,0.8378120897520115,5,1.5607104090414063,0.3333333333333333,"6,1,2,11,6,5",122.0
2023-06-16,"mercury,venus,earth,mars,jupiter,saturn",4.149561188043201,-5.659932793861897e-16,20.642981850110587,2,0.44928240016500276,0.8341264928846633,5,1.5607104090414063,0.3333333333333333,"6,1,2,11,6,5",131.0
2023-06-17,"mercury,venus,earth,mars,jupiter,saturn",4.126115675669864,-7.915276559230735e-16,20.53627302997879,2,0.45744829883048355,0.8290126715863086,5,1.5607104090414063,0.3333333333333333,"6,1,2,11,6,5",130.0
2023-06-18,"mercury,venus,earth,mars,jupiter,saturn",4.095922148725026,-3.790599570320969e-16,20.402090712132154,2,0.4678924838652251,0.8222970128468254,5,1.5607104090414063,0.3333333333333333,"6,1,2,11,6,5",160.0
2023-06-19,"mercury,venus,earth,mars,jupiter,saturn",4.058494931004255,-2.989981895561892e-16,20.2408230379234,2,0.4807095376605659,0.8137703231793635,5,1.5607104090414063,0.3333333333333333,"6,1,2,11,6,5",182.0
2023-06-20,"mercury,venus,earth,mars,jupiter,saturn",4.0133376779930074,-8.039668468496401e-16,20.05370649928053,2,0.49595222806439565,0.8031871473822645,5,1.5607104090414063,0.3333333333333333,"6,1,2,11,6,5",206.0
2023-06-21,"mercury,venus,earth,mars,jupiter,saturn",3.959978653516164,-3.3650427658822546e-16,19.843118030413418,2,0.5135980490839056,0.7902705064934282,6,1.7917594692280547,0.16666666666666666,"7,1,2,11,6,5",217.0
2023-06-22,"mercury,venus,earth,mars,jupiter,saturn",3.898032066297479,-5.487109254677509e-16,19.61292318419703,2,0.5335017135803053,0.7747266354526068,6,1.7917594692280547,0.16666666666666666,"7,1,3,11,6,5",240.0
2023-06-23,"mercury,venus,earth,mars,jupiter,saturn",3.827297747284873,-9.439955852635598e-16,19.36884312532525,2,0.5553336393992039,0.7562768695885074,6,1.7917594692280547,0.16666666666666666,"7,1,3,11,6,5",228.0
2023-06-24,"mercury,venus,earth,mars,jupiter,saturn",3.747917303382124,-1.0749690389624505e-15,19.118760585396778,2,0.5785102491575129,0.7347172977164833,6,1.7917594692280547,0.16666666666666666,"7,1,3,11,6,5",223.0
2023-06-25,"mercury,venus,earth,mars,jupiter,saturn",3.660617616168155,-3.651296398633218e-16,18.872831269583386,2,0.6021321761740562,0.7100217842458584,6,1.7917594692280547,0.16666666666666666,"7,1,3,11,6,5",204.0
2023-06-26,"mercury,venus,earth,mars,jupiter,saturn",3.5671071935630514,-2.919882370994833e-16,18.643221137981918,2,0.6249601665614828,0.682513694183785,6,1.7917594692280547,0.16666666666666666,"8,2,3,11,6,5",171.0
2023-06-27,"mercury,venus,earth,mars,jupiter,saturn",3.470791881962427,-6.392363105976853e-16,18.443289992243443,2,0.6454692875092791,0.6531587527476143,6,1.7917594692280547,0.16666666666666666,"8,2,3,11,6,5",156.0
2023-06-28,"mercury,venus,earth,mars,jupiter,saturn",3.378244503779874,-4.53259119353578e-16,18.286137809279378,2,0.6620168918642239,0.6241086032681864,6,1.7917594692280547,0.16666666666666666,"8,2,3,11,6,5",136.0
2023-06-29,"mercury,venus,earth,mars,jupiter,saturn",3.302199161981072,-3.0088689659595733e-16,18.18264866700413,2,0.673124561484532,0.5997211685213285,6,1.7917594692280547,0.16666666666666666,"8,2,3,11,6,5",111.0
2023-06-30,"mercury,venus,earth,mars,jupiter,saturn",3.2640609126210216,-4.0685451069500684e-16,18.139456331148494,2,0.6778108072777551,0.5873436031820594,6,1.7917594692280547,0.16666666666666666,"9,2,3,11,6,5",106.0
2023-07-01,"mercury,venus,earth,mars,jupiter,saturn",3.280590544074599,-2.480012387630435e-16,18.157462106848165,2,0.6758536017251968,0.5927190845582232,6,1.7917594692280547,0.16666666666666666,"9,2,3,11,6,5",136.0
2023-07-02,"mercury,venus,earth,mars,jupiter,saturn",3.340204045909008,-1.7458150483790032e-16,18.231477585705715,2,0.6678625752419445,0.6119615382712842,6,1.7917594692280547,0.16666666666666666,"9,2,3,11,6,5",148.0
2023-07-03,"mercury,venus,earth,mars,jupiter,saturn",3.419041483187465,-4.0337309927374913e-16,18.351191529263897,2,0.6551206221776771,0.63700739241457,6,1.7917594692280547,0.16666666666666666,"9,2,3,11,6,5",154.0
2023-07-04,"mercury,venus,earth,mars,jupiter,saturn",3.5015719576082107,-4.965190818938369e-16,18.503148857317868,2,0.6392659273436871,0.6626443028079003,6,1.7917594692280547,0.16666666666666666,"9,2,3,11,6,5",140.0
2023-07-05,"mercury,venus,earth,mars,jupiter,saturn",3.580120206802971,-3.712359404424288e-16,18.673078908682243,2,0.6219483744176546,0.6864031774213426,6,1.7917594692280547,0.16666666666666666,"10,2,3,11,6,5",135.0
2023-07-06,"mercury,venus,earth,mars,jupiter,saturn",3.6511148274868965,-6.468571509208142e-16,18.847901037146574,2,0.6045740602848191,0.7072744841572463,6,1.7917594692280547,0.16666666666666666,"10,2,3,11,6,5",145.0
2023-07-07,"mercury,venus,earth,mars,jupiter,saturn",3.713094053893562,-2.0706246313629758e-16,19.017006259396712,2,0.5881821367802891,0.7249862183879358,6,1.7917594692280547,0.16666666666666666,"10,2,3,11,6,5",159.0
2023-07-08,"mercury,venus,earth,mars,jupiter,saturn",3.765752858173184,-1.5651696378658807e-16,19.17275487960081,2,0.5734354070709813,0.7396378182421515,6,1.7917594692280547,0.16666666666666666,"10,2,3,11,6,5",177.0
2023-07-09,"mercury,venus,earth,mars,jupiter,saturn",3.8094339136077693,-7.360560201193287e-16,19.310366520996784,2,0.5606785647135789,0.7515023977595595,6,1.7917594692280547,0.16666666666666666,"10,2,3,11,6,5",180.0
2023-07-10,"mercury,venus,earth,mars,jupiter,saturn",3.844825293295964,-4.806191815398573e-16,19.427459552385226,2,0.5500207750455237,0.7609168608024943,5,1.5607104090414063,0.3333333333333333,"11,2,3,11,6,5",191.0
2023-07-11,"mercury,venus,earth,mars,jupiter,saturn",3.8727727836080605,-9.967730689155814e-16,19.52346466361392,2,0.5414149527499255,0.7682227151724733,5,1.5607104090414063,0.3333333333333333,"11,2,3,11,6,5",210.0
2023-07-12,"mercury,venus,earth,mars,jupiter,saturn",3.8941644088793415,-3.734337639184481e-16,19.59905998021308,2,0.534721393646493,0.7737369271124462,5,1.5607104090414063,0.3333333333333333,"11,2,3,11,6,5",196.0
2023-07-13,"mercury,venus,earth,mars,jupiter,saturn",3.9098627611693555,-1.1521609732389441e-15,19.65570048832545,2,0.5297533741113298,0.7777401176955572,4,1.3296613488547582,0.3333333333333333,"11,3,3,11,6,5",152.0
2023-07-14,"mercury,venus,earth,mars,jupiter,saturn",3.92066887397698,-4.343202168595379e-16,19.695262351020084,2,0.5263071080792948,0.7804742148345017,4,1.3296613488547582,0.3333333333333333,"11,3,3,11,6,5",152.0
2023-07-15,"mercury,venus,earth,mars,jupiter,saturn",3.9273062989235434,-4.607208066086461e-16,19.719793944046557,2,0.5241798942019313,0.7821448240954361,4,1.3296613488547582,0.3333333333333333,"11,3,3,11,6,5",127.0
2023-07-16,"mercury,venus,earth,mars,jupiter,saturn",3.93041755894578,-5.652503105441176e-16,19.731353667989247,2,0.5231800906286916,0.7829256141068184,4,1.3296613488547582,0.3333333333333333,"11,3,3,11,6,5",166.0
2023-07-17,"mercury,venus,earth,mars,jupiter,saturn",3.930567748207977,-5.067548620807629e-16,19.731912668009727,2,0.52313178434034,0.7829632678386994,5,1.5607104090414063,0.3333333333333333,"0,3,3,11,6,5",159.0
2023-07-18,"mercury,venus,earth,mars,jupiter,saturn",3.92825192015308,-7.612314497504767e-16,19.723303254535757,2,0.523876198733409,0.782382289063961,5,1.5607104090414063,0.3333333333333333,"0,3,3,11,6,5",168.0
2023-07-19,"mercury,venus,earth,mars,jupiter,saturn",3.9239042005041798,-4.0495374738537804e-16,19.70719794341854,2,0.5252712041974162,0.7812893653852181,5,1.5607104090414063,0.3333333333333333,"0,3,3,11,6,5",165.0
2023-07-20,"mercury,venus,earth,mars,jupiter,saturn",3.9179074223615014,-5.644720612011416e-16,19.685108072052667,2,0.52718979984085,0.7797772058964735,5,1.5607104090414063,0.3333333333333333,"0,3,3,11,6,5",177.0
2023-07-21,"mercury,venus,earth,mars,jupiter,saturn",3.9106026285625495,-2.619112427689667e-16,19.65839429429006,2,0.5295180964041473,0.777927875979283,5,1.5607104090414063,0.3333333333333333,"0,3,3,11,6,5",150.0
2023-07-22,"mercury,venus,earth,mars,jupiter,saturn",3.902298119320682,-2.7664393187423493e-16,19.628283792259275,2,0.532153111427469,0.7758156939864048,6,1.7917594692280547,0.16666666666666666,"0,3,4,11,6,5",140.0
2023-07-23,"mercury,venus,earth,mars,jupiter,saturn",3.8932779119445797,-6.58449693278256e-16,19.595890855936137,2,0.5350005517071488,0.7735097634024578,5,1.5607104090414063,0.3333333333333333,"0,3,4,0,6,5",144.0
2023-07-24,"mercury,venus,earth,mars,jupiter,saturn",3.88380957315239,-1.9608049602749543e-16,19.562238723191623,2,0.5379726771158184,0.7710762052314412,5,1.5607104090414063,0.3333333333333333,"0,3,4,0,6,5",140.0
2023-07-25,"mercury,venus,earth,mars,jupiter,saturn",3.8741514152337575,-4.898614545068112e-16,19.528281393510355,2,0.5409862943650745,0.7685801369671752,5,1.5607104090414063,0.3333333333333333,"0,3,4,0,6,5",138.0
2023-07-26,"mercury,venus,earth,mars,jupiter,saturn",3.8645590353341026,-2.4329539832737163e-16,19.494924651155664,2,0.5439609061575981,0.7660874204352008,6,1.7917594692280547,0.16666666666666666,"1,3,4,0,6,5",153.0
2023-07-27,"mercury,venus,earth,mars,jupiter,saturn",3.8552911351758277,-4.853510183356017e-16,19.46304585182071,2,0.5468170319459817,0.7636661728141029,6,1.7917594692280547,0.16666666666666666,"1,3,4,0,6,5",146.0
2023-07-28,"mercury,venus,earth,mars,jupiter,saturn",3.84661449550914,-3.0173152753038e-16,19.43351220801239,2,0.5494747158247939,0.7613880043238143,6,1.7917594692280547,0.16666666666666666,"1,3,4,0,6,5",165.0
2023-07-29,"mercury,venus,earth,mars,jupiter,saturn",3.8388079039167446,-1.0112483823389133e-15,19.407197399346405,2,0.5518522415348202,0.759328913904383,6,1.7917594692280547,0.16666666666666666,"1,3,4,0,6,5",178.0
2023-07-30,"mercury,venus,earth,mars,jupiter,saturn",3.8321647572656956,-7.260118269047557e-16,19.384996366470148,2,0.5538650819361368,0.757569743589452,6,1.7917594692280547,0.16666666666666666,"1,3,4,0,6,5",181.0
2023-07-31,"mercury,venus,earth,mars,jupiter,saturn",3.826993997263961,-2.677871720695899e-16,19.36783814302125,2,0.5554251190299871,0.7561960682933369,5,1.5607104090414063,0.3333333333333333,"1,4,4,0,6,5",187.0
2023-08-01,"mercury,venus,earth,mars,jupiter,saturn",3.823619011908495,-5.213094837408639e-16,19.35669655355425,2,0.5564401793712846,0.7552973880526933,5,1.5607104090414063,0.3333333333333333,"1,4,4,0,6,5",180.0
2023-08-02,"mercury,venus,earth,mars,jupiter,saturn",3.822374174890671,-4.601628456948645e-16,19.352598567054216,2,0.5568139372359924,0.7549655041025897,5,1.5607104090414063,0.3333333333333333,"1,4,4,0,6,5",163.0
2023-08-03,"mercury,venus,earth,mars,jupiter,saturn",3.823598826266738,-7.614278539829389e-16,19.3566300532559,2,0.5564462427919422,0.7552920081648833,5,1.5607104090414063,0.3333333333333333,"1,4,4,0,7,5",145.0
2023-08-04,"mercury,venus,earth,mars,jupiter,saturn",3.8276287358782044,-3.5794592663757996e-16,19.369938648902703,2,0.5552339331822118,0.7563649015765229,5,1.5607104090414063,0.3333333333333333,"1,4,4,0,7,5",132.0
2023-08-05,"mercury,venus,earth,mars,jupiter,saturn",3.8347854242768533,-2.287750023281286e-16,19.393733409170174,2,0.5530721791172469,0.7582644836858894,5,1.5607104090414063,0.3333333333333333,"1,4,4,0,7,5",131.0
2023-08-06,"mercury,venus,earth,mars,jupiter,saturn",3.8453640936137536,-7.46610689358323e-16,19.429280901542803,2,0.5498564064950606,0.7610587899462486,5,1.5607104090414063,0.3333333333333333,"2,4,4,0,7,5",122.0
2023-08-07,"mercury,venus,earth,mars,jupiter,saturn",3.8596212542233803,-3.6234715749241153e-16,19.477897401425153,2,0.5454848101347741,0.7647989882605555,5,1.5607104090414063,0.3333333333333333,"2,4,4,0,7,5",126.0
2023-08-08,"mercury,venus,earth,mars,jupiter,saturn",3.8777633156889872,-5.926855202244335e-16,19.54093687673864,2,0.5398614438747328,0.7695152196312153,5,1.5607104090414063,0.3333333333333333,"2,4,4,0,7,5",123.0
2023-08-09,"mercury,venus,earth,mars,jupiter,saturn",3.8999373613125474,-3.0052310874635747e-16,19.619774508572384,2,0.5328998280087459,0.7752133652461728,5,1.5607104090414063,0.3333333333333333,"2,4,4,0,7,5",102.0
2023-08-10,"mercury,venus,earth,mars,jupiter,saturn",3.926225024426888,-4.610615322013913e-16,19.71578559174918,2,0.5245269627541218,0.7818731275352787,5,1.5607104090414063,0.3333333333333333,"2,4,4,0,7,5",109.0
2023-08-11,"mercury,venus,earth,mars,jupiter,saturn",3.956639900006411,-2.947281482205954e-16,19.830319796568556,2,0.514687578513565,0.7894476467813539,5,1.5607104090414063,0.3333333333333333,"2,4,4,0,7,5",105.0
2023-08-12,"mercury,venus,earth,mars,jupiter,saturn",3.991128385266815,-2.749683009245756e-16,19.96467095216321,2,0.5033483955884611,0.7978646793553362,5,1.5607104090414063,0.3333333333333333,"2,4,4,0,7,5",80.0
2023-08-13,"mercury,venus,earth,mars,jupiter,saturn",4.029573389931151,-7.725468328796679e-16,20.120042730508647,2,0.49050211518599596,0.8070291858883512,5,1.5607104090414063,0.3333333333333333,"2,4,4,0,7,5",101.0
2023-08-14,"mercury,venus,earth,mars,jupiter,saturn",4.071800088931745,-2.6099919464668286e-16,20.297510861268194,2,0.4761708288357853,0.8168270522205634,5,1.5607104090414063,0.3333333333333333,"2,4,4,0,7,5",118.0
2023-08-15,"mercury,venus,earth,mars,jupiter,saturn",4.117582833424878,-1.737423676200022e-16,20.497982779131963,2,0.4604085236233083,0.8271296045470299,5,1.5607104090414063,0.3333333333333333,"2,4,4,0,7,5",122.0
2023-08-16,"mercury,venus,earth,mars,jupiter,saturn",4.166652450231453,-4.359565599075818e-16,20.722155879262104,2,0.4433023833443112,0.8377985737668323,5,1.5607104090414063,0.3333333333333333,"3,4,4,0,7,5",148.0
2023-08-17,"mercury,venus,earth,mars,jupiter,saturn",4.218703370343576,-9.18491323025815e-16,20.970475809773582,2,0.4249726447539759,0.8486911927221743,5,1.5607104090414063,0.3333333333333333,"3,4,4,0,7,5",145.0
2023-08-18,"mercury,venus,earth,mars,jupiter,saturn",4.273400258317612,-3.169345645966076e-16,21.243096435766727,2,0.40557086243019647,0.859665153948161,5,1.5607104090414063,0.3333333333333333,"3,5,4,0,7,5",124.0
2023-08-19,"mercury,venus,earth,mars,jupiter,saturn",4.330384011951173,-3.765923332370255e-16,21.5398432385106,2,0.38527655832337343,0.8705832017122417,5,1.5607104090414063,0.3333333333333333,"3,5,4,0,7,5",130.0
2023-08-20,"mercury,venus,earth,mars,jupiter,saturn",4.3892771391447525,-6.90169057959193e-16,21.860181938700453,2,0.3642923700472214,0.8813171755954771,5,1.5607104090414063,0.3333333333333333,"3,5,4,0,7,5",101.0
2023-08-21,"mercury,venus,earth,mars,jupiter,saturn",4.449688592837421,-6.448218173660046e-16,22.203194032405886,2,0.34283794849893456,0.8917513644356517,5,1.5607104090414063,0.3333333333333333,"3,5,4,0,7,5",110.0
2023-08-22,"mercury,venus,earth,mars,jupiter,saturn",4.511218165894764,-2.3092317747684687e-16,22.56756068986067,2,0.32114297227987876,0.9017850719436601,4,1.242453324894,0.5,"3,5,5,0,7,5",114.0
2023-08-23,"mercury,venus,earth,mars,jupiter,saturn",4.573460531894984,-8.089068569929959e-16,22.95155609086249,2,0.2994397274571009,0.9113343406431809,4,1.242453324894,0.5,"3,5,5,0,7,5",105.0
2023-08-24,"mercury,venus,earth,mars,jupiter,saturn",4.6360089809302565,-3.899246800535124e-16,23.353050771368913,2,0.27795573548881847,0.9203328285320274,4,1.242453324894,0.5,"3,5,5,0,7,5",92.0
2023-08-25,"mercury,venus,earth,mars,jupiter,saturn",4.6984588549760415,-1.0853727961080518e-15,23.769524964093055,2,0.2569068959740073,0.9287318802227096,4,1.242453324894,0.5,"4,5,5,0,7,5",90.0
2023-08-26,"mercury,venus,earth,mars,jupiter,saturn",4.760410644519673,-6.1641661311726895e-16,24.198091274676344,2,0.23649154848732523,0.9364998770862483,4,1.242453324894,0.5,"4,5,5,0,7,5",91.0
2023-08-27,"mercury,venus,earth,mars,jupiter,saturn",4.821472672893084,-1.169450175136596e-15,24.635525396192552,2,0.21688576009320865,0.9436209848013865,4,1.242453324894,0.5,"4,5,5,0,7,5",84.0
2023-08-28,"mercury,venus,earth,mars,jupiter,saturn",4.881263270102966,-1.5036382891818176e-16,25.078302982877013,2,0.19824002750844683,0.9500934384724813,4,1.242453324894,0.5,"4,5,5,0,7,5",82.0
2023-08-29,"mercury,venus,earth,mars,jupiter,saturn",4.939412324618144,-4.981452170152042e-16,25.5226403297615,2,0.18067746192188397,0.9559275136647903,4,1.242453324894,0.5,"4,5,5,0,7,5",90.0
2023-08-30,"mercury,venus,earth,mars,jupiter,saturn",4.995562098643446,-1.6932378855844354e-16,25.96453617908447,2,0.16429341523016372,0.9611433267776118,4,1.242453324894,0.5,"4,5,5,0,7,5",104.0
2023-08-31,"mercury,venus,earth,mars,jupiter,saturn",5.049367197884941,-5.887096619290463e-16,26.399811823533547,2,0.14915642026471515,0.9657685921968753,4,1.242453324894,0.5,"4,5,5,0,7,5",89.0
2023-09-01,"mercury,venus,earth,mars,jupiter,saturn",5.100493598130449,-1.68390644970895e-16,26.82414671157401,2,0.13531026109821948,0.9698364396935244,4,1.242453324894,0.5,"4,5,5,0,7,5",86.0
2023-09-02,"mercury,venus,earth,mars,jupiter,saturn",5.148616645503924,-2.773901442766889e-16,27.233106978673067,2,0.12277696467968634,0.9733833669114346,3,0.8675632284814612,0.6666666666666666,"5,5,5,0,7,5",82.0
2023-09-03,"mercury,venus,earth,mars,jupiter,saturn",5.193417962825868,-1.440451543631339e-16,27.622164719294364,2,0.11156050998767753,0.9764473715473306,3,0.8675632284814612,0.6666666666666666,"5,5,5,0,7,5",91.0
2023-09-04,"mercury,venus,earth,mars,jupiter,saturn",5.234581209944951,-4.6392991727889e-16,27.98670636767808,2,0.1016510812124495,0.9790662782368005,3,0.8675632284814612,0.6666666666666666,"5,5,5,0,7,5",102.0
2023-09-05,"mercury,venus,earth,mars,jupiter,saturn",5.271786661652634,-6.718211710783428e-16,28.322029272125633,2,0.09302974157258852,0.9812762475085454,3,0.8675632284814612,0.6666666666666666,"5,5,5,0,7,5",115.0
2023-09-06,"mercury,venus,earth,mars,jupiter,saturn",5.304704585738651,-1.167335374014885e-15,28.62332645504953,2,0.08567346845665444,0.9831104286969562,3,0.8675632284814612,0.6666666666666666,"5,5,5,0,7,5",120.0
2023-09-07,"mercury,venus,earth,mars,jupiter,saturn",5.33298743231539,-7.912804061098216e-16,28.885660718683113,2,0.07956056320608632,0.9845976946907274,4,1.242453324894,0.5,"5,6,5,0,7,5",132.0
2023-09-08,"mercury,venus,earth,mars,jupiter,saturn",5.356260895312591,-1.2308124768777105e-16,29.103930813558588,2,0.0746765247219505,0.9857613723191406,4,1.242453324894,0.5,"5,6,5,0,7,5",117.0
2023-09-09,"mercury,venus,earth,mars,jupiter,saturn",5.374113997150764,-1.024167723600288e-16,29.27283454293436,2,0.07102054896192803,0.986617855951461,4,1.242453324894,0.5,"5,6,5,0,7,5",133.0
2023-09-10,"mercury,venus,earth,mars,jupiter,saturn",5.386088508200575,-1.8549292211138099e-16,29.386836737933688,2,0.06861287686371251,0.987174961254782,4,1.3296613488547582,0.3333333333333333,"6,6,5,0,7,5",173.0
2023-09-11,"mercury,venus,earth,mars,jupiter,saturn",5.391668289682929,-3.9405644666378706e-16,29.44015441574974,2,0.06750324452136197,0.9874298393768167,4,1.3296613488547582,0.3333333333333333,"6,6,5,0,7,5",190.0
2023-09-12,"mercury,venus,earth,mars,jupiter,saturn",5.390269609813801,-5.971041419761942e-16,29.426777615198844,2,0.06778066036107495,0.9873662297116557,4,1.3296613488547582,0.3333333333333333,"6,6,5,0,7,5",145.0
2023-09-13,"mercury,venus,earth,mars,jupiter,saturn",5.381234223405608,-6.360957565545116e-16,29.340552853436215,2,0.06958458717813339,0.9869507882759742,4,1.3296613488547582,0.3333333333333333,"6,6,5,0,7,5",131.0
2023-09-14,"mercury,venus,earth,mars,jupiter,saturn",5.363828149577579,-2.4715744601529694e-16,29.175367041470718,2,0.07311723993765919,0.9861282079949633,4,1.3296613488547582,0.3333333333333333,"6,6,5,0,7,5",134.0
2023-09-15,"mercury,venus,earth,mars,jupiter,saturn",5.337250775114555,-2.875776365964686e-16,28.925482371547176,2,0.0786559502939353,0.9848148933371524,4,1.3296613488547582,0.3333333333333333,"6,6,5,0,7,5",109.0
2023-09-16,"mercury,venus,earth,mars,jupiter,saturn",5.3006612774296755,-5.380056517698757e-16,28.58608462692869,2,0.08656312622351639,0.9828911634709997,4,1.3296613488547582,0.3333333333333333,"6,6,5,0,7,5",88.0
2023-09-17,"mercury,venus,earth,mars,jupiter,saturn",5.253232409217814,-2.8085352905476435e-16,28.154112579899028,2,0.09728888559770447,0.9801925266491696,4,1.3296613488547582,0.3333333333333333,"7,6,5,0,7,5",89.0
2023-09-18,"mercury,venus,earth,mars,jupiter,saturn",5.194245108434614,-8.285756000127792e-17,27.629423191778464,2,0.1113576133443577,0.9765018277517012,4,1.3296613488547582,0.3333333333333333,"7,6,5,0,7,5",127.0
2023-09-19,"mercury,venus,earth,mars,jupiter,saturn",5.123240219489768,-4.141454187033674e-16,27.01629805931791,2,0.12932451669874506,0.9715465193997879,4,1.3296613488547582,0.3333333333333333,"7,6,5,0,7,5",149.0
2023-09-20,"mercury,venus,earth,mars,jupiter,saturn",5.04024368855667,-1.5320038167972538e-16,26.325188617390655,2,0.15168305208839816,0.9650094747375598,4,1.3296613488547582,0.3333333333333333,"7,6,5,0,7,5",170.0
2023-09-21,"mercury,venus,earth,mars,jupiter,saturn",4.946075026966616,-1.311715246872618e-16,25.574416021166236,2,0.17870307903433344,0.9565676163293768,4,1.3296613488547582,0.3333333333333333,"7,6,5,0,7,5",194.0
2023-09-22,"mercury,venus,earth,mars,jupiter,saturn",4.842729561397064,-4.347409506918824e-16,24.791304472893238,2,0.21019154367719034,0.9459780396175361,5,1.5607104090414063,0.3333333333333333,"8,6,5,0,7,5",200.0
2023-09-23,"mercury,venus,earth,mars,jupiter,saturn",4.733784975795932,-3.5310535245771886e-16,24.0120206845914,2,0.2452046060035324,0.9332292559389245,5,1.5607104090414063,0.3333333333333333,"8,6,5,0,7,5",196.0
2023-09-24,"mercury,venus,earth,mars,jupiter,saturn",4.624713602537215,-7.644135309657044e-16,23.279388580538903,2,0.28180781835985225,0.918751617186916,5,1.5607104090414063,0.3333333333333333,"8,6,6,0,7,5",176.0
2023-09-25,"mercury,venus,earth,mars,jupiter,saturn",4.522882721768709,-3.095669238436188e-16,22.638343568523343,2,0.31705462193377326,0.9036203577772746,5,1.5607104090414063,0.3333333333333333,"8,6,6,0,7,5",169.0
2023-09-26,"mercury,venus,earth,mars,jupiter,saturn",4.436929845681203,-2.7752046503826447e-16,22.12953476281882,2,0.34735908361068046,0.8895960383483913,5,1.5607104090414063,0.3333333333333333,"9,6,6,0,7,5",140.0
2023-09-27,"mercury,venus,earth,mars,jupiter,saturn",4.375243034449234,-2.2075384394678114e-16,21.782586807602275,2,0.3692896157051636,0.8788098392343183,5,1.5607104090414063,0.3333333333333333,"9,6,6,0,7,5",133.0
2023-09-28,"mercury,venus,earth,mars,jupiter,saturn",4.34370606409018,-6.351563868262648e-16,21.611091973345445,2,0.38052788230717416,0.8730601116539985,5,1.5607104090414063,0.3333333333333333,"9,7,6,0,7,5",116.0
2023-09-29,"mercury,venus,earth,mars,jupiter,saturn",4.343689477775383,-5.589948436548908e-16,21.61100282536856,2,0.3805337944934384,0.8730570456077301,5,1.5607104090414063,0.3333333333333333,"9,7,6,0,7,5",103.0
2023-09-30,"mercury,venus,earth,mars,jupiter,saturn",4.371644513202916,-2.3133225799958605e-16,21.762817341199323,2,0.3705714657344404,0.8781618413732437,5,1.5607104090414063,0.3333333333333333,"9,7,6,0,7,5",117.0
2023-10-01,"mercury,venus,earth,mars,jupiter,saturn",4.4206545784086755,-4.281117041351743e-16,22.036518862307066,2,0.3531349810037001,0.8868091654454563,5,1.5607104090414063,0.3333333333333333,"10,7,6,0,7,5",151.0
2023-10-02,"mercury,venus,earth,mars,jupiter,saturn",4.4828114379798025,-1.8686025788917313e-16,22.397459521207463,2,0.3311341833316701,0.8972266863326461,5,1.5607104090414063,0.3333333333333333,"10,7,6,1,7,5",168.0
2023-10-03,"mercury,venus,earth,mars,jupiter,saturn",4.551052325860252,-7.293089969539861e-16,22.811526635112994,2,0.3072200053170866,0.9079654160820883,5,1.5607104090414063,0.3333333333333333,"10,7,6,1,7,5",144.0
2023-10-04,"mercury,venus,earth,mars,jupiter,saturn",4.619979673979632,-6.740601993290104e-16,23.248668288214315,2,0.2834260397035647,0.9180832176441344,5,1.5607104090414063,0.3333333333333333,"10,7,6,1,7,5",154.0
2023-10-05,"mercury,venus,earth,mars,jupiter,saturn",4.685918409328579,-2.6274973750464967e-16,23.684641765826015,2,0.26109803877440346,0.9270915539270218,5,1.5607104090414063,0.3333333333333333,"10,7,6,1,7,5",159.0
2023-10-06,"mercury,venus,earth,mars,jupiter,saturn",4.746617998235962,-4.36104412002927e-16,24.101348863523597,2,0.24099322171105425,0.9348183186243314,5,1.5607104090414063,0.3333333333333333,"11,7,6,1,7,5",158.0
2023-10-07,"mercury,venus,earth,mars,jupiter,saturn",4.8008728039389625,-2.1270244312432778e-16,24.486285711933963,2,0.2234390174270611,0.9412770867231852,5,1.5607104090414063,0.3333333333333333,"11,7,6,1,7,5",134.0
2023-10-08,"mercury,venus,earth,mars,jupiter,saturn",4.84818508845485,-1.2093935723267784e-15,24.83157624237372,2,0.2084849105068558,0.9465729610755091,5,1.5607104090414063,0.3333333333333333,"11,7,6,1,7,5",144.0
2023-10-09,"mercury,venus,earth,mars,jupiter,saturn",4.888506511350361,-3.9696193407179593e-16,25.13291368682542,2,0.1960207442181538,0.9508446258677064,5,1.5607104090414063,0.3333333333333333,"11,7,6,1,7,5",153.0
2023-10-10,"mercury,venus,earth,mars,jupiter,saturn",4.922055137119504,-4.454942026598186e-16,25.388591900254944,2,0.18585820248253598,0.9542327856552462,5,1.5607104090414063,0.3333333333333333,"11,7,6,1,7,5",132.0
2023-10-11,"mercury,venus,earth,mars,jupiter,saturn",4.949192613314751,-2.909197900803114e-16,25.598703687601574,2,0.1777819840427267,0.9568651531191759,5,1.5607104090414063,0.3333333333333333,"11,7,6,1,7,5",145.0
2023-10-12,"mercury,venus,earth,mars,jupiter,saturn",4.970345155595431,-4.486213183983159e-16,25.764520064356763,2,0.17157929118945411,0.9588508112723401,5,1.5607104090414063,0.3333333333333333,"11,7,6,1,7,5",137.0
2023-10-13,"mercury,venus,earth,mars,jupiter,saturn",4.9859547692601,-9.022816455746688e-16,25.888032691093873,2,0.16705512399206152,0.960279417819953,5,1.5607104090414063,0.3333333333333333,"0,7,6,1,7,5",113.0
2023-10-14,"mercury,venus,earth,mars,jupiter,saturn",4.99645059036696,-6.206577567093814e-16,25.971629919553163,2,0.16403889636716018,0.9612226332850754,5,1.5607104090414063,0.3333333333333333,"0,7,6,1,7,5",111.0
2023-10-15,"mercury,venus,earth,mars,jupiter,saturn",5.002233229982009,-9.852816616033466e-16,26.017875814488374,2,0.16238607536926475,0.9617363640886566,5,1.5607104090414063,0.3333333333333333,"0,7,6,1,7,5",104.0
2023-10-16,"mercury,venus,earth,mars,jupiter,saturn",5.003667295919114,-3.39032691333406e-16,26.02936526547163,2,0.16197717492989072,0.9618631170181497,5,1.5607104090414063,0.3333333333333333,"0,7,6,1,7,5",97.0
2023-10-17,"mercury,venus,earth,mars,jupiter,saturn",5.001078903987029,-2.8901032061772486e-16,26.008633559963858,2,0.16271549907607827,0.9616341491466981,6,1.7917594692280547,0.16666666666666666,"0,8,6,1,7,5",74.0
2023-10-18,"mercury,venus,earth,mars,jupiter,saturn",4.994756116569628,-1.284215388225904e-16,25.95810392918389,2,0.1645244283290553,0.9610712990466888,6,1.7917594692280547,0.16666666666666666,"0,8,6,1,7,5",66.0
2023-10-19,"mercury,venus,earth,mars,jupiter,saturn",4.9849510006546165,-1.1519967856928142e-16,25.880060949999528,2,0.1673446734460483,0.9601884835950479,6,1.7917594692280547,0.16666666666666666,"0,8,6,1,7,5",57.0
2023-10-20,"mercury,venus,earth,mars,jupiter,saturn",4.971882493537433,-1.8221098845022719e-16,25.776641136638812,2,0.1711317017193477,0.9589928881155755,6,1.7917594692280547,0.16666666666666666,"0,8,6,1,7,5",67.0
2023-10-21,"mercury,venus,earth,mars,jupiter,saturn",4.955739585981071,-5.084831746945348e-16,25.649834656346826,2,0.17585341584609604,0.957485893110147,6,1.7917594692280547,0.16666666666666666,"0,8,6,1,7,5",68.0
2023-10-22,"mercury,venus,earth,mars,jupiter,saturn",4.936684538318253,-1.0105276910660667e-15,25.50149400192197,2,0.18148809666582952,0.9556637830330154,5,1.5607104090414063,0.3333333333333333,"1,8,6,1,7,5",55.0
2023-10-23,"mercury,venus,earth,mars,jupiter,saturn",4.914855974833051,-1.271316364648509e-15,25.333346808707667,2,0.1880225854042152,0.9535182791185419,5,1.5607104090414063,0.3333333333333333,"1,8,6,1,7,5",34.0
2023-10-24,"mercury,venus,earth,mars,jupiter,saturn",4.890371782459024,-6.724396401933243e-16,25.14701095183461,2,0.19545066417807694,0.9510369330366347,5,1.5607104090414063,0.3333333333333333,"1,8,6,1,7,5",39.0
2023-10-25,"mercury,venus,earth,mars,jupiter,saturn",4.863331788962447,-3.853823670917138e-16,24.944010711515986,2,0.20377158692919664,0.9482034129584934,5,1.5607104090414063,0.3333333333333333,"1,8,6,1,7,5",33.0
2023-10-26,"mercury,venus,earth,mars,jupiter,saturn",4.833820224791214,-1.879778713372642e-16,24.7257932337066,2,0.21298871177440695,0.944997709264507,5,1.5607104090414063,0.3333333333333333,"1,8,6,1,7,5",54.0
2023-10-27,"mercury,venus,earth,mars,jupiter,saturn",4.801907989043383,-6.749903019891227e-16,24.493744801956733,2,0.22310818728855544,0.9413962838951685,4,1.3296613488547582,0.3333333333333333,"1,8,7,1,7,5",58.0
2023-10-28,"mercury,venus,earth,mars,jupiter,saturn",4.767654748253777,-3.363513590796287e-16,24.249206618048248,2,0.23413764810322008,0.9373721852668311,4,1.3296613488547582,0.3333333333333333,"1,8,7,1,7,5",49.0
2023-10-29,"mercury,venus,earth,mars,jupiter,saturn",4.731110899877023,-2.5351004444603943e-16,23.99348989534607,2,0.24608487884474595,0.9328951496662768,4,1.3296613488547582,0.3333333333333333,"1,8,7,1,7,5",58.0
2023-10-30,"mercury,venus,earth,mars,jupiter,saturn",4.692319432293862,-3.223902661713808e-16,23.72789012183884,2,0.25895640978971246,0.9279317099676571,4,1.3296613488547582,0.3333333333333333,"1,8,7,1,7,5",73.0
2023-10-31,"mercury,venus,earth,mars,jupiter,saturn",4.651317710988695,-1.0565085069230606e-15,23.453700365249887,2,0.2727560129454901,0.9224453332154016,4,1.3296613488547582,0.3333333333333333,"1,8,7,1,7,5",107.0
2023-11-01,"mercury,venus,earth,mars,jupiter,saturn",4.608139216881622,-1.4040681152798404e-15,23.172223481745274,2,0.2874830740406508,0.9163966098847157,4,1.3296613488547582,0.3333333333333333,"1,8,7,1,7,5",115.0
2023-11-02,"mercury,venus,earth,mars,jupiter,saturn",4.562815258004667,-4.035044170265836e-16,22.88478306130439,2,0.30313082473994657,0.9097435192157568,5,1.5607104090414063,0.3333333333333333,"2,8,7,1,7,5",122.0
2023-11-03,"mercury,venus,earth,mars,jupiter,saturn",4.515376669983939,-7.111485074032821e-16,22.592732903863222,2,0.31968443094753374,0.9024417965986273,5,1.5607104090414063,0.3333333333333333,"2,9,7,1,7,5",121.0
2023-11-04,"mercury,venus,earth,mars,jupiter,saturn",4.465855514246467,-3.9626587719104547e-16,22.297464777293545,2,0.3371189479710871,0.894445430156493,5,1.5607104090414063,0.3333333333333333,"2,9,7,1,7,5",92.0
2023-11-05,"mercury,venus,earth,mars,jupiter,saturn",4.414286775621984,-3.865199756734111e-16,22.000414167398457,2,0.3553971720901493,0.885707313924415,5,1.5607104090414063,0.3333333333333333,"2,9,7,1,7,5",91.0
2023-11-06,"mercury,venus,earth,mars,jupiter,saturn",4.360710053208058,-8.73907803901547e-17,21.703063697802953,2,0.3744674409148213,0.8761800837397363,5,1.5607104090414063,0.3333333333333333,"2,9,7,1,7,5",77.0
2023-11-07,"mercury,venus,earth,mars,jupiter,saturn",4.30517123024887,-8.328483414688725e-16,21.406943880538698,2,0.3942614615629857,0.8658171584507446,5,1.5607104090414063,0.3333333333333333,"2,9,7,1,7,5",78.0
2023-11-08,"mercury,venus,earth,mars,jupiter,saturn",4.2477241007028255,-1.9319171192216023e-16,21.113630862949357,2,0.414692275149273,0.854574002586838,5,1.5607104090414063,0.3333333333333333,"2,9,7,1,7,5",113.0
2023-11-09,"mercury,venus,earth,mars,jupiter,saturn",4.188431922652208,-1.630487371231457e-16,20.82474086955765,2,0.435652496465145,0.8424096165507156,5,1.5607104090414063,0.3333333333333333,"2,9,7,1,7,5",99.0
2023-11-10,"mercury,venus,earth,mars,jupiter,saturn",4.127368862430096,-7.080405328373394e-16,20.54192110395385,2,0.45701299603553003,0.8292882462331442,5,1.5607104090414063,0.3333333333333333,"2,9,7,1,7,5",94.0
2023-11-11,"mercury,venus,earth,mars,jupiter,saturn",4.064621289205576,-8.293716863611773e-16,20.266836978859487,2,0.4786222138104094,0.8151812856587611,5,1.5607104090414063,0.3333333333333333,"2,9,7,1,7,5",81.0
2023-11-12,"mercury,venus,earth,mars,jupiter,saturn",4.000288878944602,-6.643076487882806e-16,20.001155682680498,2,0.5003063044419735,0.8000693244373205,5,1.5607104090414063,0.3333333333333333,"3,9,7,1,7,5",82.0
2023-11-13,"mercury,venus,earth,mars,jupiter,saturn",3.934485490705258,-3.7093412241682447e-16,19.746526264677296,2,0.5218703077248539,0.7839442679222637,5,1.5607104090414063,0.3333333333333333,"3,9,7,1,7,5",73.0
2023-11-14,"mercury,venus,earth,mars,jupiter,saturn",3.867339789375168,-1.416552253737731e-16,19.50455662046672,2,0.5431005089343612,0.7668114347593145,5,1.5607104090414063,0.3333333333333333,"3,9,7,1,7,5",60.0
2023-11-15,"mercury,venus,earth,mars,jupiter,saturn",3.798995610863498,-5.151263582639029e-16,19.276787972358264,2,0.5637680985276502,0.7486915181126262,5,1.5607104090414063,0.3333333333333333,"3,9,7,1,7,5",33.0
2023-11-16,"mercury,venus,earth,mars,jupiter,saturn",3.7296121052130387,-1.7133610937638258e-16,19.06466764814681,2,0.5836341578520275,0.7296222893612186,5,1.5607104090414063,0.3333333333333333,"3,9,7,1,7,5",30.0
2023-11-17,"mercury,venus,earth,mars,jupiter,saturn",3.659363764338326,-2.6600756325842044e-16,18.869521147444814,2,0.6024558901917435,0.7096599354650648,5,1.5607104090414063,0.3333333333333333,"3,9,7,1,7,5",26.0
2023-11-18,"mercury,venus,earth,mars,jupiter,saturn",3.5884405769641967,-2.6015291981453073e-16,18.692524625235908,2,0.6199938928354906,0.6888799684671072,5,1.5607104090414063,0.3333333333333333,"3,9,7,1,7,5",32.0
2023-11-19,"mercury,venus,earth,mars,jupiter,saturn",3.5170488362734726,-5.888563132025621e-16,18.5346789981835,2,0.6360201391594078,0.6673777580903818,5,1.5607104090414063,0.3333333333333333,"3,9,7,1,7,5",68.0
2023-11-20,"mercury,venus,earth,mars,jupiter,saturn",3.4454137821025212,-7.410801295394961e-16,18.396786874573742,2,0.6503262272554065,0.6452689923971873,5,1.5607104090414063,0.3333333333333333,"3,10,7,1,7,5",96.0
2023-11-21,"mercury,venus,earth,mars,jupiter,saturn",3.3737869811840553,-3.124420778517816e-16,18.27943341460538,2,0.6627313721171546,0.6226909957347138,5,1.5607104090414063,0.3333333333333333,"4,10,7,1,7,5",153.0
2023-11-22,"mercury,venus,earth,mars,jupiter,saturn",3.3024665632506416,-1.844803108295125e-16,18.182972043769304,2,0.6730895884953029,0.5998076318401272,5,1.5607104090414063,0.3333333333333333,"4,10,7,1,7,5",160.0
2023-11-23,"mercury,venus,earth,mars,jupiter,saturn",3.2318573672859254,-4.3489957606143464e-16,18.107515677529516,2,0.6812955420439939,0.576826894892152,5,1.5607104090414063,0.3333333333333333,"4,10,7,1,7,5",186.0
2023-11-24,"mercury,venus,earth,mars,jupiter,saturn",3.162686490854978,-4.767647345344073e-16,18.05293378861341,2,0.6872886391109082,0.5540698235843273,5,1.5607104090414063,0.3333333333333333,"4,10,7,1,7,5",167.0
2023-11-25,"mercury,venus,earth,mars,jupiter,saturn",3.097096045408763,-4.700054093530486e-16,18.018855284068035,2,0.6910550718867475,0.5323314807332786,6,1.7917594692280547,0.16666666666666666,"4,10,8,1,7,5",177.0
2023-11-26,"mercury,venus,earth,mars,jupiter,saturn",3.048356937149682,-5.476802693884428e-16,18.004676786741,2,0.6926277175588369,0.5161147920806751,6,1.7917594692280547,0.16666666666666666,"4,10,8,1,7,5",171.0
2023-11-27,"mercury,venus,earth,mars,jupiter,saturn",3.0691937999383754,-5.381413139844441e-16,18.009575563899816,2,0.6920839832561432,0.5230523366948441,6,1.7917594692280547,0.16666666666666666,"4,10,8,1,7,5",158.0
2023-11-28,"mercury,venus,earth,mars,jupiter,saturn",3.1275265452582217,-7.405208939142977e-16,18.032526039490996,2,0.6895418670337656,0.5424321733889994,6,1.7917594692280547,0.16666666666666666,"4,10,8,1,7,5",150.0
2023-11-29,"mercury,venus,earth,mars,jupiter,saturn",3.1901559682632863,-6.118436408627554e-16,18.072318584532297,2,0.6851546465242886,0.5631316786633133,5,1.5607104090414063,0.3333333333333333,"5,10,8,1,7,5",161.0
2023-11-30,"mercury,venus,earth,mars,jupiter,saturn",3.25256594427365,-1.5136491429694513e-16,18.12757911241368,2,0.6791046963021768,0.5835961413404708,5,1.5607104090414063,0.3333333333333333,"5,10,8,1,7,5",148.0
2023-12-01,"mercury,venus,earth,mars,jupiter,saturn",3.313678110566373,-6.922837383322256e-16,18.19678791409698,2,0.6715969671585785,0.6034286200555322,5,1.5607104090414063,0.3333333333333333,"5,10,8,1,7,5",123.0
2023-12-02,"mercury,venus,earth,mars,jupiter,saturn",3.3730255670209677,-6.701004149270322e-16,18.278296147302623,2,0.6628526393916878,0.6224486890949132,5,1.5607104090414063,0.3333333333333333,"5,10,8,2,7,5",100.0
2023-12-03,"mercury,venus,earth,mars,jupiter,saturn",3.4303129300434976,-3.9411046334672654e-16,18.37033843552524,2,0.6531033990470981,0.6405459997006944,5,1.5607104090414063,0.3333333333333333,"5,10,8,2,7,5",104.0
2023-12-04,"mercury,venus,earth,mars,jupiter,saturn",3.485304095928334,-2.818433449401022e-16,18.47104013104963,2,0.6425866957456421,0.6576426966164866,5,1.5607104090414063,0.3333333333333333,"5,10,8,2,7,5",113.0
2023-12-05,"mercury,venus,earth,mars,jupiter,saturn",3.537781532973074,-1.8179794845862948e-16,18.578417954413737,2,0.6315422384398537,0.6736794384621899,5,1.5607104090414063,0.3333333333333333,"5,10,8,2,7,5",107.0
2023-12-06,"mercury,venus,earth,mars,jupiter,saturn",3.5875257286202524,-3.6458328725226484e-16,18.690372963581513,2,0.6202098832824823,0.6886080271694062,5,1.5607104090414063,0.3333333333333333,"5,10,8,2,7,5",134.0
2023-12-07,"mercury,venus,earth,mars,jupiter,saturn",3.634300868807453,-5.025754078860395e-16,18.804675184339775,2,0.6088289725469944,0.7023861181082316,6,1.7917594692280547,0.16666666666666666,"6,10,8,2,7,5",125.0
2023-12-08,"mercury,venus,earth,mars,jupiter,saturn",3.677842110473614,-5.779779017393575e-16,18.91893985346265,2,0.5976390949838125,0.714972545731589,6,1.7917594692280547,0.16666666666666666,"6,11,8,2,7,5",113.0
2023-12-09,"mercury,venus,earth,mars,jupiter,saturn",3.7178426926626127,-1.540332046467168e-16,19.030596262818225,2,0.5868821476578416,0.726322711936817,6,1.7917594692280547,0.16666666666666666,"6,11,8,2,7,5",127.0
2023-12-10,"mercury,venus,earth,mars,jupiter,saturn",3.753940286847144,-2.7758915116897387e-16,19.13685191226231,2,0.5768054692412385,0.7363837971795273,6,1.7917594692280547,0.16666666666666666,"6,11,8,2,7,5",123.0
2023-12-11,"mercury,venus,earth,mars,jupiter,saturn",3.785702694661224,-2.3735461118202746e-16,19.23465744879583,2,0.5676656561333685,0.7450896867031271,6,1.7917594692280547,0.16666666666666666,"6,11,8,2,7,5",92.0
2023-12-12,"mercury,venus,earth,mars,jupiter,saturn",3.8126137221358563,-6.175899677965138e-16,19.32068212280698,2,0.5597324252305524,0.7523556001710555,6,1.7917594692280547,0.16666666666666666,"6,11,8,2,7,5",96.0
2023-12-13,"mercury,venus,earth,mars,jupiter,saturn",3.834061026591775,-2.824102367203499e-16,19.39131559215866,2,0.5532915010165782,0.7580725446794483,6,1.7917594692280547,0.16666666666666666,"6,11,8,2,7,5",110.0
2023-12-14,"mercury,venus,earth,mars,jupiter,saturn",3.849329087462969,-8.019091065773467e-16,19.442719797621358,2,0.548644932619661,0.7621019372712073,5,1.5607104090414063,0.3333333333333333,"7,11,8,2,7,5",117.0
2023-12-15,"mercury,venus,earth,mars,jupiter,saturn",3.857602227824502,-2.7824147574697495e-16,19.47096316233909,2,0.5461064762351677,0.7642711263970602,5,1.5607104090414063,0.3333333333333333,"7,11,8,2,7,5",114.0
2023-12-16,"mercury,venus,earth,mars,jupiter,saturn",3.857984611966941,-4.611571641278439e-16,19.472275188744124,2,0.5459888035005134,0.7643711441987722,5,1.5607104090414063,0.3333333333333333,"7,11,8,2,7,5",124.0
2023-12-17,"mercury,venus,earth,mars,jupiter,saturn",3.849545734895697,-2.0656823500588285e-16,19.443455911358942,2,0.5485786417033799,0.7621588689074731,5,1.5607104090414063,0.3333333333333333,"7,11,8,2,7,5",112.0
2023-12-18,"mercury,venus,earth,mars,jupiter,saturn",3.831399829058719,-2.439826193387354e-16,19.382451351517744,2,0.5540962337928473,0.757366773886508,5,1.5607104090414063,0.3333333333333333,"7,11,8,2,7,5",138.0
2023-12-19,"mercury,venus,earth,mars,jupiter,saturn",3.802823958423115,-6.610728931318829e-16,19.289052616436315,2,0.5626379096815378,0.7497242268100895,5,1.5607104090414063,0.3333333333333333,"8,11,8,2,7,5",150.0
2023-12-20,"mercury,venus,earth,mars,jupiter,saturn",3.763410573112208,-5.670534952157933e-16,19.165591406279024,2,0.5741064203795876,0.7389941088472018,5,1.5607104090414063,0.3333333333333333,"8,11,8,2,7,5",149.0
2023-12-21,"mercury,venus,earth,mars,jupiter,saturn",3.713236088510958,-5.862793544194659e-16,19.017411435908826,2,0.5881433415590749,0.7250262369033735,5,1.5607104090414063,0.3333333333333333,"8,11,8,2,7,5",152.0
2023-12-22,"mercury,venus,earth,mars,jupiter,saturn",3.653012150714708,-8.225815343123233e-16,18.852849737962107,2,0.604088638616825,0.7078239077246137,5,1.5607104090414063,0.3333333333333333,"8,11,8,2,7,5",148.0
2023-12-23,"mercury,venus,earth,mars,jupiter,saturn",3.584180742037032,-1.7457815174695405e-16,18.682534278733876,2,0.6209973273417879,0.6876129009013511,5,1.5607104090414063,0.3333333333333333,"9,11,9,2,7,5",138.0
2023-12-24,"mercury,venus,earth,mars,jupiter,saturn",3.5089310395666815,-2.8836242095908257e-16,18.51802160606885,2,0.6377330265038488,0.6648980815747264,5,1.5607104090414063,0.3333333333333333,"9,11,9,2,7,5",117.0
2023-12-25,"mercury,venus,earth,mars,jupiter,saturn",3.430164841302599,-6.536680251386618e-16,18.370083581385774,2,0.6531302120099507,0.6404995810923195,5,1.5607104090414063,0.3333333333333333,"9,11,9,2,7,5",113.0
2023-12-26,"mercury,venus,earth,mars,jupiter,saturn",3.351525546017605,-8.266009902763625e-16,18.247140419005945,2,0.6661826910225984,0.6155881539613063,5,1.5607104090414063,0.3333333333333333,"9,11,9,2,7,5",110.0
2023-12-27,"mercury,venus,earth,mars,jupiter,saturn",3.2777530010729667,-3.294804990210854e-16,18.154293459210088,2,0.6761976528726068,0.5917974588315544,5,1.5607104090414063,0.3333333333333333,"9,11,9,2,7,5",76.0
2023-12-28,"mercury,venus,earth,mars,jupiter,saturn",3.215816980677752,-6.086919926712841e-16,18.093153938297718,2,0.6828677779756478,0.5715686103419261,6,1.7917594692280547,0.16666666666666666,"10,0,9,2,7,5",95.0
2023-12-29,"mercury,venus,earth,mars,jupiter,saturn",3.1765726966569034,-3.8277560832412573e-16,18.06235583440939,2,0.6862506405832323,0.5586543743049927,6,1.7917594692280547,0.16666666666666666,"10,0,9,2,7,5",83.0
2023-12-30,"mercury,venus,earth,mars,jupiter,saturn",3.1709537405703827,-7.947838607511111e-16,18.05845036283002,2,0.686680719135815,0.5568001363801156,6,1.7917594692280547,0.16666666666666666,"10,0,9,2,7,5",65.0
2023-12-31,"mercury,venus,earth,mars,jupiter,saturn",3.1960395916369997,-2.69010816175045e-16,18.07686304297841,2,0.6846552503079485,0.5650686762977318,6,1.7917594692280547,0.16666666666666666,"10,0,9,2,7,5",52.0
2024-01-01,"mercury,venus,earth,mars,jupiter,saturn",3.2373765920989004,-6.74439085229367e-16,18.112695292952974,2,0.6807293272376116,0.5786332199353861,6,1.7917594692280547,0.16666666666666666,"10,0,9,2,7,5",55.0
2024-01-02,"mercury,venus,earth,mars,jupiter,saturn",3.283972583880767,-8.213896431825351e-16,18.16128085679184,2,0.6754391762576255,0.5938169238568551,6,1.7917594692280547,0.16666666666666666,"11,0,9,2,7,5",68.0
2024-01-03,"mercury,venus,earth,mars,jupiter,saturn",3.3305321968426456,-3.4514385933504323e-16,18.218503066299256,2,0.6692570669791122,0.6088559896407953,6,1.7917594692280547,0.16666666666666666,"11,0,9,2,7,5",59.0
2024-01-04,"mercury,venus,earth,mars,jupiter,saturn",3.3747841323504115,-6.947246295690487e-16,18.280926291723304,2,0.6625722168087711,0.6230082523291267,6,1.7917594692280547,0.16666666666666666,"11,0,9,2,7,5",100.0
2024-01-05,"mercury,venus,earth,mars,jupiter,saturn",3.415815483813283,-4.46919725902624e-16,18.345805033157745,2,0.6556891393132285,0.6359925551574593,6,1.7917594692280547,0.16666666666666666,"11,0,9,2,7,5",119.0
2024-01-06,"mercury,venus,earth,mars,jupiter,saturn",3.453334630484618,-1.2517623265025587e-16,18.41102457439325,2,0.6488356769559164,0.6477379910019131,6,1.7917594692280547,0.16666666666666666,"11,0,9,2,7,5",148.0
2024-01-07,"mercury,venus,earth,mars,jupiter,saturn",3.4873455999330636,-6.389668522568863e-16,18.475011467548235,2,0.6421751236686634,0.6582718151344361,6,1.7917594692280547,0.16666666666666666,"11,0,9,2,7,5",172.0
2024-01-08,"mercury,venus,earth,mars,jupiter,saturn",3.517994960804395,-6.689123007436417e-16,18.53663755883749,2,0.6358190133379833,0.6676663178508673,6,1.7917594692280547,0.16666666666666666,"11,0,9,2,7,5",162.0
2024-01-09,"mercury,venus,earth,mars,jupiter,saturn",3.5454953573535595,-4.955993566984612e-16,18.59513036978857,2,0.629838795141771,0.6760123257559378,5,1.5607104090414063,0.3333333333333333,"0,0,9,2,7,5",158.0
2024-01-10,"mercury,venus,earth,mars,jupiter,saturn",3.5700857473190695,-7.099996630510904e-16,18.64999551859268,2,0.62427567609651,0.6834056464251917,5,1.5607104090414063,0.3333333333333333,"0,0,9,2,7,5",178.0
2024-01-11,"mercury,venus,earth,mars,jupiter,saturn",3.592010423597353,-2.5726939542512996e-16,18.70095268329583,2,0.6191485096707773,0.6899401919110203,5,1.5607104090414063,0.3333333333333333,"0,0,9,2,7,5",186.0
2024-01-12,"mercury,venus,earth,mars,jupiter,saturn",3.611508145257136,-4.121186943846052e-16,18.74788442343165,2,0.6144599015364063,0.6957046879890687,5,1.5607104090414063,0.3333333333333333,"0,0,9,2,7,5",182.0
2024-01-13,"mercury,venus,earth,mars,jupiter,saturn",3.6288068927474377,-4.958792627501121e-16,18.79079621673338,2,0.6102008149779699,0.7007813459828208,5,1.5607104090414063,0.3333333333333333,"0,0,9,2,7,5",181.0
2024-01-14,"mercury,venus,earth,mars,jupiter,saturn",3.6441218032253255,-5.848222567527792e-16,18.82978579478049,2,0.6063539743046318,0.7052456072242327,5,1.5607104090414063,0.3333333333333333,"0,0,9,2,7,5",161.0
2024-01-15,"mercury,venus,earth,mars,jupiter,saturn",3.6576549005637573,-6.6263905564921855e-16,18.865019936471043,2,0.602896336398637,0.7091664581681162,5,1.5607104090414063,0.3333333333333333,"0,0,9,2,7,5",140.0
2024-01-16,"mercury,venus,earth,mars,jupiter,saturn",3.6695958119931094,-4.0884754973762775e-16,18.89671710287742,2,0.5998008568146214,0.7126070285164452,5,1.5607104090414063,0.3333333333333333,"0,0,9,2,7,5",134.0
2024-01-17,"mercury,venus,earth,mars,jupiter,saturn",3.6801229903357777,-5.409368729150133e-16,18.92513456396656,2,0.597037731923039,0.7156253065584215,6,1.7917594692280547,0.16666666666666666,"0,1,9,2,7,5",147.0
2024-01-18,"mercury,venus,earth,mars,jupiter,saturn",3.6894051507902885,-7.827537649191526e-16,18.950558923872354,2,0.5945752587089773,0.7182748762903768,5,1.5607104090414063,0.3333333333333333,"1,1,9,2,7,5",130.0
2024-01-19,"mercury,venus,earth,mars,jupiter,saturn",3.6976027431729297,-4.002205270007758e-16,18.973299174564797,2,0.5923804209875324,0.7206056216437426,5,1.5607104090414063,0.3333333333333333,"1,1,10,2,7,5",143.0
2024-01-20,"mercury,venus,earth,mars,jupiter,saturn",3.704869346656341,-3.1261817437726223e-16,18.99368159171147,2,0.5904192849322579,0.722664366543009,5,1.5607104090414063,0.3333333333333333,"1,1,10,2,7,5",134.0
2024-01-21,"mercury,venus,earth,mars,jupiter,saturn",3.711352912749215,-4.926178262877739e-16,19.01204593295358,2,0.5886572670406942,0.7244954326087213,5,1.5607104090414063,0.3333333333333333,"1,1,10,2,7,5",155.0
2024-01-22,"mercury,venus,earth,mars,jupiter,saturn",3.717196804467768,-8.5071467368975205e-16,19.028742512677553,2,0.5870593228425635,0.72614110333038,5,1.5607104090414063,0.3333333333333333,"1,1,10,3,7,5",166.0
2024-01-23,"mercury,venus,earth,mars,jupiter,saturn",3.722540592129827,-1.373252210612715e-15,19.044129814550644,2,0.5855900936842893,0.7276419870582179,5,1.5607104090414063,0.3333333333333333,"1,1,10,3,7,5",148.0
2024-01-24,"mercury,venus,earth,mars,jupiter,saturn",3.7275205733609744,-7.045591770052304e-16,19.058572369326964,2,0.5842140408268944,0.7290372728647354,5,1.5607104090414063,0.3333333333333333,"1,1,10,3,7,5",124.0
2024-01-25,"mercury,venus,earth,mars,jupiter,saturn",3.732269989771848,-3.2468313335080923e-16,19.072438675840925,2,0.5828955900616598,0.7303648743249855,5,1.5607104090414063,0.3333333333333333,"1,1,10,3,7,5",92.0
2024-01-26,"mercury,venus,earth,mars,jupiter,saturn",3.7369189175536723,-6.35437488656518e-16,19.086098982096956,2,0.5815993054157943,0.7316614573501624,5,1.5607104090414063,0.3333333333333333,"1,1,10,3,7,5",83.0
2024-01-27,"mercury,venus,earth,mars,jupiter,saturn",3.741593815602215,-5.209429502981661e-16,19.09992277467891,2,0.5802901067506788,0.7329623499584066,5,1.5607104090414063,0.3333333333333333,"1,1,10,3,7,5",64.0
2024-01-28,"mercury,venus,earth,mars,jupiter,saturn",3.7464167239229265,-7.106590223468883e-16,19.11427585150367,2,0.5789335427131053,0.7343013346846329,5,1.5607104090414063,0.3333333333333333,"1,1,10,3,7,5",68.0
2024-01-29,"mercury,venus,earth,mars,jupiter,saturn",3.7515041177212827,-6.424417352422909e-16,19.129516877904084,2,0.5774961272379504,0.7357103284472349,6,1.7917594692280547,0.16666666666666666,"2,1,10,3,7,5",74.0
2024-01-30,"mercury,venus,earth,mars,jupiter,saturn",3.756965438902162,-6.006458334333108e-16,19.14599335138469,2,0.5759457443514039,0.7372189601269498,6,1.7917594692280547,0.16666666666666666,"2,1,10,3,7,5",74.0
2024-01-31,"mercury,venus,earth,mars,jupiter,saturn",3.7629013461661565,-5.260159717512078e-16,19.16403692796427,2,0.5742521222002877,0.7388540626488546,6,1.7917594692280547,0.16666666666666666,"2,1,10,3,7,5",100.0
2024-02-01,"mercury,venus,earth,mars,jupiter,saturn",3.769401746217061,-2.6538180947398524e-16,19.183958094163728,2,0.57238737293612,0.7406391034969367,6,1.7917594692280547,0.16666666666666666,"2,1,10,3,7,5",117.0
2024-02-02,"mercury,venus,earth,mars,jupiter,saturn",3.7765436897698788,-8.196138155317037e-16,19.20604020424283,2,0.5703265903136839,0.7425935845739817,6,1.7917594692280547,0.16666666666666666,"2,1,10,3,7,5",122.0
2024-02-03,"mercury,venus,earth,mars,jupiter,saturn",3.784389234509117,-9.091328189314521e-17,19.2305329424276,2,0.5680484917371609,0.7447324481929094,6,1.7917594692280547,0.16666666666666666,"2,1,10,3,7,5",124.0
2024-02-04,"mercury,venus,earth,mars,jupiter,saturn",3.792983390125465,-6.779399009050437e-16,19.257645314029755,2,0.565536086238644,0.7470655297242659,6,1.7917594692280547,0.16666666666666666,"2,1,10,3,7,5",135.0
2024-02-05,"mercury,venus,earth,mars,jupiter,saturn",3.802352265561479,-5.28053524258807e-16,19.28753831610328,2,0.5627773448622588,0.7495970981091734,5,1.5607104090414063,0.3333333333333333,"2,2,10,3,7,5",158.0
2024-02-06,"mercury,venus,earth,mars,jupiter,saturn",3.812501533918102,-4.06870746167304e-16,19.320317485238533,2,0.5597658456164506,0.7523255224575532,5,1.5607104090414063,0.3333333333333333,"2,2,10,3,7,5",159.0
2024-02-07,"mercury,venus,earth,mars,jupiter,saturn",3.823415315616418,-1.0248279062356486e-15,19.35602556398337,2,0.5565013620832535,0.7552430961287583,5,1.5607104090414063,0.3333333333333333,"2,2,10,3,7,5",148.0
2024-02-08,"mercury,venus,earth,mars,jupiter,saturn",3.8350555562825157,-2.6272877190082046e-16,19.3946355641566,2,0.5529903634876359,0.7583360394229185,5,1.5607104090414063,0.3333333333333333,"3,2,10,3,7,5",161.0
2024-02-09,"mercury,venus,earth,mars,jupiter,saturn",3.847361944646677,-3.2591138769568977e-16,19.436044530470795,2,0.5492463950234461,0.7615846892051193,5,1.5607104090414063,0.3333333333333333,"3,2,10,3,7,5",127.0
2024-02-10,"mercury,venus,earth,mars,jupiter,saturn",3.860252380666422,-6.370632390596801e-16,19.480068316884495,2,0.5452903108491668,0.7649638697378053,5,1.5607104090414063,0.3333333333333333,"3,2,10,3,7,5",151.0
2024-02-11,"mercury,venus,earth,mars,jupiter,saturn",3.8736239686003815,-6.294070291567886e-16,19.526437677026163,2,0.5411503385182499,0.7684434251809004,5,1.5607104090414063,0.3333333333333333,"3,2,10,3,7,5",162.0
2024-02-12,"mercury,venus,earth,mars,jupiter,saturn",3.887354477143444,-3.9845667166908337e-16,19.574795936213032,2,0.536861962506453,0.7719888820404569,5,1.5607104090414063,0.3333333333333333,"3,2,10,3,7,5",156.0
2024-02-13,"mercury,venus,earth,mars,jupiter,saturn",3.9013041815396234,-7.007813006620441e-16,19.624698455321617,2,0.5324676254208878,0.7755622004358139,5,1.5607104090414063,0.3333333333333333,"3,2,10,3,7,5",136.0
2024-02-14,"mercury,venus,earth,mars,jupiter,saturn",3.9153179824115694,-3.144125565751239e-16,19.675614017851963,2,0.5280162575848673,0.7791225671273352,5,1.5607104090414063,0.3333333333333333,"3,2,10,3,7,5",141.0
2024-02-15,"mercury,venus,earth,mars,jupiter,saturn",3.9292276835006286,-6.68418866706277e-16,19.726928175567892,2,0.5235626579073996,0.7826271810483372,5,1.5607104090414063,0.3333333333333333,"3,2,10,3,7,5",150.0
2024-02-16,"mercury,venus,earth,mars,jupiter,saturn",3.942854305406828,-4.3182679321083403e-16,19.77794848244838,2,0.5191667600607879,0.7860319834213996,5,1.5607104090414063,0.3333333333333333,"3,2,10,3,7,5",139.0
2024-02-17,"mercury,venus,earth,mars,jupiter,saturn",3.9560103140136795,-3.839837538922946e-16,19.82791144100107,2,0.5148928268265502,0.7892922888600754,6,1.7917594692280547,0.16666666666666666,"4,2,10,3,7,5",113.0
2024-02-18,"mercury,venus,earth,mars,jupiter,saturn",3.968501649554244,-2.0077552589271358e-16,19.87599089037859,2,0.5108086210329688,0.7923632803705102,6,1.7917594692280547,0.16666666666666666,"4,2,11,3,7,5",100.0
2024-02-19,"mercury,venus,earth,mars,jupiter,saturn",3.980129454123913,-1.236628449745316e-16,19.921307493682484,2,0.5069846031081899,0.7952003389641171,6,1.7917594692280547,0.16666666666666666,"4,2,11,3,7,5",73.0
2024-02-20,"mercury,venus,earth,mars,jupiter,saturn",3.990691410839659,-5.528562401100844e-16,19.962938943022944,2,0.5034932025948957,0.7977591867611977,6,1.7917594692280547,0.16666666666666666,"4,2,11,3,7,5",54.0
2024-02-21,"mercury,venus,earth,mars,jupiter,saturn",3.9999826259089004,-5.64095429456143e-16,19.999930504239323,2,0.5004082040615783,0.7999958301945911,6,1.7917594692280547,0.16666666666666666,"4,2,11,3,7,5",49.0
2024-02-22,"mercury,venus,earth,mars,jupiter,saturn",4.007796004961128,-6.845304495361252e-16,20.031305575231215,2,0.4978042770125266,0.8018662965854624,6,1.7917594692280547,0.16666666666666666,"4,2,11,3,7,5",56.0
2024-02-23,"mercury,venus,earth,mars,jupiter,saturn",4.013922096813419,-3.444019602952624e-16,20.05607603681303,2,0.4957566650496664,0.8033261625910353,5,1.5607104090414063,0.3333333333333333,"4,3,11,3,7,5",104.0
2024-02-24,"mercury,venus,earth,mars,jupiter,saturn",4.018148401613552,-4.662334370419275e-16,20.073252335416466,2,0.4943410319454318,0.8043298767735322,5,1.5607104090414063,0.3333333333333333,"4,3,11,3,7,5",108.0
2024-02-25,"mercury,venus,earth,mars,jupiter,saturn",4.020258167080583,-1.3791512306115622e-15,20.08185345498925,2,0.4936334413145388,0.8048298811762633,4,1.329661348854758,0.3333333333333333,"5,3,11,3,7,5",115.0
2024-02-26,"mercury,venus,earth,mars,jupiter,saturn",4.020028728673714,-6.165906126487037e-16,20.080917214639427,2,0.4937104213954154,0.804775539215935,4,1.329661348854758,0.3333333333333333,"5,3,11,3,7,5",132.0
2024-02-27,"mercury,venus,earth,mars,jupiter,saturn",4.017229491294575,-6.775762773952192e-16,20.069511675918843,2,0.49464903523312287,0.8041118810623985,4,1.329661348854758,0.3333333333333333,"5,3,11,3,7,5",120.0
2024-02-28,"mercury,venus,earth,mars,jupiter,saturn",4.011619709011068,-7.081464348586696e-16,20.046748871319274,2,0.4965268361207058,0.8027781857810523,4,1.329661348854758,0.3333333333333333,"5,3,11,3,7,5",130.0
2024-02-29,"mercury,venus,earth,mars,jupiter,saturn",4.002946307651192,-8.84313549851342e-16,20.01180259206232,2,0.4994215336476042,0.8007064365253166,4,1.329661348854758,0.3333333333333333,"5,3,11,3,7,5",126.0
2024-03-01,"mercury,venus,earth,mars,jupiter,saturn",3.9909421332452064,-1.8243083963138944e-16,19.96393262288112,2,0.503410120266283,0.7978197187790941,4,1.329661348854758,0.3333333333333333,"5,3,11,3,7,5",117.0
2024-03-02,"mercury,venus,earth,mars,jupiter,saturn",3.975325230514804,-2.4784678667472075e-16,19.902518610557507,2,0.5085671029271186,0.7940306951897331,4,1.329661348854758,0.3333333333333333,"5,3,11,3,7,5",96.0
2024-03-03,"mercury,venus,earth,mars,jupiter,saturn",3.9558001151624653,-3.2470421970770575e-16,19.827107720289163,2,0.5149613383241521,0.7892404062094416,4,1.329661348854758,0.3333333333333333,"5,3,11,3,7,5",102.0
2024-03-04,"mercury,venus,earth,mars,jupiter,saturn",3.9320625946044196,-1.1030785366084042e-15,19.737481360521436,2,0.5226507729791652,0.7833378517490227,5,1.5607104090414063,0.3333333333333333,"6,3,11,3,7,5",109.0
2024-03-05,"mercury,venus,earth,mars,jupiter,saturn",3.9038106735471017,-7.25185775681864e-16,19.63374746723533,2,0.5316741350188151,0.7762011709854295,5,1.5607104090414063,0.3333333333333333,"6,3,11,3,7,5",110.0
2024-03-06,"mercury,venus,earth,mars,jupiter,saturn",3.8707657326034837,-7.615667560512559e-16,19.51646592215296,2,0.542038323258923,0.7677018685893594,5,1.5607104090414063,0.3333333333333333,"6,3,11,3,7,5",100.0
2024-03-07,"mercury,venus,earth,mars,jupiter,saturn",3.832710987083458,-6.633356911112624e-16,19.386815176019013,2,0.5536999396542053,0.7577146311623686,5,1.5607104090414063,0.3333333333333333,"6,3,11,3,7,5",96.0
2024-03-08,"mercury,venus,earth,mars,jupiter,saturn",3.78955911006215,-3.3456295893736834e-16,19.246807176564268,2,0.5665392414003265,0.7461371705402289,6,1.7917594692280547,0.16666666666666666,"6,3,11,4,7,5",102.0
2024-03-09,"mercury,venus,earth,mars,jupiter,saturn",3.741469396841018,-1.1225820828071535e-15,19.09955373290356,2,0.5803250233621623,0.7329277659185283,6,1.7917594692280547,0.16666666666666666,"6,3,11,4,7,5",96.0
2024-03-10,"mercury,venus,earth,mars,jupiter,saturn",3.689049380686265,-4.283391205415717e-16,18.94957809804825,2,0.5946700884383873,0.7181735267522084,6,1.7917594692280547,0.16666666666666666,"6,3,11,4,7,5",77.0
2024-03-11,"mercury,venus,earth,mars,jupiter,saturn",3.633698503193398,-4.608305146870918e-16,18.80314758589911,2,0.6089798299410774,0.702210348123403,4,1.3296613488547582,0.3333333333333333,"7,4,11,4,7,5",74.0
2024-03-12,"mercury,venus,earth,mars,jupiter,saturn",3.5781751818113476,-8.666906302224894e-16,18.66857308172517,2,0.6224020439330429,0.6858230447330744,4,1.3296613488547582,0.3333333333333333,"7,4,11,4,7,5",83.0
2024-03-13,"mercury,venus,earth,mars,jupiter,saturn",3.5274362733394424,-1.2410733014156441e-16,18.55637804486839,2,0.6337950610707574,0.6705406967019519,4,1.3296613488547582,0.3333333333333333,"7,4,11,4,7,5",81.0
2024-03-14,"mercury,venus,earth,mars,jupiter,saturn",3.48948362273074,-3.761395633248192e-16,18.479188433843227,2,0.6417424990644198,0.6589302337004003,4,1.3296613488547582,0.3333333333333333,"7,4,11,4,7,5",68.0
2024-03-15,"mercury,venus,earth,mars,jupiter,saturn",3.474949991606582,-2.646241907510951e-16,18.451154989054174,2,0.6446511080758774,0.6544456133683788,4,1.3296613488547582,0.3333333333333333,"7,4,11,4,7,5",52.0
2024-03-16,"mercury,venus,earth,mars,jupiter,saturn",3.4933198451979357,-6.914723178328794e-16,18.486728939332224,2,0.6409621689656135,0.6601104814649018,5,1.5607104090414063,0.3333333333333333,"8,4,11,4,7,5",62.0
2024-03-17,"mercury,venus,earth,mars,jupiter,saturn",3.5471396514576594,-4.38241699237316e-16,18.598723596394425,2,0.6294730914170055,0.6765087744721562,5,1.5607104090414063,0.3333333333333333,"8,4,11,4,7,5",73.0
2024-03-18,"mercury,venus,earth,mars,jupiter,saturn",3.630809843799071,-2.8472978113203575e-16,18.795842118067625,2,0.6097017416068677,0.7013668256532225,5,1.5607104090414063,0.3333333333333333,"8,4,11,4,7,5",120.0
2024-03-19,"mercury,venus,earth,mars,jupiter,saturn",3.7349132656421493,-1.2291233181918083e-16,19.08019501603362,2,0.5821592441997719,0.731102438426205,5,1.5607104090414063,0.3333333333333333,"8,4,11,4,7,5",132.0
2024-03-20,"mercury,venus,earth,mars,jupiter,saturn",3.8501787780347176,-3.0204031944372706e-16,19.445607909241218,2,0.5483848830810886,0.7623251837647153,5,1.5607104090414063,0.3333333333333333,"9,4,11,4,7,5",123.0
2024-03-21,"mercury,venus,earth,mars,jupiter,saturn",3.9688900514061953,-2.7256541835630013e-16,19.877495863427804,2,0.5106812285693028,0.7924583835096157,5,1.5607104090414063,0.3333333333333333,"9,4,0,4,7,5",159.0
2024-03-22,"mercury,venus,earth,mars,jupiter,saturn",4.0850405529525675,-5.547561914685976e-16,20.35462600310323,2,0.47163454642732094,0.8198409696509708,5,1.5607104090414063,0.3333333333333333,"9,4,0,4,7,5",163.0
2024-03-23,"mercury,venus,earth,mars,jupiter,saturn",4.194228738339001,-6.060900998986733e-16,20.85236455894952,2,0.4336113388992784,0.8436239765412474,5,1.5607104090414063,0.3333333333333333,"9,4,0,4,7,5",154.0
2024-03-24,"mercury,venus,earth,mars,jupiter,saturn",4.29352557851571,-6.366977918451735e-16,21.346416844548802,2,0.3984091292280032,0.8635810884615144,5,1.5607104090414063,0.3333333333333333,"9,4,0,4,7,5",161.0
2024-03-25,"mercury,venus,earth,mars,jupiter,saturn",4.381298287029502,-3.2115773160051e-16,21.81596991550127,2,0.36713306426432113,0.8798955423149968,5,1.5607104090414063,0.3333333333333333,"10,4,0,4,7,5",163.0
2024-03-26,"mercury,venus,earth,mars,jupiter,saturn",4.456973741749783,-4.638611660151602e-16,22.245544968296723,2,0.3402594099009386,0.8929704784916329,5,1.5607104090414063,0.3333333333333333,"10,4,0,4,7,5",138.0
2024-03-27,"mercury,venus,earth,mars,jupiter,saturn",4.520765408731016,-5.581755088026403e-16,22.62545485678563,2,0.3177960641776623,0.9032887961874291,5,1.5607104090414063,0.3333333333333333,"10,4,0,4,7,5",113.0
2024-03-28,"mercury,venus,earth,mars,jupiter,saturn",4.573405018975261,-5.601474782174216e-16,22.95120670747308,2,0.29945895153563057,0.9113260899165573,5,1.5607104090414063,0.3333333333333333,"10,4,0,4,7,5",98.0
2024-03-29,"mercury,venus,earth,mars,jupiter,saturn",4.6159129844049716,-2.8025708428389714e-16,23.222349546337167,2,0.2848179321479256,0.917506328852891,5,1.5607104090414063,0.3333333333333333,"10,4,0,4,7,5",79.0
2024-03-30,"mercury,venus,earth,mars,jupiter,saturn",4.649424034180335,-5.462944284823401e-16,23.441199289063462,2,0.2733978706194832,0.9221859164731073,5,1.5607104090414063,0.3333333333333333,"11,5,0,4,7,5",51.0
2024-03-31,"mercury,venus,earth,mars,jupiter,saturn",4.675068703330661,-3.005662676220388e-16,23.611710321755723,2,0.2647390427561473,0.9256537151704576,5,1.5607104090414063,0.3333333333333333,"11,5,0,4,7,5",63.0
2024-04-01,"mercury,venus,earth,mars,jupiter,saturn",4.6939018986987575,-7.743767498061171e-16,23.738607284830508,2,0.25842770491206546,0.928138486400893,5,1.5607104090414063,0.3333333333333333,"11,5,0,4,7,5",31.0
2024-04-02,"mercury,venus,earth,mars,jupiter,saturn",4.706866484506055,-3.011077863566531e-16,23.826786391860114,2,0.2541076012682635,0.9298187232893063,5,1.5607104090414063,0.3333333333333333,"11,5,0,4,7,5",36.0
2024-04-03,"mercury,venus,earth,mars,jupiter,saturn",4.714780423719619,-4.712318653363649e-16,23.88094380314407,2,0.2514806402743973,0.9308323250173699,5,1.5607104090414063,0.3333333333333333,"11,5,0,4,7,5",37.0
2024-04-04,"mercury,venus,earth,mars,jupiter,saturn",4.718338313305347,-4.691474769083036e-16,23.905373117946134,2,0.25030218364546575,0.9312850432814279,5,1.5607104090414063,0.3333333333333333,"11,5,0,4,7,5",49.0
2024-04-05,"mercury,venus,earth,mars,jupiter,saturn",4.718120762233103,-8.448225074185961e-16,23.903877907232918,2,0.2503741958471669,0.9312574141068287,5,1.5607104090414063,0.3333333333333333,"11,5,0,4,7,5",78.0
2024-04-06,"mercury,venus,earth,mars,jupiter,saturn",4.714607311300216,-3.582708559464447e-16,23.879756463928313,2,0.25153801980105606,0.9308102506548317,4,1.3296613488547582,0.3333333333333333,"0,5,0,4,7,5",80.0
2024-04-07,"mercury,venus,earth,mars,jupiter,saturn",4.708190282819335,-1.7134107359077685e-16,23.835828084636802,2,0.2536676367181759,0.9299889083157977,4,1.3296613488547582,0.3333333333333333,"0,5,0,4,7,5",83.0
2024-04-08,"mercury,venus,earth,mars,jupiter,saturn",4.699188107190221,-1.0175691229107284e-15,23.774480447233366,2,0.25666375258298607,0.9288265590395997,4,1.3296613488547582,0.3333333333333333,"0,5,0,4,7,5",78.0
2024-04-09,"mercury,venus,earth,mars,jupiter,saturn",4.687857415882558,-1.8623299632838516e-16,23.69772531269949,2,0.2604487821212308,0.9273466909445635,4,1.3296613488547582,0.3333333333333333,"0,5,0,4,7,5",56.0
2024-04-10,"mercury,venus,earth,mars,jupiter,saturn",4.674403637520667,-7.150380802532893e-16,23.607255082684883,2,0.26496267081690533,0.9255650133798364,4,1.3296613488547582,0.3333333333333333,"0,5,0,4,7,5",56.0
2024-04-11,"mercury,venus,earth,mars,jupiter,saturn",4.658990085531828,-5.416109201972387e-16,23.50449620778581,2,0.270159442700497,0.9234909110663578,4,1.3296613488547582,0.3333333333333333,"0,5,0,4,7,5",91.0
2024-04-12,"mercury,venus,earth,mars,jupiter,saturn",4.641745655192233,-3.094745691448281e-16,23.390657592685155,2,0.2760043486088089,0.9211285592173298,4,1.3296613488547582,0.3333333333333333,"0,5,0,4,7,5",87.0
2024-04-13,"mercury,venus,earth,mars,jupiter,saturn",4.622771304358677,-2.7117585178260926e-16,23.266773412499923,2,0.28247149538654653,0.9184777860483707,4,1.3296613488547582,0.3333333333333333,"0,5,0,4,7,5",121.0
2024-04-14,"mercury,venus,earth,mars,jupiter,saturn",4.602145507521701,-2.351512151837966e-16,23.133740454543943,2,0.28954184985160397,0.9155347495152708,4,1.3296613488547582,0.3333333333333333,"0,5,0,4,7,5",150.0
2024-04-15,"mercury,venus,earth,mars,jupiter,saturn",4.579928866653908,-3.204290383498288e-16,22.99235044737261,2,0.2972015266463296,0.9122924805631042,5,1.5607104090414063,0.3333333333333333,"1,5,0,4,7,5",171.0
2024-04-16,"mercury,venus,earth,mars,jupiter,saturn",4.556168046252003,-6.183321454185916e-16,22.843317976351546,2,0.30544028377075116,0.9087413346510397,5,1.5607104090414063,0.3333333333333333,"1,5,0,4,7,5",185.0
2024-04-17,"mercury,venus,earth,mars,jupiter,saturn",4.530899180549643,-6.12262325425777e-16,22.687304602015136,2,0.3142501626865967,0.9048693859596696,5,1.5607104090414063,0.3333333333333333,"1,5,0,4,7,5",211.0
2024-04-18,"mercury,venus,earth,mars,jupiter,saturn",4.50415088162241,-8.803241068724138e-17,22.52493974937095,2,0.323624221265802,0.900662793781124,5,1.5607104090414063,0.3333333333333333,"1,5,0,4,7,5",224.0
2024-04-19,"mercury,venus,earth,mars,jupiter,saturn",4.475946959732417,-3.004086803914401e-16,22.356838855886725,2,0.3335553178086929,0.896106167579355,6,1.7917594692280547,0.16666666666666666,"1,6,0,4,7,5",242.0
2024-04-20,"mercury,venus,earth,mars,jupiter,saturn",4.446308952473949,-4.5970597939442665e-16,22.183619172012584,2,0.34403491332920844,0.8911829556554908,6,1.7917594692280547,0.16666666666666666,"1,6,0,4,7,5",232.0
2024-04-21,"mercury,venus,earth,mars,jupiter,saturn",4.415258547247568,-2.4118828521134204e-16,22.005913511114596,2,0.3550518678184625,0.8858758819167653,6,1.7917594692280547,0.16666666666666666,"1,6,0,4,7,5",233.0
2024-04-22,"mercury,venus,earth,mars,jupiter,saturn",4.382819972212403,-1.209422842198616e-16,21.824382151099023,2,0.36659121478139733,0.8801674556389035,6,1.7917594692280547,0.16666666666666666,"1,6,0,4,7,5",266.0
2024-04-23,"mercury,venus,earth,mars,jupiter,saturn",4.349022423944259,-3.982383562388962e-16,21.63972300060889,2,0.3786329074916779,0.8740405800683217,5,1.5607104090414063,0.3333333333333333,"1,6,1,4,7,5",268.0
2024-04-24,"mercury,venus,earth,mars,jupiter,saturn",4.313902595340517,-3.3678212627567583e-16,21.45268006008509,2,0.39115054055922804,0.867479286968485,5,1.5607104090414063,0.3333333333333333,"1,6,1,4,7,5",251.0
2024-04-25,"mercury,venus,earth,mars,jupiter,saturn",4.277507364650592,-9.761696197762168e-16,21.264050133473006,2,0.40411006187696363,0.8604696254848249,4,1.329661348854758,0.3333333333333333,"1,6,1,5,7,5",211.0
2024-04-26,"mercury,venus,earth,mars,jupiter,saturn",4.239896705658987,-4.401312346038724e-16,21.07468768140802,2,0.4174685029667516,0.8530007346451404,5,1.5607104090414063,0.3333333333333333,"2,6,1,5,7,5",142.0
2024-04-27,"mercury,venus,earth,mars,jupiter,saturn",4.201146879722193,-3.068108185576205e-16,20.885507653332724,2,0.43117277009836985,0.845066129009469,5,1.5607104090414063,0.3333333333333333,"2,6,1,5,7,5",138.0
2024-04-28,"mercury,venus,earth,mars,jupiter,saturn",4.161353972058022,-1.7269422788877647e-16,20.69748609682989,2,0.44515855390065295,0.8366652258998447,5,1.5607104090414063,0.3333333333333333,"2,6,1,5,7,5",117.0
2024-04-29,"mercury,venus,earth,mars,jupiter,saturn",4.120637836403399,-2.8853742471706525e-16,20.511658320757782,2,0.45934943069307604,0.8278051395588961,5,1.5607104090414063,0.3333333333333333,"2,6,1,5,7,5",99.0
2024-04-30,"mercury,venus,earth,mars,jupiter,saturn",4.079146511885732,-8.519260520299826e-16,20.329114388230273,2,0.47365624311257976,0.8185027614908342,5,1.5607104090414063,0.3333333333333333,"2,6,1,5,7,5",86.0
2024-05-01,"mercury,venus,earth,mars,jupiter,saturn",4.037061169808641,-2.481263553173046e-16,20.150991739849736,2,0.48797685893295634,0.8087871356002178,5,1.5607104090414063,0.3333333333333333,"2,6,1,5,7,5",119.0
2024-05-02,"mercury,venus,earth,mars,jupiter,saturn",3.9946016288440354,-5.88799761724448e-16,19.978464800198417,2,0.5021964129144246,0.7987021191440568,5,1.5607104090414063,0.3333333333333333,"2,6,1,5,7,5",144.0
2024-05-03,"mercury,venus,earth,mars,jupiter,saturn",3.9520324321300566,-9.116304848802646e-17,19.81273150365494,2,0.5161881343799523,0.788309292018952,5,1.5607104090414063,0.3333333333333333,"2,6,1,5,7,5",160.0
2024-05-04,"mercury,venus,earth,mars,jupiter,saturn",3.9096693876093234,-8.482938280030753e-16,19.65499678950704,2,0.5298148502585152,0.7776910311463261,5,1.5607104090414063,0.3333333333333333,"2,6,1,5,7,5",186.0
2024-05-05,"mercury,venus,earth,mars,jupiter,saturn",3.8678862998250576,-3.961436387139682e-16,19.506453258848065,2,0.5429312272663454,0.7669535937594559,5,1.5607104090414063,0.3333333333333333,"2,6,1,5,7,5",185.0
2024-05-06,"mercury,venus,earth,mars,jupiter,saturn",3.827121318592722,-2.792103057519712e-16,19.368259351341134,2,0.5553867764681096,0.7562299389703644,5,1.5607104090414063,0.3333333333333333,"3,6,1,5,7,5",205.0
2024-05-07,"mercury,venus,earth,mars,jupiter,saturn",3.787881837390552,-2.9462203513027966e-16,19.241515579379826,2,0.5670295891501435,0.7456818437633528,5,1.5607104090414063,0.3333333333333333,"3,6,1,5,7,5",192.0
2024-05-08,"mercury,venus,earth,mars,jupiter,saturn",3.750746141358495,-3.603766641944095e-16,19.12723953752934,2,0.5777107075525642,0.7355006240870663,5,1.5607104090414063,0.3333333333333333,"3,6,1,5,7,5",171.0
2024-05-09,"mercury,venus,earth,mars,jupiter,saturn",3.716359047659358,-2.5681369759740007e-16,19.026340570326845,2,0.5872889630074074,0.725905463537191,4,1.3296613488547582,0.3333333333333333,"3,7,1,5,7,5",181.0
2024-05-10,"mercury,venus,earth,mars,jupiter,saturn",3.6854177972448707,-6.826741833068049e-16,18.939595113560014,2,0.5956360453907221,0.7171380517276652,4,1.3296613488547582,0.3333333333333333,"3,7,1,5,7,5",172.0
2024-05-11,"mercury,venus,earth,mars,jupiter,saturn",3.6586439876553674,-6.098199650979224e-16,18.867623804949126,2,0.6026415112404294,0.7094521263931285,4,1.3296613488547582,0.3333333333333333,"3,7,1,5,7,5",173.0
2024-05-12,"mercury,venus,earth,mars,jupiter,saturn",3.636738358302595,-3.02790538993373e-16,18.810871473867767,2,0.6082174034789095,0.703096924835351,4,1.3296613488547582,0.3333333333333333,"3,7,1,5,7,5",199.0
2024-05-13,"mercury,venus,earth,mars,jupiter,saturn",3.620318891847107,-6.821226204390829e-16,18.76959105516486,2,0.6123021519229204,0.6982948557666349,4,1.3296613488547582,0.3333333333333333,"3,7,1,5,7,5",244.0
2024-05-14,"mercury,venus,earth,mars,jupiter,saturn",3.60984929491111,-3.4116933871761854e-16,18.74383232500717,2,0.6148634556424211,0.6952159892395566,4,1.3296613488547582,0.3333333333333333,"3,7,1,5,7,5",203.0
2024-05-15,"mercury,venus,earth,mars,jupiter,saturn",3.6055725105538903,-3.552881561162679e-16,18.733436131077088,2,0.615899915607024,0.6939545440516274,4,1.3296613488547582,0.3333333333333333,"4,7,1,5,7,5",208.0
2024-05-16,"mercury,venus,earth,mars,jupiter,saturn",3.6074678997283938,-7.022507394122527e-16,18.738034498400857,2,0.6154412830086007,0.6945138588938672,4,1.3296613488547582,0.3333333333333333,"4,7,1,5,7,5",213.0
2024-05-17,"mercury,venus,earth,mars,jupiter,saturn",3.6152465588939,-3.2327818689602017e-16,18.757056656461575,2,0.613547304017298,0.6968048303618963,4,1.3296613488547582,0.3333333333333333,"4,7,1,5,7,5",203.0
2024-05-18,"mercury,venus,earth,mars,jupiter,saturn",3.628387093959785,-3.421324550074283e-16,18.78974067971045,2,0.6103052609259427,0.7006585736348123,4,1.3296613488547582,0.3333333333333333,"4,7,1,5,7,5",180.0
2024-05-19,"mercury,venus,earth,mars,jupiter,saturn",3.6462004686089022,-3.892290261162708e-16,18.83515009126073,2,0.6058264172939761,0.7058493185808159,4,1.3296613488547582,0.3333333333333333,"4,7,1,5,7,5",181.0
2024-05-20,"mercury,venus,earth,mars,jupiter,saturn",3.667905111638829,-6.690402359923585e-16,18.892194476306546,2,0.60024165753947,0.7121209727572335,4,1.3296613488547582,0.3333333333333333,"4,7,1,5,7,5",155.0
2024-05-21,"mercury,venus,earth,mars,jupiter,saturn",3.6926950666260527,-2.895343210683722e-16,18.959652910656143,2,0.5936966606350395,0.7192113125351767,4,1.3296613488547582,0.3333333333333333,"4,7,1,5,7,5",177.0
2024-05-22,"mercury,venus,earth,mars,jupiter,saturn",3.719791235709572,-1.0772736557756477e-15,19.036198846008617,2,0.5863469601002136,0.7268702617152459,4,1.3296613488547582,0.3333333333333333,"4,7,1,5,7,5",165.0
2024-05-23,"mercury,venus,earth,mars,jupiter,saturn",3.7484734508632016,-4.019076620489702e-16,19.120425013294152,2,0.5783532210798887,0.7348713850270999,3,1.0114042647073518,0.5,"5,7,1,5,7,5",143.0
2024-05-24,"mercury,venus,earth,mars,jupiter,saturn",3.7780960433473068,-2.558543040442521e-16,19.21086690534547,2,0.5698770172888277,0.7430174693878493,3,1.0114042647073518,0.5,"5,7,2,5,7,5",142.0
2024-05-25,"mercury,venus,earth,mars,jupiter,saturn",3.808091414845641,-2.945946759109486e-16,19.306023469494463,2,0.5610773260033647,0.7511417484152062,3,1.0114042647073518,0.5,"5,7,2,5,7,5",112.0
2024-05-26,"mercury,venus,earth,mars,jupiter,saturn",3.837965919277239,-6.40386328199951e-16,19.40437376374031,2,0.5521078886690535,0.7591063013359669,3,1.0114042647073518,0.5,"5,7,2,5,7,5",130.0
2024-05-27,"mercury,venus,earth,mars,jupiter,saturn",3.8672913266475435,-4.568993563483293e-16,19.504388490556103,2,0.5431155173405773,0.7667988264489751,3,1.0114042647073518,0.5,"5,7,2,5,7,5",144.0
2024-05-28,"mercury,venus,earth,mars,jupiter,saturn",3.8956940069222417,-2.8083371549604347e-16,19.604535508072843,2,0.5342393697460193,0.7741286086232674,3,1.0114042647073518,0.5,"5,7,2,5,7,5",164.0
2024-05-29,"mercury,venus,earth,mars,jupiter,saturn",3.922843060169534,3.3478083775846823e-18,19.70327862740615,2,0.5256111716458791,0.7810221824359457,4,1.242453324894,0.5,"5,8,2,5,7,5",169.0
2024-05-30,"mercury,venus,earth,mars,jupiter,saturn",3.948437992934498,-1.3963369648125372e-16,19.799069252883243,2,0.5173563342054317,0.787418963231228,4,1.242453324894,0.5,"5,8,2,5,7,5",159.0
2024-05-31,"mercury,venus,earth,mars,jupiter,saturn",3.9721961610904097,-3.9223663894593136e-16,19.890330751277872,2,0.5095958926725483,0.7932669667228984,5,1.5607104090414063,0.3333333333333333,"6,8,2,5,7,5",156.0
2024-06-01,"mercury,venus,earth,mars,jupiter,saturn",3.9938400092472763,-4.77231176777245e-16,19.97543592796125,2,0.5024491734887504,0.7985186444485401,5,1.5607104090414063,0.3333333333333333,"6,8,2,5,7,5",178.0
2024-06-02,"mercury,venus,earth,mars,jupiter,saturn",4.0130840972416335,-2.3433655414497783e-16,20.052678776167784,2,0.4960370687006226,0.8031268116992921,5,1.5607104090414063,0.3333333333333333,"6,8,2,5,7,5",205.0
2024-06-03,"mercury,venus,earth,mars,jupiter,saturn",4.029622006117005,-3.778662808212431e-16,20.12024295096081,2,0.4904857427603845,0.8070406282746713,5,1.5607104090414063,0.3333333333333333,"6,8,2,5,7,5",213.0
2024-06-04,"mercury,venus,earth,mars,jupiter,saturn",4.0431134819193035,-3.3730726865146684e-16,20.17617147232363,2,0.48593049478461425,0.810201610850754,5,1.5607104090414063,0.3333333333333333,"6,8,2,5,7,5",213.0
2024-06-05,"mercury,venus,earth,mars,jupiter,saturn",4.053172657182095,-2.0342515094360842e-16,20.218345291671998,2,0.4825193195007675,0.8125397183564474,5,1.5607104090414063,0.3333333333333333,"6,8,2,5,7,5",181.0
2024-06-06,"mercury,venus,earth,mars,jupiter,saturn",4.059358957377931,-4.714229291825179e-16,20.244482801153723,2,0.48041541861296877,0.8139696778969009,5,1.5607104090414063,0.3333333333333333,"6,8,2,5,7,5",158.0
2024-06-07,"mercury,venus,earth,mars,jupiter,saturn",4.061173412953982,-2.0663931734755634e-16,20.252178024720806,2,0.4797974839281681,0.8143879374332958,4,1.3296613488547582,0.3333333333333333,"7,8,2,5,7,5",163.0
2024-06-08,"mercury,venus,earth,mars,jupiter,saturn",4.058064541544792,-1.5828779099416746e-16,20.239001148148784,2,0.48085601170503245,0.8136709762897278,4,1.3296613488547582,0.3333333333333333,"7,8,2,5,7,5",173.0
2024-06-09,"mercury,venus,earth,mars,jupiter,saturn",4.049449526352868,-3.9277408506554416e-16,20.20268861672452,2,0.48378331312432654,0.8116761970436238,4,1.3296613488547582,0.3333333333333333,"7,8,2,5,7,5",154.0
2024-06-10,"mercury,venus,earth,mars,jupiter,saturn",4.034757502958202,-2.7011312666628037e-16,20.141446179856594,2,0.48875453945113545,0.8082472312220738,4,1.3296613488547582,0.3333333333333333,"7,8,2,5,7,5",124.0
2024-06-11,"mercury,venus,earth,mars,jupiter,saturn",4.013501233340767,-1.0195914378748874e-15,20.054369499966505,2,0.49589750257146414,0.8032260575459509,4,1.3296613488547582,0.3333333333333333,"7,8,2,5,7,5",106.0
2024-06-12,"mercury,venus,earth,mars,jupiter,saturn",3.9853796424242627,-1.4961172415077813e-16,19.941946079408336,2,0.5052511764408102,0.7964744679883814,4,1.3296613488547582,0.3333333333333333,"8,8,2,5,7,5",124.0
2024-06-13,"mercury,venus,earth,mars,jupiter,saturn",3.950405096525821,-4.496293297025106e-16,19.806539695004517,2,0.5167172874209398,0.7879064524629285,4,1.3296613488547582,0.3333333333333333,"8,8,2,5,7,5",151.0
2024-06-14,"mercury,venus,earth,mars,jupiter,saturn",3.9090360222749654,-1.2003104449605632e-15,19.652692979586973,2,0.5300161576534184,0.7775302163075071,4,1.3296613488547582,0.3333333333333333,"8,8,2,5,7,5",158.0
2024-06-15,"mercury,venus,earth,mars,jupiter,saturn",3.8622811395000127,-3.80614817202621e-16,19.48705752707488,2,0.5446645357520284,0.7654934861156885,6,1.7917594692280547,0.16666666666666666,"8,9,2,6,7,5",148.0
2024-06-16,"mercury,venus,earth,mars,jupiter,saturn",3.8117338331889123,-1.2679565506412143e-16,19.317823631887137,2,0.5599944634758363,0.7521196534320821,5,1.5607104090414063,0.3333333333333333,"9,9,2,6,7,5",151.0
2024-06-17,"mercury,venus,earth,mars,jupiter,saturn",3.7595022359543666,-9.426963927645403e-16,19.15368729283936,2,0.5752230300154753,0.7379183363523872,5,1.5607104090414063,0.3333333333333333,"9,9,2,6,7,5",140.0
2024-06-18,"mercury,venus,earth,mars,jupiter,saturn",3.708024505018437,-6.769199134450734e-17,19.00259739941321,2,0.5895632484468115,0.723556124503369,5,1.5607104090414063,0.3333333333333333,"9,9,2,6,7,5",133.0
2024-06-19,"mercury,venus,earth,mars,jupiter,saturn",3.6597913111695783,-2.2199408746743263e-16,18.870649148589745,2,0.6023455596511925,0.709783343214418,5,1.5607104090414063,0.3333333333333333,"9,9,2,6,7,5",151.0
2024-06-20,"mercury,venus,earth,mars,jupiter,saturn",3.6170252334101374,-3.9764902277600383e-16,18.76144027732967,2,0.6131115823609571,0.6973276755801263,5,1.5607104090414063,0.3333333333333333,"9,9,2,6,7,5",165.0
2024-06-21,"mercury,venus,earth,mars,jupiter,saturn",3.581381873328784,-2.1394315954676927e-16,18.676009765270575,2,0.6216534407185423,0.686779257658102,6,1.7917594692280547,0.16666666666666666,"10,9,2,6,7,5",150.0
2024-06-22,"mercury,venus,earth,mars,jupiter,saturn",3.5537407681744373,-2.1749460744599527e-16,18.613257676676838,2,0.6279958277191893,0.6784988241585339,6,1.7917594692280547,0.16666666666666666,"10,9,3,6,7,5",159.0
2024-06-23,"mercury,venus,earth,mars,jupiter,saturn",3.5341431604088696,-3.214045669420913e-16,18.57061783162316,2,0.6323387038231554,0.6725768626284359,6,1.7917594692280547,0.16666666666666666,"10,9,3,6,7,5",163.0
2024-06-24,"mercury,venus,earth,mars,jupiter,saturn",3.5218975767801757,-9.125512487111729e-17,18.54475416129804,2,0.6349861276844907,0.6688555929857563,6,1.7917594692280547,0.16666666666666666,"10,9,3,6,7,5",153.0
2024-06-25,"mercury,venus,earth,mars,jupiter,saturn",3.5158152426720135,-3.633380428472961e-16,18.532130729145578,2,0.6362819087036616,0.6670013826939354,6,1.7917594692280547,0.16666666666666666,"10,9,3,6,7,5",146.0
2024-06-26,"mercury,venus,earth,mars,jupiter,saturn",3.514489452894694,-1.1273841202998188e-16,18.52939879427977,2,0.6365626535340384,0.6665967013630864,6,1.7917594692280547,0.16666666666666666,"11,9,3,6,7,5",179.0
2024-06-27,"mercury,venus,earth,mars,jupiter,saturn",3.5165322354676194,-5.844186494584924e-16,18.533611100554353,2,0.6361298264921785,0.6672201599564705,6,1.7917594692280547,0.16666666666666666,"11,9,3,6,7,5",174.0
2024-06-28,"mercury,venus,earth,mars,jupiter,saturn",3.520723018494042,-5.691983157828631e-16,18.54230492397909,2,0.635237352256437,0.6684978282782865,6,1.7917594692280547,0.16666666666666666,"11,9,3,6,7,5",179.0
2024-06-29,"mercury,venus,earth,mars,jupiter,saturn",3.5260706122187613,-4.3062816470338637e-16,18.55350057808044,2,0.634089718637793,0.67012550596741,6,1.7917594692280547,0.16666666666666666,"11,9,3,6,7,5",219.0
2024-06-30,"mercury,venus,earth,mars,jupiter,saturn",3.531814830677012,-2.411197554003253e-16,18.56565402825604,2,0.6328460270575706,0.6718705400416106,6,1.7917594692280547,0.16666666666666666,"11,9,3,6,7,5",212.0
2024-07-01,"mercury,venus,earth,mars,jupiter,saturn",3.5373967419919214,-1.7017784741999856e-16,18.57759051660706,2,0.631626684564947,0.6735628982170299,6,1.7917594692280547,0.16666666666666666,"11,9,3,6,7,5",198.0
2024-07-02,"mercury,venus,earth,mars,jupiter,saturn",3.5424184477927367,-4.1193073857115186e-16,18.588435545011755,2,0.630520678442942,0.6750825495171797,6,1.7917594692280547,0.16666666666666666,"11,10,3,6,7,5",197.0
2024-07-03,"mercury,venus,earth,mars,jupiter,saturn",3.5466039819232096,-6.636334366786913e-16,18.597551826108624,2,0.6295923282733906,0.6763470763358795,6,1.7917594692280547,0.16666666666666666,"0,10,3,6,8,5",178.0
2024-07-04,"mercury,venus,earth,mars,jupiter,saturn",3.5497662383685227,-2.1497591795180136e-16,18.604485833699755,2,0.6288870349445672,0.6773011874499711,6,1.7917594692280547,0.16666666666666666,"0,10,3,6,8,5",138.0
2024-07-05,"mercury,venus,earth,mars,jupiter,saturn",3.5517810779156878,-3.873332203467194e-16,18.608924715891604,2,0.628435908048605,0.6779085314191674,6,1.7917594692280547,0.16666666666666666,"0,10,3,6,8,5",138.0
2024-07-06,"mercury,venus,earth,mars,jupiter,saturn",3.5525680381141234,-3.1036816755455726e-16,18.610662873490586,2,0.6282593373861667,0.6781456281929256,6,1.7917594692280547,0.16666666666666666,"0,10,3,6,8,5",128.0
2024-07-07,"mercury,venus,earth,mars,jupiter,saturn",3.5520764872501958,-4.861864762129628e-16,18.60957689554903,2,0.6283696511586421,0.6779975408411052,6,1.7917594692280547,0.16666666666666666,"0,10,3,6,8,5",121.0
2024-07-08,"mercury,venus,earth,mars,jupiter,saturn",3.5502760225181644,-4.080056155284667e-16,18.60560740191683,2,0.628773021546206,0.6774548964614201,6,1.7917594692280547,0.16666666666666666,"0,10,3,6,8,5",111.0
2024-07-09,"mercury,venus,earth,mars,jupiter,saturn",3.54715008526538,-4.2452057646813615e-16,18.598746431611833,2,0.6294707679563052,0.6765119237290321,6,1.7917594692280547,0.16666666666666666,"0,10,3,6,8,5",143.0
2024-07-10,"mercury,venus,earth,mars,jupiter,saturn",3.5426919931024545,-3.147644000486516e-16,18.58902919875502,2,0.6304601865175368,0.6751652506324972,6,1.7917594692280547,0.16666666666666666,"0,10,3,6,8,5",183.0
2024-07-11,"mercury,venus,earth,mars,jupiter,saturn",3.5369028038441384,-2.824939230647383e-16,18.576529241551402,2,0.6317350104393833,0.6734132776460342,6,1.7917594692280547,0.16666666666666666,"0,10,3,6,8,5",172.0
2024-07-12,"mercury,venus,earth,mars,jupiter,saturn",3.5297906090786895,-7.772800182295135e-17,18.56135617893594,2,0.6332855839394407,0.6712560021923119,6,1.7917594692280547,0.16666666666666666,"1,10,3,6,8,5",162.0
2024-07-13,"mercury,venus,earth,mars,jupiter,saturn",3.521371004970542,-2.82499841425471e-16,18.54365544964799,2,0.6350988142447005,0.6686952196840259,6,1.7917594692280547,0.16666666666666666,"1,10,3,6,8,5",176.0
2024-07-14,"mercury,venus,earth,mars,jupiter,saturn",3.5116686115766367,-3.2853907564767293e-16,18.52360953614553,2,0.6371579520886361,0.6657350671028364,6,1.7917594692280547,0.16666666666666666,"1,10,3,6,8,5",211.0
2024-07-15,"mercury,venus,earth,mars,jupiter,saturn",3.5007196184392795,-5.637334138313195e-16,18.501440272579963,2,0.639442240954584,0.6623829099990782,6,1.7917594692280547,0.16666666666666666,"1,10,3,6,8,5",242.0
2024-07-16,"mercury,venus,earth,mars,jupiter,saturn",3.488575432118431,-3.6772754642016347e-16,18.477411905739423,2,0.6419264686513906,0.6586506058134701,6,1.7917594692280547,0.16666666666666666,"1,10,3,6,8,5",286.0
2024-07-17,"mercury,venus,earth,mars,jupiter,saturn",3.4753075976073253,-1.732446640973718e-16,18.45183462468651,2,0.6445804512078972,0.654556207751206,6,1.7917594692280547,0.16666666666666666,"1,10,3,6,8,5",284.0
2024-07-18,"mercury,venus,earth,mars,jupiter,saturn",3.4610142638108137,-4.801182078973632e-16,18.425068302874053,2,0.6473684781266702,0.6501262050916474,6,1.7917594692280547,0.16666666666666666,"1,10,3,6,8,5",290.0
2024-07-19,"mercury,venus,earth,mars,jupiter,saturn",3.4458285598676595,-6.592849740201955e-16,18.39752620958734,2,0.6502487493669602,0.6453984263282079,6,1.7917594692280547,0.16666666666666666,"1,10,3,6,8,5",274.0
2024-07-20,"mercury,venus,earth,mars,jupiter,saturn",3.4299293250519174,-7.602128227356219e-16,18.369678449079196,2,0.6531728376605846,0.6404257541830194,6,1.7917594692280547,0.16666666666666666,"1,11,3,6,8,5",228.0
2024-07-21,"mercury,venus,earth,mars,jupiter,saturn",3.413554639079047,-4.550502131458699e-16,18.342054879007602,2,0.656085214490897,0.6352807987350507,6,1.7917594692280547,0.16666666666666666,"1,11,4,6,8,5",219.0
2024-07-22,"mercury,venus,earth,mars,jupiter,saturn",3.3970184177120393,-4.3226809207682357e-16,18.315247248005143,2,0.6589228837779928,0.6300616079060407,6,1.7917594692280547,0.16666666666666666,"1,11,4,6,8,5",172.0
2024-07-23,"mercury,venus,earth,mars,jupiter,saturn",3.380729745888736,-4.051209746921854e-16,18.289910278809007,2,0.6616151733566076,0.62489828766296,6,1.7917594692280547,0.16666666666666666,"2,11,4,6,8,5",173.0
2024-07-24,"mercury,venus,earth,mars,jupiter,saturn",3.365213233619682,-5.395103579173205e-16,18.266761412021893,2,0.6640837398522276,0.6199599289820441,6,1.7917594692280547,0.16666666666666666,"2,11,4,6,8,5",173.0
2024-07-25,"mercury,venus,earth,mars,jupiter,saturn",3.351125988949658,-3.1579504428232174e-16,18.246578920231755,2,0.6662428464747874,0.615460325078362,6,1.7917594692280547,0.16666666666666666,"2,11,4,6,8,5",180.0
2024-07-26,"mercury,venus,earth,mars,jupiter,saturn",3.3392625142374976,-5.730824081773757e-16,18.2301981071335,2,0.6679999742563696,0.6116595153526313,6,1.7917594692280547,0.16666666666666666,"2,11,4,6,8,5",198.0
2024-07-27,"mercury,venus,earth,mars,jupiter,saturn",3.3305339058358654,-4.498083296282333e-16,18.218505325814224,2,0.6692568238960444,0.6088565389722255,6,1.7917594692280547,0.16666666666666666,"2,11,4,6,8,5",210.0
2024-07-28,"mercury,venus,earth,mars,jupiter,saturn",3.325906112739516,-3.593230341467421e-16,18.212429588641967,2,0.6699107561435604,0.6073682490806491,6,1.7917594692280547,0.16666666666666666,"2,11,4,6,8,5",202.0
2024-07-29,"mercury,venus,earth,mars,jupiter,saturn",3.3262909757903745,-3.8545918821829725e-16,18.212931601764467,2,0.6698567022315789,0.6074920774727217,6,1.7917594692280547,0.16666666666666666,"2,11,4,6,8,5",213.0
2024-07-30,"mercury,venus,earth,mars,jupiter,saturn",3.3324079890872578,-6.789808908811093e-16,18.220990142418067,2,0.6689895513951689,0.6094588120038832,6,1.7917594692280547,0.16666666666666666,"2,11,4,6,8,5",231.0
2024-07-31,"mercury,venus,earth,mars,jupiter,saturn",3.3446634645294435,-6.063183784374304e-16,18.237585807562873,2,0.6672069899494303,0.6133911477646948,6,1.7917594692280547,0.16666666666666666,"2,11,4,6,8,5",270.0
2024-08-01,"mercury,venus,earth,mars,jupiter,saturn",3.3630993636709023,-3.377285954811534e-16,18.263682295796425,2,0.6644127268446014,0.6192857030001471,6,1.7917594692280547,0.16666666666666666,"2,11,4,6,8,5",259.0
2024-08-02,"mercury,venus,earth,mars,jupiter,saturn",3.387430984813043,-7.599709334034808e-16,18.300205535986407,2,0.6605199966313915,0.6270251257182374,6,1.7917594692280547,0.16666666666666666,"3,11,4,6,8,5",241.0
2024-08-03,"mercury,venus,earth,mars,jupiter,saturn",3.417145740212848,-2.557004139962916e-16,18.34802113715546,2,0.6554551864239715,0.6364111378860723,6,1.7917594692280547,0.16666666666666666,"3,11,4,6,8,5",231.0
2024-08-04,"mercury,venus,earth,mars,jupiter,saturn",3.4516142120614672,-5.229527051407191e-16,18.4079107930718,2,0.6491613941551329,0.6472022166355049,6,1.7917594692280547,0.16666666666666666,"3,11,4,6,8,5",231.0
2024-08-05,"mercury,venus,earth,mars,jupiter,saturn",3.4901777316539566,-8.820869286977394e-16,18.48054841721883,2,0.641601697372244,0.6591438913784329,6,1.7917594692280547,0.16666666666666666,"3,11,4,6,8,5",214.0
2024-08-06,"mercury,venus,earth,mars,jupiter,saturn",3.5322015093865495,-4.452814326954814e-16,18.56647689318665,2,0.6327619010952277,0.6719878830372555,6,1.7917594692280547,0.16666666666666666,"3,11,4,6,8,5",240.0
2024-08-07,"mercury,venus,earth,mars,jupiter,saturn",3.577098945576885,-9.417117056188734e-16,18.666086385971916,2,0.622652544640353,0.685501856246821,6,1.7917594692280547,0.16666666666666666,"3,11,4,7,8,5",275.0
2024-08-08,"mercury,venus,earth,mars,jupiter,saturn",3.6243377119998454,-4.2822756494146884e-16,18.7795951572504,2,0.6113099831284169,0.6994732176403076,6,1.7917594692280547,0.16666666666666666,"3,11,4,7,8,5",285.0
2024-08-09,"mercury,venus,earth,mars,jupiter,saturn",3.6734366164637153,-2.9789484614509817e-16,18.907033752788195,2,0.5987964185682586,0.7137098685924982,6,1.7917594692280547,0.16666666666666666,"3,0,4,7,8,5",264.0
2024-08-10,"mercury,venus,earth,mars,jupiter,saturn",3.723959004166206,-5.369136539648291e-16,19.04823327942664,2,0.5851988330966427,0.7280397326763519,6,1.7917594692280547,0.16666666666666666,"3,0,4,7,8,5",250.0
2024-08-11,"mercury,venus,earth,mars,jupiter,saturn",3.775505727468098,-1.5765129474980135e-16,19.202818266671652,2,0.5706268649522652,0.7423099724317226,5,1.5607104090414063,0.3333333333333333,"4,0,4,7,8,5",245.0
2024-08-12,"mercury,venus,earth,mars,jupiter,saturn",3.8277089844213403,-3.973314624010989e-16,19.370204325783615,2,0.5552097556571659,0.7563862426540063,5,1.5607104090414063,0.3333333333333333,"4,0,4,7,8,5",230.0
2024-08-13,"mercury,venus,earth,mars,jupiter,saturn",3.880227384318442,-2.1777950405064488e-16,19.54960049620817,2,0.539092573824151,0.7701520323617367,5,1.5607104090414063,0.3333333333333333,"4,0,4,7,8,5",209.0
2024-08-14,"mercury,venus,earth,mars,jupiter,saturn",3.9327421478642384,-6.92662605395594e-16,19.740015828804783,2,0.5224319776613491,0.783508024295454,5,1.5607104090414063,0.3333333333333333,"4,0,4,7,8,5",178.0
2024-08-15,"mercury,venus,earth,mars,jupiter,saturn",3.9849541672290334,-7.02248674878188e-16,19.940269423083677,2,0.5053918084456662,0.7963713718197237,5,1.5607104090414063,0.3333333333333333,"4,0,4,7,8,5",157.0
2024-08-16,"mercury,venus,earth,mars,jupiter,saturn",4.036581602088144,-4.66882538834597e-16,20.149002835575246,2,0.48813880901543827,0.808674809531898,5,1.5607104090414063,0.3333333333333333,"4,0,4,7,8,5",199.0
2024-08-17,"mercury,venus,earth,mars,jupiter,saturn",4.087357698294911,-1.5058502640791788e-16,20.364693528082416,2,0.4708387370286582,0.8203655474005943,5,1.5607104090414063,0.3333333333333333,"4,0,4,7,8,5",198.0
2024-08-18,"mercury,venus,earth,mars,jupiter,saturn",4.137028548631257,-1.006012498345314e-15,20.585667840805,2,0.4536530982650411,0.8314039332872457,5,1.5607104090414063,0.3333333333333333,"4,0,4,7,8,5",202.0
2024-08-19,"mercury,venus,earth,mars,jupiter,saturn",4.185350551871059,-2.3291574939788897e-16,20.81011186164205,2,0.4367366687780413,0.8417618972214964,5,1.5607104090414063,0.3333333333333333,"5,0,4,7,8,5",225.0
2024-08-20,"mercury,venus,earth,mars,jupiter,saturn",4.232087358576672,-4.791198366162464e-16,21.036078518328885,2,0.42023591505744884,0.8514212092818951,5,1.5607104090414063,0.3333333333333333,"5,0,4,7,8,5",217.0
2024-08-21,"mercury,venus,earth,mars,jupiter,saturn",4.277006115833945,-7.739543271989282e-16,21.261489239754596,2,0.40428836660340406,0.8603715905599522,4,1.242453324894,0.5,"5,0,5,7,8,5",210.0
2024-08-22,"mercury,venus,earth,mars,jupiter,saturn",4.319872837311312,-5.323992476659202e-16,21.484128613344424,2,0.3890229516781486,0.8686087141997931,4,1.242453324894,0.5,"5,0,5,7,8,5",213.0
2024-08-23,"mercury,venus,earth,mars,jupiter,saturn",4.36044673023645,-9.184580136461616e-17,21.7016306116221,2,0.3745612783570007,0.8761321223967037,4,1.242453324894,0.5,"5,0,5,7,8,5",214.0
2024-08-24,"mercury,venus,earth,mars,jupiter,saturn",4.398473309709904,-2.3759195925865334e-16,21.911455195941947,2,0.36101983071214,0.8829430671411284,4,1.242453324894,0.5,"5,0,5,7,8,5",223.0
2024-08-25,"mercury,venus,earth,mars,jupiter,saturn",4.43367612857673,-1.5144961291177824e-16,22.110854483301523,2,0.34851305301674557,0.8890422587673756,4,1.242453324894,0.5,"5,0,5,7,8,5",204.0
2024-08-26,"mercury,venus,earth,mars,jupiter,saturn",4.465746957524287,-3.7953725455098787e-16,22.29682828698341,2,0.3371573099231545,0.8944274778435559,4,1.242453324894,0.5,"5,0,5,7,8,5",220.0
2024-08-27,"mercury,venus,earth,mars,jupiter,saturn",4.49433428165689,-2.620305603525798e-16,22.466069890670028,2,0.3270757316580122,0.8990909729015331,5,1.5607104090414063,0.3333333333333333,"6,0,5,7,8,5",182.0
2024-08-28,"mercury,venus,earth,mars,jupiter,saturn",4.519030063586802,-3.420133083099214e-16,22.614904668161053,2,0.3184039705305205,0.903016528933347,5,1.5607104090414063,0.3333333333333333,"6,0,5,7,8,5",189.0
2024-08-29,"mercury,venus,earth,mars,jupiter,saturn",4.539354901939285,-3.285278584432406e-16,22.73922702824901,2,0.3112968920587048,0.9061760498789885,5,1.5607104090414063,0.3333333333333333,"6,1,5,7,8,5",153.0
2024-08-30,"mercury,venus,earth,mars,jupiter,saturn",4.554742053081344,-1.9459954116049479e-16,22.834445703239187,2,0.3059361729023436,0.9085254549080108,5,1.5607104090414063,0.3333333333333333,"6,1,5,7,8,5",158.0
2024-08-31,"mercury,venus,earth,mars,jupiter,saturn",4.564521375655972,-1.483592881399557e-15,22.895454269768905,2,0.3025386311774082,0.9099996507311311,5,1.5607104090414063,0.3333333333333333,"6,1,5,7,8,5",181.0
2024-09-01,"mercury,venus,earth,mars,jupiter,saturn",4.567905222934155,-6.540643664208275e-16,22.916653576208404,2,0.3013647943371166,0.9105063292212757,5,1.5607104090414063,0.3333333333333333,"6,1,5,7,8,5",170.0
2024-09-02,"mercury,venus,earth,mars,jupiter,saturn",4.563979779648479,-2.858713839498664e-16,22.89206550229861,2,0.3027265938087776,0.9099183918964686,5,1.5607104090414063,0.3333333333333333,"6,1,5,7,8,5",182.0
2024-09-03,"mercury,venus,earth,mars,jupiter,saturn",4.5517074094486105,-9.40507420888098e-16,22.815591769075432,2,0.30699199405775907,0.9080650000632855,4,1.3296613488547582,0.3333333333333333,"7,1,5,7,8,5",171.0
2024-09-04,"mercury,venus,earth,mars,jupiter,saturn",4.5299481780731075,-1.6711825717944917e-16,22.681482855178448,2,0.3145826282639707,0.904721733894167,4,1.3296613488547582,0.3333333333333333,"7,1,5,7,8,5",169.0
2024-09-05,"mercury,venus,earth,mars,jupiter,saturn",4.49751140479636,-7.57632540275821e-16,22.48508081499034,2,0.32595803654164457,0.8996013402268049,4,1.3296613488547582,0.3333333333333333,"7,1,5,7,8,5",170.0
2024-09-06,"mercury,venus,earth,mars,jupiter,saturn",4.4532497685748105,-2.546060650823963e-16,22.223869779725483,2,0.34157720485830667,0.8923483487742326,4,1.3296613488547582,0.3333333333333333,"7,1,5,7,8,5",177.0
2024-09-07,"mercury,venus,earth,mars,jupiter,saturn",4.396207183535157,-8.973241415896178e-16,21.89878899871035,2,0.36182608275733535,0.8825436695017378,4,1.3296613488547582,0.3333333333333333,"7,1,5,7,8,5",168.0
2024-09-08,"mercury,venus,earth,mars,jupiter,saturn",4.32582479958971,-3.4328108605282716e-16,21.515622798414192,2,0.3869016214103009,0.8697289579795281,4,1.3296613488547582,0.3333333333333333,"8,1,5,7,8,5",156.0
2024-09-09,"mercury,venus,earth,mars,jupiter,saturn",4.242195334590553,-3.4497335216520176e-16,21.086098498557075,2,0.4166534655225441,0.8534637765280921,4,1.3296613488547582,0.3333333333333333,"8,1,5,7,8,5",152.0
2024-09-10,"mercury,venus,earth,mars,jupiter,saturn",4.146336449022974,-5.157315507003167e-16,20.6281745087172,2,0.4504082135804578,0.8334283744415331,4,1.3296613488547582,0.3333333333333333,"8,1,5,7,8,5",141.0
2024-09-11,"mercury,venus,earth,mars,jupiter,saturn",4.04043776495925,-4.027524467961366e-16,20.165021485506806,2,0.48683575711874366,0.8095769867759506,4,1.3296613488547582,0.3333333333333333,"8,1,5,7,8,5",147.0
2024-09-12,"mercury,venus,earth,mars,jupiter,saturn",3.9280382680653494,-5.164696344145835e-16,19.72251005398747,2,0.5239448289532724,0.7823286484909824,5,1.5607104090414063,0.3333333333333333,"9,1,5,7,8,5",132.0
2024-09-13,"mercury,venus,earth,mars,jupiter,saturn",3.8141219862828275,-5.459010739545477e-16,19.325589217098194,2,0.5592828421295771,0.7527597923573387,5,1.5607104090414063,0.3333333333333333,"9,1,5,7,8,5",109.0
2024-09-14,"mercury,venus,earth,mars,jupiter,saturn",3.7051619425572495,-3.3582600394609973e-16,18.994506730462227,2,0.5903400142410188,0.722747119226746,5,1.5607104090414063,0.3333333333333333,"9,1,5,7,8,5",107.0
2024-09-15,"mercury,venus,earth,mars,jupiter,saturn",3.609103472460371,-1.3092055650988679e-16,18.742014080326566,2,0.61504461447112,0.6949961631177339,5,1.5607104090414063,0.3333333333333333,"9,1,5,7,8,5",95.0
2024-09-16,"mercury,venus,earth,mars,jupiter,saturn",3.5349462612395324,-3.77253301722003e-16,18.57233500482831,2,0.632163286523804,0.672820357085028,5,1.5607104090414063,0.3333333333333333,"10,1,5,7,8,5",132.0
2024-09-17,"mercury,venus,earth,mars,jupiter,saturn",3.4908976990677063,-2.2326585746386236e-16,18.481961101899945,2,0.6414554690825651,0.6593654579277006,5,1.5607104090414063,0.3333333333333333,"10,2,5,7,8,5",132.0
2024-09-18,"mercury,venus,earth,mars,jupiter,saturn",3.4804691346309236,-5.175652626694797e-16,18.461701178665976,2,0.643555487637252,0.6561510924636172,5,1.5607104090414063,0.3333333333333333,"10,2,5,7,8,5",102.0
2024-09-19,"mercury,venus,earth,mars,jupiter,saturn",3.4995804504704546,-4.485403523141094e-16,18.499161252984514,2,0.639677487921491,0.6620334382640803,5,1.5607104090414063,0.3333333333333333,"10,2,5,7,8,5",105.0
2024-09-20,"mercury,venus,earth,mars,jupiter,saturn",3.5389673342149925,-3.435846524699606e-16,18.580971574701632,2,0.6312816869884246,0.6740384776053823,5,1.5607104090414063,0.3333333333333333,"10,2,5,7,8,5",117.0
2024-09-21,"mercury,venus,earth,mars,jupiter,saturn",3.5892371735907194,-1.9141567762552473e-16,18.694400893482353,2,0.6198056024568448,0.6891166805338446,5,1.5607104090414063,0.3333333333333333,"10,2,5,7,8,5",122.0
2024-09-22,"mercury,venus,earth,mars,jupiter,saturn",3.643544355259481,-3.1884210403878964e-16,18.828298674372686,2,0.606500299365331,0.7050778032755809,5,1.5607104090414063,0.3333333333333333,"11,2,5,7,8,5",129.0
2024-09-23,"mercury,venus,earth,mars,jupiter,saturn",3.6976692199430943,-1.669737115545976e-16,18.973484680912023,2,0.5923625460216831,0.7206244867538664,6,1.7917594692280547,0.16666666666666666,"11,2,6,7,8,5",123.0
2024-09-24,"mercury,venus,earth,mars,jupiter,saturn",3.7492544719489973,-3.8377237195893385e-16,19.122764527471144,2,0.5781325666860274,0.7350877052967867,6,1.7917594692280547,0.16666666666666666,"11,2,6,7,8,5",134.0
2024-09-25,"mercury,venus,earth,mars,jupiter,saturn",3.7970994596609695,-7.203372204806209e-16,19.270735097183607,2,0.5643266069763552,0.7481792590602728,6,1.7917594692280547,0.16666666666666666,"11,2,6,7,8,5",129.0
2024-09-26,"mercury,venus,earth,mars,jupiter,saturn",3.8406842367343934,-7.829286800140304e-16,19.41349997178738,2,0.5512819907892474,0.7598246286211499,6,1.7917594692280547,0.16666666666666666,"11,2,6,7,8,5",136.0
2024-09-27,"mercury,venus,earth,mars,jupiter,saturn",3.8798777852242905,-3.96247324149342e-16,19.54836983386241,2,0.5392017333197927,0.7700617369229837,6,1.7917594692280547,0.16666666666666666,"11,2,6,7,8,5",154.0
2024-09-28,"mercury,venus,earth,mars,jupiter,saturn",3.914764364712956,-2.3176796199306826e-16,19.67358768589741,2,0.5281927949372163,0.7789824751797613,6,1.7917594692280547,0.16666666666666666,"11,2,6,7,8,5",154.0
2024-09-29,"mercury,venus,earth,mars,jupiter,saturn",3.9455409982040015,-2.373593123394467e-16,19.788095558569236,2,0.5182962950968583,0.7866999490897046,6,1.7917594692280547,0.16666666666666666,"0,2,6,7,8,5",149.0
2024-09-30,"mercury,venus,earth,mars,jupiter,saturn",3.9724571861073334,-4.018525149006655e-16,19.891345957623585,2,0.5095101299550522,0.7933307343341324,5,1.5607104090414063,0.3333333333333333,"0,2,6,8,8,5",169.0
2024-10-01,"mercury,venus,earth,mars,jupiter,saturn",3.995779731535472,-1.6536450733495856e-16,19.98315454747372,2,0.5018052661413124,0.7989857469709731,5,1.5607104090414063,0.3333333333333333,"0,2,6,8,8,5",213.0
2024-10-02,"mercury,venus,earth,mars,jupiter,saturn",4.0157725795541745,-5.92359885995736e-16,20.06358786674827,2,0.49513713198860193,0.8037659823259128,5,1.5607104090414063,0.3333333333333333,"0,2,6,8,8,5",211.0
2024-10-03,"mercury,venus,earth,mars,jupiter,saturn",4.032685667108646,-5.820425301475593e-16,20.132879374103258,2,0.4894533766275234,0.8077609460384433,5,1.5607104090414063,0.3333333333333333,"0,2,6,8,8,5",207.0
2024-10-04,"mercury,venus,earth,mars,jupiter,saturn",4.046749177541481,-4.536730623368707e-16,20.19136768136753,2,0.48469902091756667,0.8110485215444069,5,1.5607104090414063,0.3333333333333333,"0,2,6,8,8,5",210.0
2024-10-05,"mercury,venus,earth,mars,jupiter,saturn",4.05817101423869,-3.4718220857842325e-16,20.239451790749875,2,0.4808197779828627,0.8136955561382282,5,1.5607104090414063,0.3333333333333333,"0,3,6,8,8,5",182.0
2024-10-06,"mercury,venus,earth,mars,jupiter,saturn",4.067136161388625,-4.004087547074023e-16,20.277559173886505,2,0.4777641119738721,0.8157587613689378,5,1.5607104090414063,0.3333333333333333,"0,3,6,8,8,5",170.0
2024-10-07,"mercury,venus,earth,mars,jupiter,saturn",4.073807119024707,-4.528814107574946e-16,20.306123457736284,2,0.47548443978647015,0.8172857058393206,5,1.5607104090414063,0.3333333333333333,"0,3,6,8,8,5",163.0
2024-10-08,"mercury,venus,earth,mars,jupiter,saturn",4.07832491865594,-5.04488245973896e-16,20.325569260388686,2,0.47393775794593856,0.8183157838803827,5,1.5607104090414063,0.3333333333333333,"1,3,6,8,8,5",140.0
2024-10-09,"mercury,venus,earth,mars,jupiter,saturn",4.080810423489289,-3.013377665968394e-16,20.336302343046196,2,0.4730858879478006,0.8188811039266027,5,1.5607104090414063,0.3333333333333333,"1,3,6,8,8,5",142.0
2024-10-10,"mercury,venus,earth,mars,jupiter,saturn",4.081365740336634,-3.9729341701902433e-16,20.3387037287476,2,0.4728954700781276,0.8190072744335769,5,1.5607104090414063,0.3333333333333333,"1,3,6,8,8,5",141.0
2024-10-11,"mercury,venus,earth,mars,jupiter,saturn",4.080075647079794,-2.325553409858576e-16,20.333126806829675,2,0.4733377913157768,0.8187140838713527,5,1.5607104090414063,0.3333333333333333,"1,3,6,8,8,5",136.0
2024-10-12,"mercury,venus,earth,mars,jupiter,saturn",4.077008987369657,-1.123454312857735e-15,20.319896717750023,2,0.47438850202815996,0.8180160811827922,5,1.5607104090414063,0.3333333333333333,"1,3,6,8,8,5",125.0
2024-10-13,"mercury,venus,earth,mars,jupiter,saturn",4.072220013779239,-2.7147018089516526e-16,20.2993115158975,2,0.4760272548495196,0.8169230679393805,5,1.5607104090414063,0.3333333333333333,"1,3,6,8,8,5",137.0
2024-10-14,"mercury,venus,earth,mars,jupiter,saturn",4.065749678595905,-3.4032830799544745e-16,20.27164475485455,2,0.47823728452245917,0.8154405155035143,5,1.5607104090414063,0.3333333333333333,"1,3,6,8,8,5",136.0
2024-10-15,"mercury,venus,earth,mars,jupiter,saturn",4.057626882007081,-3.667197866091155e-16,20.237149243088044,2,0.4810049375835157,0.8135699211295713,5,1.5607104090414063,0.3333333333333333,"1,3,6,8,8,5",109.0
2024-10-16,"mercury,venus,earth,mars,jupiter,saturn",4.047869693224519,-6.250198152330445e-16,20.19606178795689,2,0.484319154204251,0.8113091168643705,5,1.5607104090414063,0.3333333333333333,"1,3,6,8,8,5",119.0
2024-10-17,"mercury,venus,earth,mars,jupiter,saturn",4.036486562737139,-4.001359846325401e-16,20.148608789469304,2,0.4881709003398679,0.8086525447689051,5,1.5607104090414063,0.3333333333333333,"1,3,6,8,8,5",143.0
2024-10-18,"mercury,venus,earth,mars,jupiter,saturn",4.023477544388967,-2.470713231865809e-16,20.095012567736948,2,0.49255254599601783,0.8055915116068709,5,1.5607104090414063,0.3333333333333333,"1,3,6,8,8,5",138.0
2024-10-19,"mercury,venus,earth,mars,jupiter,saturn",4.008835544960098,-1.2357844121385921e-16,20.03549831354987,2,0.4974571845456191,0.8021144358394608,5,1.5607104090414063,0.3333333333333333,"2,3,6,8,8,5",132.0
2024-10-20,"mercury,venus,earth,mars,jupiter,saturn",3.9925476167545635,-1.3211468026439303e-16,19.970301543050326,2,0.5028778884222926,0.7982070995617903,5,1.5607104090414063,0.3333333333333333,"2,3,6,8,8,5",134.0
2024-10-21,"mercury,venus,earth,mars,jupiter,saturn",3.974596305601774,-3.2084803600245006e-16,19.899675917785256,2,0.5088068981107314,0.7938529178952303,5,1.5607104090414063,0.3333333333333333,"2,3,6,8,8,5",162.0
2024-10-22,"mercury,venus,earth,mars,jupiter,saturn",3.95496106282709,-2.8979473788051195e-16,19.823901263031686,2,0.5152347441423639,0.7890332382580826,5,1.5607104090414063,0.3333333333333333,"2,4,6,8,8,5",117.0
2024-10-23,"mercury,venus,earth,mars,jupiter,saturn",3.9336197253131937,-2.908440556993862e-16,19.743291582987773,2,0.5221493058120723,0.7837276817967881,5,1.5607104090414063,0.3333333333333333,"2,4,6,8,8,5",120.0
2024-10-24,"mercury,venus,earth,mars,jupiter,saturn",3.9105500629853163,-2.891115010700477e-16,19.65820283440513,2,0.5295348155723129,0.7779145389806544,5,1.5607104090414063,0.3333333333333333,"2,4,6,8,8,5",135.0
2024-10-25,"mercury,venus,earth,mars,jupiter,saturn",3.8857313882534967,-5.336773749215214e-16,19.569040184274925,2,0.5373708244938681,0.7715712308563535,5,1.5607104090414063,0.3333333333333333,"2,4,6,8,8,5",180.0
2024-10-26,"mercury,venus,earth,mars,jupiter,saturn",3.8591462176567584,-2.839973471100172e-16,19.476264446627823,2,0.5456311516659982,0.7646748466610127,5,1.5607104090414063,0.3333333333333333,"2,4,7,8,8,5",217.0
2024-10-27,"mercury,venus,earth,mars,jupiter,saturn",3.830781972962215,-1.4779309605794848e-16,19.38039737319798,2,0.5542828486547967,0.7572027674038739,5,1.5607104090414063,0.3333333333333333,"2,4,7,8,8,5",241.0
2024-10-28,"mercury,venus,earth,mars,jupiter,saturn",3.8006327084397604,-2.865652272914958e-16,19.282025467647177,2,0.5632852186716059,0.7491333837671115,5,1.5607104090414063,0.3333333333333333,"2,4,7,8,8,5",244.0
2024-10-29,"mercury,venus,earth,mars,jupiter,saturn",3.7687008546839937,-5.740192270082667e-16,19.181802007983805,2,0.572588938235782,0.7404469155809387,5,1.5607104090414063,0.3333333333333333,"3,4,7,8,8,5",221.0
2024-10-30,"mercury,venus,earth,mars,jupiter,saturn",3.734998979795816,-2.971557647239981e-16,19.08044700060178,2,0.5821353359476422,0.7311263398931801,5,1.5607104090414063,0.3333333333333333,"3,4,7,8,8,5",205.0
2024-10-31,"mercury,venus,earth,mars,jupiter,saturn",3.6995515900481597,-2.490246524808541e-16,18.978744854277817,2,0.5918558874440119,0.7211584365834858,5,1.5607104090414063,0.3333333333333333,"3,4,7,8,8,5",209.0
2024-11-01,"mercury,venus,earth,mars,jupiter,saturn",3.6623970310514378,-2.464840299338736e-16,18.877539653491525,2,0.6016719865294833,0.7105349669109838,5,1.5607104090414063,0.3333333333333333,"3,4,7,8,8,5",223.0
2024-11-02,"mercury,venus,earth,mars,jupiter,saturn",3.6235896185412875,-5.562892051440408e-16,18.777728024704935,2,0.6114950487530246,0.6992540155190856,5,1.5607104090414063,0.3333333333333333,"3,4,7,8,8,5",211.0
2024-11-03,"mercury,venus,earth,mars,jupiter,saturn",3.5832022465400772,-6.244097378072738e-16,18.68024972073878,2,0.6212269944632918,0.6873215578780859,5,1.5607104090414063,0.3333333333333333,"3,4,7,8,8,5",207.0
2024-11-04,"mercury,venus,earth,mars,jupiter,saturn",3.541329930836127,-4.3022187132001217e-16,18.586076188038092,2,0.6307611432117914,0.6747533773216289,5,1.5607104090414063,0.3333333333333333,"3,4,7,8,8,5",191.0
2024-11-05,"mercury,venus,earth,mars,jupiter,saturn",3.4980951304162264,-1.417965878428177e-16,18.496197517888714,2,0.6399835305255603,0.6615775772077988,5,1.5607104090414063,0.3333333333333333,"3,4,7,8,8,5",207.0
2024-11-06,"mercury,venus,earth,mars,jupiter,saturn",3.4536564242757684,-4.646056900386361e-16,18.411608302573352,2,0.6487746325969574,0.6478381736631975,5,1.5607104090414063,0.3333333333333333,"3,4,7,8,8,5",207.0
2024-11-07,"mercury,venus,earth,mars,jupiter,saturn",3.408223595663194,-2.572529488306721e-16,18.33329300811238,2,0.6570114562538422,0.6336007433522902,4,1.3296613488547582,0.3333333333333333,"4,4,7,8,8,5",210.0
2024-11-08,"mercury,venus,earth,mars,jupiter,saturn",3.362085297492651,-1.6313194178270909e-16,18.26221152532069,2,0.6645699233577298,0.6189621411373808,4,1.3296613488547582,0.3333333333333333,"4,4,7,8,8,5",189.0
2024-11-09,"mercury,venus,earth,mars,jupiter,saturn",3.31566244807857,-6.034636151150196e-16,18.19928556225391,2,0.6713274537125768,0.6040686285180119,4,1.3296613488547582,0.3333333333333333,"4,5,7,8,8,5",164.0
2024-11-10,"mercury,venus,earth,mars,jupiter,saturn",3.2696168482856542,-5.108102957013158e-16,18.145386489758977,2,0.6771656319372434,0.589152198032648,4,1.3296613488547582,0.3333333333333333,"4,5,7,8,8,5",160.0
2024-11-11,"mercury,venus,earth,mars,jupiter,saturn",3.2250834828260535,-5.748561860093779e-16,18.101325148482207,2,0.6819728344628568,0.5746078469879076,4,1.3296613488547582,0.3333333333333333,"4,5,7,8,8,5",151.0
2024-11-12,"mercury,venus,earth,mars,jupiter,saturn",3.1841792269809743,-5.1244167984206935e-16,18.06784397530261,2,0.6856466949074427,0.5611625473076038,4,1.3296613488547582,0.3333333333333333,"4,5,7,8,8,5",117.0
2024-11-13,"mercury,venus,earth,mars,jupiter,saturn",3.15101592274053,-4.623770300887898e-16,18.045611617842344,2,0.6880963003784679,0.550211406276044,4,1.3296613488547582,0.3333333333333333,"4,5,7,8,8,5",111.0
2024-11-14,"mercury,venus,earth,mars,jupiter,saturn",3.1327026503899584,-2.2745827453730844e-16,18.03521998684105,2,0.6892440371999999,0.5441478342332772,4,1.3296613488547582,0.3333333333333333,"4,5,7,8,8,5",91.0
2024-11-15,"mercury,venus,earth,mars,jupiter,saturn",3.13635148735223,-3.8155336645608907e-16,18.03718345620633,2,0.689027040297346,0.5453568000846541,3,1.0114042647073518,0.5,"5,5,7,8,8,5",71.0
2024-11-16,"mercury,venus,earth,mars,jupiter,saturn",3.1611515818579514,-3.3710038680652877e-16,18.051939664670638,2,0.687398243164167,0.5535626369857664,3,1.0114042647073518,0.5,"5,5,7,8,8,5",73.0
2024-11-17,"mercury,venus,earth,mars,jupiter,saturn",3.1998137896849532,-3.4529288414040283e-16,18.079851101096523,2,0.6843270716624881,0.5663104320608597,3,1.0114042647073518,0.5,"5,5,7,8,8,5",96.0
2024-11-18,"mercury,venus,earth,mars,jupiter,saturn",3.246177132031533,-2.6412129940938965e-16,18.12120636067054,2,0.679799871592321,0.5815101799952431,3,1.0114042647073518,0.5,"5,5,7,8,8,5",115.0
2024-11-19,"mercury,venus,earth,mars,jupiter,saturn",3.2968329725025995,-1.1568426007703578e-15,18.17621962712946,2,0.6738202042472041,0.5979850525329984,3,1.0114042647073518,0.5,"5,5,7,8,8,5",124.0
2024-11-20,"mercury,venus,earth,mars,jupiter,saturn",3.3500189605951705,-4.592956951826653e-16,18.245026545552246,2,0.6664091840250175,0.6151060952598607,3,1.0114042647073518,0.5,"5,5,7,8,8,5",123.0
2024-11-21,"mercury,venus,earth,mars,jupiter,saturn",3.404767943259734,-2.5779787774219776e-16,18.327674175781432,2,0.6576060662417778,0.6325104121922691,3,1.0114042647073518,0.5,"5,5,7,8,8,5",118.0
2024-11-22,"mercury,venus,earth,mars,jupiter,saturn",3.4604900298029775,-2.8690184433148786e-16,18.424102135095897,2,0.6474693204467502,0.6499633555306212,3,1.0114042647073518,0.5,"5,5,7,8,8,5",146.0
2024-11-23,"mercury,venus,earth,mars,jupiter,saturn",3.5167742942261953,-1.4346399518985909e-16,18.53411134234597,2,0.6360784428552576,0.6672940076858686,5,1.5607104090414063,0.3333333333333333,"6,5,7,9,8,5",152.0
2024-11-24,"mercury,venus,earth,mars,jupiter,saturn",3.573287011830445,-3.35189905039733e-16,18.65731599586697,2,0.6235367668574086,0.6843631780554419,5,1.5607104090414063,0.3333333333333333,"6,5,7,9,8,5",172.0
2024-11-25,"mercury,venus,earth,mars,jupiter,saturn",3.6297117073201166,-1.872631684031884e-16,18.79307366867203,2,0.6099755144575894,0.7010458911901708,4,1.3296613488547582,0.3333333333333333,"6,5,8,9,8,5",171.0
2024-11-26,"mercury,venus,earth,mars,jupiter,saturn",3.6857069189914533,-3.1778362768559856e-16,18.940387957505493,2,0.5955592784866505,0.7172205512991289,4,1.3296613488547582,0.3333333333333333,"6,5,8,9,8,5",159.0
2024-11-27,"mercury,venus,earth,mars,jupiter,saturn",3.7408706084941707,-5.1395539286987e-16,19.097778517061045,2,0.5804930100735122,0.7327612945659556,4,1.3296613488547582,0.3333333333333333,"6,5,8,9,8,5",205.0
2024-11-28,"mercury,venus,earth,mars,jupiter,saturn",3.794706079861654,-2.4523849428831217e-16,19.26311550673816,2,0.5650303703991357,0.7475319466107136,4,1.3296613488547582,0.3333333333333333,"6,5,8,9,8,5",172.0
2024-11-29,"mercury,venus,earth,mars,jupiter,saturn",3.8465875633793227,-7.079747928631522e-16,19.43342100493708,2,0.5494829404787559,0.761380915845207,4,1.3296613488547582,0.3333333333333333,"6,5,8,9,8,5",163.0
2024-11-30,"mercury,venus,earth,mars,jupiter,saturn",3.8957262210465315,-1.2343465498232537e-16,19.6046509261406,2,0.53422921327499,0.7741368538785399,5,1.5607104090414063,0.3333333333333333,"7,6,8,9,8,5",124.0
2024-12-01,"mercury,venus,earth,mars,jupiter,saturn",3.9411401887104476,-6.254164778794674e-16,19.77148970961187,2,0.5197214805581236,0.7856052434692105,5,1.5607104090414063,0.3333333333333333,"7,6,8,9,8,5",124.0
2024-12-02,"mercury,venus,earth,mars,jupiter,saturn",3.9816357880969853,-3.6057772695528173e-16,19.92721764094558,2,0.5064876924286117,0.7955663371929945,5,1.5607104090414063,0.3333333333333333,"7,6,8,9,8,5",133.0
2024-12-03,"mercury,venus,earth,mars,jupiter,saturn",4.015811022869352,-5.027826377336665e-16,20.06374406836576,2,0.4951242563720823,0.8037751137797757,5,1.5607104090414063,0.3333333333333333,"7,6,8,9,8,5",122.0
2024-12-04,"mercury,venus,earth,mars,jupiter,saturn",4.042095781538649,-8.926549288939124e-17,20.171927235801295,2,0.48627491390392075,0.8099641703116385,5,1.5607104090414063,0.3333333333333333,"7,6,8,9,8,5",123.0
2024-12-05,"mercury,venus,earth,mars,jupiter,saturn",4.0588433996475555,-4.358850228764461e-16,20.24229868995439,2,0.48059092768387757,0.8138507387522226,4,1.242453324894,0.5,"8,6,8,9,8,5",120.0
2024-12-06,"mercury,venus,earth,mars,jupiter,saturn",4.06448197110445,-7.78554682152131e-16,20.26624373361282,2,0.47866972948158326,0.8151492654770379,4,1.242453324894,0.5,"8,6,8,9,8,5",105.0
2024-12-07,"mercury,venus,earth,mars,jupiter,saturn",4.05771832618467,-6.469824226387031e-16,20.2375361150938,2,0.4809738230159365,0.8135910380105381,4,1.242453324894,0.5,"8,6,8,9,8,5",133.0
2024-12-08,"mercury,venus,earth,mars,jupiter,saturn",4.037764269452645,-2.901497093555362e-16,20.153909357905164,2,0.48773936922701394,0.8089517525429158,4,1.242453324894,0.5,"8,6,8,9,8,5",140.0
2024-12-09,"mercury,venus,earth,mars,jupiter,saturn",4.004532102312664,-8.436986178287341e-16,20.018169489153394,2,0.4988930756081571,0.8010861016608812,4,1.3296613488547582,0.3333333333333333,"9,6,8,9,8,5",115.0
2024-12-10,"mercury,venus,earth,mars,jupiter,saturn",3.9587391173767674,-2.5295957317364457e-16,19.838361390376775,2,0.5140027559400191,0.7899652139138367,4,1.3296613488547582,0.3333333333333333,"9,6,8,9,8,5",135.0
2024-12-11,"mercury,venus,earth,mars,jupiter,saturn",3.901880075850847,-1.8511391204463704e-16,19.626775342433454,2,0.5322854164791686,0.775709094372003,4,1.3296613488547582,0.3333333333333333,"9,6,8,9,8,5",108.0
2024-12-12,"mercury,venus,earth,mars,jupiter,saturn",3.8360694649023688,-8.390383180803316e-16,19.398024300284273,2,0.5526831366230625,0.758604521355337,4,1.3296613488547582,0.3333333333333333,"9,6,8,9,8,5",106.0
2024-12-13,"mercury,venus,earth,mars,jupiter,saturn",3.7638015478323315,-2.1674936470821091e-16,19.16678560894213,2,0.573994509497812,0.7391016094454519,5,1.5607104090414063,0.3333333333333333,"10,6,8,9,8,5",112.0
2024-12-14,"mercury,venus,earth,mars,jupiter,saturn",3.6877022130152852,-6.249060317095163e-16,18.94586866757224,2,0.5950288511703097,0.717789606298398,5,1.5607104090414063,0.3333333333333333,"10,6,8,9,8,5",99.0
2024-12-15,"mercury,venus,earth,mars,jupiter,saturn",3.6103429625697574,-5.399554394534136e-16,18.745037063916858,2,0.6147434491782486,0.6953614582319392,5,1.5607104090414063,0.3333333333333333,"10,6,8,9,8,5",103.0
2024-12-16,"mercury,venus,earth,mars,jupiter,saturn",3.5341641521112717,-7.129764638277439e-16,18.570662682801505,2,0.6323341215053946,0.672583228041496,5,1.5607104090414063,0.3333333333333333,"10,6,8,9,8,5",99.0
2024-12-17,"mercury,venus,earth,mars,jupiter,saturn",3.4615304782003538,-6.793464338990228e-16,18.4260207646157,2,0.647269080327928,0.6502865379659131,5,1.5607104090414063,0.3333333333333333,"10,6,8,9,8,5",90.0
2024-12-18,"mercury,venus,earth,mars,jupiter,saturn",3.3949266678084,-3.182819327203874e-16,18.311934145892497,2,0.6592743622925008,0.6293997667298246,5,1.5607104090414063,0.3333333333333333,"10,6,8,9,8,5",113.0
2024-12-19,"mercury,venus,earth,mars,jupiter,saturn",3.3372756445343765,-6.29104637501759e-16,18.227509720792156,2,0.6682887556199734,0.6110219606630013,5,1.5607104090414063,0.3333333333333333,"11,6,8,9,8,5",128.0
2024-12-20,"mercury,venus,earth,mars,jupiter,saturn",3.292235788344929,-5.112560038680055e-16,18.170803511979152,2,0.6744067573348911,0.59649626825328,5,1.5607104090414063,0.3333333333333333,"11,7,8,9,8,5",149.0
2024-12-21,"mercury,venus,earth,mars,jupiter,saturn",3.2639524466698924,-2.806203219300476e-16,18.139341788206046,2,0.6778232746091497,0.587308277142066,5,1.5607104090414063,0.3333333333333333,"11,7,8,9,8,5",164.0
2024-12-22,"mercury,venus,earth,mars,jupiter,saturn",3.25542894280829,-1.719687058988226e-16,18.130487889648318,2,0.6787876080235153,0.5845301939019948,5,1.5607104090414063,0.3333333333333333,"11,7,9,9,8,5",183.0
2024-12-23,"mercury,venus,earth,mars,jupiter,saturn",3.2661543994754374,-9.539516107610616e-16,18.14167632872025,2,0.6775692151128401,0.5880252942405615,5,1.5607104090414063,0.3333333333333333,"11,7,9,9,8,5",224.0
2024-12-24,"mercury,venus,earth,mars,jupiter,saturn",3.2920155949721255,-4.603217126265953e-16,18.170546215413843,2,0.6744346336328881,0.5964249257596053,5,1.5607104090414063,0.3333333333333333,"11,7,9,9,8,5",223.0
2024-12-25,"mercury,venus,earth,mars,jupiter,saturn",3.3278756304641113,-4.606927788536168e-16,18.21500485810448,2,0.6696335081466246,0.6080018258633276,5,1.5607104090414063,0.3333333333333333,"11,7,9,9,8,5",241.0
2024-12-26,"mercury,venus,earth,mars,jupiter,saturn",3.3696258042913767,-5.536467149556917e-16,18.273246470396096,2,0.6633913335504029,0.621366218604952,5,1.5607104090414063,0.3333333333333333,"0,7,9,9,8,5",255.0
2024-12-27,"mercury,venus,earth,mars,jupiter,saturn",3.4145745809044716,-2.1794230150688898e-16,18.343744166264244,2,0.6559067722297087,0.6356019503369142,5,1.5607104090414063,0.3333333333333333,"0,7,9,9,8,5",257.0
2024-12-28,"mercury,venus,earth,mars,jupiter,saturn",3.4611006245253617,-7.325242376283472e-16,18.425227571875357,2,0.6473518560330879,0.65015302993463,5,1.5607104090414063,0.3333333333333333,"0,7,9,9,8,5",254.0
2024-12-29,"mercury,venus,earth,mars,jupiter,saturn",3.508258752659858,-7.242908403174832e-16,18.516653919310706,2,0.637873851758069,0.6646924184708569,5,1.5607104090414063,0.3333333333333333,"0,7,9,9,8,5",233.0
2024-12-30,"mercury,venus,earth,mars,jupiter,saturn",3.5555075804313945,-6.903656410502855e-16,18.617177343833482,2,0.6275979634303142,0.6790306565292704,5,1.5607104090414063,0.3333333333333333,"0,7,9,9,8,5",218.0
2024-12-31,"mercury,venus,earth,mars,jupiter,saturn",3.6025441953788224,-4.029274290172364e-16,18.726119014769427,2,0.6166303440076517,0.693060033924891,5,1.5607104090414063,0.3333333333333333,"0,7,9,9,8,5",183.0
2025-01-01,"mercury,venus,earth,mars,jupiter,saturn",3.649206978773182,-5.539346488111562e-16,18.842939402575606,2,0.6050611007018665,0.7067215623538363,5,1.5607104090414063,0.3333333333333333,"0,7,9,9,8,5",198.0
2025-01-02,"mercury,venus,earth,mars,jupiter,saturn",3.6954182841191954,-3.4658437329942573e-16,18.967213179774575,2,0.5929671196771666,0.7199853855791777,5,1.5607104090414063,0.3333333333333333,"0,7,9,9,8,5",187.0
2025-01-03,"mercury,venus,earth,mars,jupiter,saturn",3.7411500491283167,-3.250189841817098e-16,19.098606790645817,2,0.5804146261043628,0.7328389889124225,5,1.5607104090414063,0.3333333333333333,"0,7,9,9,8,5",199.0
2025-01-04,"mercury,venus,earth,mars,jupiter,saturn",3.7864027205805257,-1.3937997282868364e-16,19.236858477872907,2,0.5674614501733213,0.7452799831589179,5,1.5607104090414063,0.3333333333333333,"1,7,9,9,8,5",211.0
2025-01-05,"mercury,venus,earth,mars,jupiter,saturn",3.83119204753477,-1.088206936117188e-15,19.381760439770083,2,0.5541590006622628,0.7573116255722219,5,1.5607104090414063,0.3333333333333333,"1,7,9,9,8,5",194.0
2025-01-06,"mercury,venus,earth,mars,jupiter,saturn",3.8755406202198337,-7.616035426350372e-16,19.53314275530986,2,0.5405539635630365,0.768940015804214,5,1.5607104090414063,0.3333333333333333,"1,7,9,9,8,5",169.0
2025-01-07,"mercury,venus,earth,mars,jupiter,saturn",3.919472327590435,-5.402811809914911e-16,19.690858722409146,2,0.5266897498872991,0.7801723400343219,5,1.5607104090414063,0.3333333333333333,"1,7,9,9,8,5",133.0
2025-01-08,"mercury,venus,earth,mars,jupiter,saturn",3.9630086416227557,-2.3738381376241024e-16,19.854771287680215,2,0.5126077179719118,0.7910157848719105,4,1.3296613488547582,0.3333333333333333,"1,8,9,9,8,5",120.0
2025-01-09,"mercury,venus,earth,mars,jupiter,saturn",4.006166062723584,-9.50982718431982e-16,20.02474029155336,2,0.49834819383390966,0.8014768875123924,4,1.3296613488547582,0.3333333333333333,"1,8,9,9,8,5",158.0
2025-01-10,"mercury,venus,earth,mars,jupiter,saturn",4.048954313852437,-3.426780279229833e-16,20.200610305099275,2,0.4839513099510977,0.8115611750366711,4,1.3296613488547582,0.3333333333333333,"1,8,9,9,8,5",129.0
2025-01-11,"mercury,venus,earth,mars,jupiter,saturn",4.091375025138527,-3.39053620596924e-16,20.382198890992242,2,0.4694576792252712,0.8212729983576557,4,1.3296613488547582,0.3333333333333333,"1,8,9,9,8,5",108.0
2025-01-12,"mercury,venus,earth,mars,jupiter,saturn",4.133420747041455,-1.0105584978101717e-15,20.56928517964802,2,0.4549089174081749,0.8306154989273719,4,1.3296613488547582,0.3333333333333333,"1,8,9,9,8,5",112.0
2025-01-13,"mercury,venus,earth,mars,jupiter,saturn",4.17507419177056,-6.156505330261974e-16,20.76159871233047,2,0.4403480242909686,0.8395906668033251,4,1.3296613488547582,0.3333333333333333,"1,8,9,9,8,5",90.0
2025-01-14,"mercury,venus,earth,mars,jupiter,saturn",4.2163076432205004,-2.7918792815853264e-16,20.958808565913216,2,0.42581963169018716,0.8481994616426816,4,1.3296613488547582,0.3333333333333333,"1,8,9,9,8,5",78.0
2025-01-15,"mercury,venus,earth,mars,jupiter,saturn",4.257082503020277,-5.453726190937376e-16,21.160512838799452,2,0.41137012483277646,0.8564419764105105,4,1.3296613488547582,0.3333333333333333,"2,8,9,9,8,5",84.0
2025-01-16,"mercury,venus,earth,mars,jupiter,saturn",4.297348959133407,-6.962906379187905e-16,21.36622864352907,2,0.3970476432160521,0.8643176287527895,4,1.3296613488547582,0.3333333333333333,"2,8,9,9,8,5",127.0
2025-01-17,"mercury,venus,earth,mars,jupiter,saturn",4.33704577658286,-8.398479380262251e-16,21.57538281735613,2,0.38290196741350585,0.87182536817116,4,1.3296613488547582,0.3333333333333333,"2,8,9,9,8,5",150.0
2025-01-18,"mercury,venus,earth,mars,jupiter,saturn",4.37610021893617,-5.642062816661727e-16,21.787303625112354,2,0.36898429958615403,0.8789638890468456,4,1.3296613488547582,0.3333333333333333,"2,8,9,9,8,5",141.0
2025-01-19,"mercury,venus,earth,mars,jupiter,saturn",4.414428115083981,-3.359003361271967e-16,22.001213785480044,2,0.35534694756126056,0.8857318406725676,5,1.5607104090414063,0.3333333333333333,"2,8,10,9,8,5",150.0
2025-01-20,"mercury,venus,earth,mars,jupiter,saturn",4.451934089036158,-5.657970336674594e-16,22.21622519781051,2,0.3420429251170487,0.8921280261002895,4,1.3296613488547582,0.3333333333333333,"2,8,10,10,8,5",185.0
2025-01-21,"mercury,venus,earth,mars,jupiter,saturn",4.488511971127283,-3.0276746311898854e-16,22.43133577637846,2,0.32912548436048417,0.8981515820457138,4,1.3296613488547582,0.3333333333333333,"2,8,10,10,8,5",166.0
2025-01-22,"mercury,venus,earth,mars,jupiter,saturn",4.524045407205343,-1.3106651704652356e-15,22.6454288064474,2,0.3166475995374654,0.9038021324916836,4,1.3296613488547582,0.3333333333333333,"2,8,10,10,8,5",147.0
2025-01-23,"mercury,venus,earth,mars,jupiter,saturn",4.558408678063785,-3.5963285592405664e-16,22.857275215729025,2,0.3046614249458185,0.9090799091375633,4,1.3296613488547582,0.3333333333333333,"2,8,10,10,8,5",172.0
2025-01-24,"mercury,venus,earth,mars,jupiter,saturn",4.591467734597763,-5.278365515294321e-16,23.065539100531467,2,0.29321775246622395,0.9139858325429974,4,1.3296613488547582,0.3333333333333333,"2,8,10,10,8,5",138.0
2025-01-25,"mercury,venus,earth,mars,jupiter,saturn",4.6230814450611355,-6.18131598258667e-16,23.268786754603486,2,0.2823654962082778,0.91852154876275,4,1.3296613488547582,0.3333333333333333,"3,8,10,10,8,5",120.0
2025-01-26,"mercury,venus,earth,mars,jupiter,saturn",4.653103039684271,-3.4375181777781224e-16,23.46549931962675,2,0.2721512325386482,0.9226894174721271,5,1.5607104090414063,0.3333333333333333,"3,9,10,10,8,5",108.0
2025-01-27,"mercury,venus,earth,mars,jupiter,saturn",4.681381725308631,-3.541839895820713e-16,23.654089012403656,2,0.2626188230377825,0.9264924490037102,5,1.5607104090414063,0.3333333333333333,"3,9,10,10,8,5",56.0
2025-01-28,"mercury,venus,earth,mars,jupiter,saturn",4.707764429351634,-1.0510597039509435e-16,23.832918692317428,2,0.2538091455600695,0.9299341892779924,5,1.5607104090414063,0.3333333333333333,"3,9,10,10,8,5",78.0
2025-01-29,"mercury,venus,earth,mars,jupiter,saturn",4.732097619289859,-4.759021606095736e-16,24.000324325499193,2,0.24575995454469812,0.933018553199197,5,1.5607104090414063,0.3333333333333333,"3,9,10,10,8,5",84.0
2025-01-30,"mercury,venus,earth,mars,jupiter,saturn",4.754229132042703,-3.4056702519999707e-16,24.154639695414588,2,0.23850588621485933,0.9357496085629589,5,1.5607104090414063,0.3333333333333333,"3,9,10,10,8,5",108.0
2025-01-31,"mercury,venus,earth,mars,jupiter,saturn",4.774009938310019,-3.7141451408979846e-16,24.294222522445438,2,0.23207861766477977,0.9381313137321463,5,1.5607104090414063,0.3333333333333333,"3,9,10,10,8,5",147.0
2025-02-01,"mercury,venus,earth,mars,jupiter,saturn",4.791295761159301,-2.0560575632287808e-16,24.417481007894562,2,0.22650718157201383,0.9401672131322996,5,1.5607104090414063,0.3333333333333333,"3,9,10,10,8,5",159.0
2025-02-02,"mercury,venus,earth,mars,jupiter,saturn",4.805948466869313,-4.697745159281076e-16,24.522899729975236,2,0.22181843098482207,0.9418600948716933,5,1.5607104090414063,0.3333333333333333,"3,9,10,10,8,5",183.0
2025-02-03,"mercury,venus,earth,mars,jupiter,saturn",4.817837149805284,-5.103933302918402e-16,24.609063806424395,2,0.21803764193093125,0.9432116144127488,5,1.5607104090414063,0.3333333333333333,"4,9,10,10,8,5",189.0
2025-02-04,"mercury,venus,earth,mars,jupiter,saturn",4.826838842121303,-4.44947307252744e-16,24.674680310166202,2,0.2151892359964912,0.9442218871711893,5,1.5607104090414063,0.3333333333333333,"4,9,10,10,8,5",177.0
2025-02-05,"mercury,venus,earth,mars,jupiter,saturn",4.832838793145538,-3.7267331107749554e-16,24.718596083318385,2,0.21329760086454452,0.9448890512149555,5,1.5607104090414063,0.3333333333333333,"4,9,10,10,8,5",165.0
2025-02-06,"mercury,venus,earth,mars,jupiter,saturn",4.835730281839276,-1.8261890805744774e-16,24.73981133532342,2,0.21238798412915771,0.9452087989575474,5,1.5607104090414063,0.3333333333333333,"4,9,10,10,8,5",186.0
2025-02-07,"mercury,venus,earth,mars,jupiter,saturn",4.835413947967439,-1.9620747921674457e-16,24.737488720786843,2,0.21248743420382202,0.9451738740380252,5,1.5607104090414063,0.3333333333333333,"4,9,10,10,8,5",164.0
2025-02-08,"mercury,venus,earth,mars,jupiter,saturn",4.831796652842787,-4.397958809548303e-16,24.710957954732073,2,0.2136257610957702,0.9447735266755216,5,1.5607104090414063,0.3333333333333333,"4,9,10,10,8,5",135.0
2025-02-09,"mercury,venus,earth,mars,jupiter,saturn",4.824789908321312,-3.134168853990805e-16,24.659716419022608,2,0.2158364880388374,0.9439929179997371,5,1.5607104090414063,0.3333333333333333,"4,9,10,10,8,5",130.0
2025-02-10,"mercury,venus,earth,mars,jupiter,saturn",4.814307943481122,-1.0327458965259144e-15,24.58342662755739,2,0.2191577607755074,0.9428124616559345,5,1.5607104090414063,0.3333333333333333,"4,9,10,10,8,5",115.0
2025-02-11,"mercury,venus,earth,mars,jupiter,saturn",4.800265513668607,-4.284070690870113e-16,24.48191183940898,2,0.22363317236784616,0.9412070900698254,4,1.3296613488547582,0.3333333333333333,"5,9,10,10,8,5",95.0
2025-02-12,"mercury,venus,earth,mars,jupiter,saturn",4.78257559970233,-3.0957034523300487e-16,24.355151537308245,2,0.22931244475736584,0.9391454342556742,3,1.0114042647073518,0.5,"5,10,10,10,8,5",101.0
2025-02-13,"mercury,venus,earth,mars,jupiter,saturn",4.761147201929699,-2.5017272017081736e-16,24.203278933729617,2,0.2362518798270806,0.9365889117962531,3,1.0114042647073518,0.5,"5,10,10,10,8,5",114.0
2025-02-14,"mercury,venus,earth,mars,jupiter,saturn",4.735883514168326,-5.474747834977598e-16,24.02658314952275,2,0.2445144469756549,0.9334907306708253,3,1.0114042647073518,0.5,"5,10,10,10,8,5",161.0
2025-02-15,"mercury,venus,earth,mars,jupiter,saturn",4.706680881298577,-3.0960224642631207e-16,23.825519261180172,2,0.2541693038074037,0.9297948420572735,3,1.0114042647073518,0.5,"5,10,10,10,8,5",170.0
2025-02-16,"mercury,venus,earth,mars,jupiter,saturn",4.673429124173092,-2.3933766591797193e-16,23.60073006726144,2,0.2652904416538904,0.9254349215648493,3,1.0114042647073518,0.5,"5,10,10,10,8,5",205.0
2025-02-17,"mercury,venus,earth,mars,jupiter,saturn",4.636014090851484,-4.630986361877135e-16,23.353084210929214,2,0.27795399578256497,0.9203335395208737,4,1.3296613488547582,0.3333333333333333,"5,10,11,10,8,5",203.0
2025-02-18,"mercury,venus,earth,mars,jupiter,saturn",4.5943237151467935,-5.691836491436475e-16,23.083736217358947,2,0.29223354687586794,0.9144018195671108,4,1.3296613488547582,0.3333333333333333,"5,10,11,10,8,5",173.0
2025-02-19,"mercury,venus,earth,mars,jupiter,saturn",4.548259507578262,-4.0419327937862365e-16,22.794215005612966,2,0.30819245242624305,0.9075401167876175,5,1.5607104090414063,0.3333333333333333,"6,10,11,10,8,5",135.0
2025-02-20,"mercury,venus,earth,mars,jupiter,saturn",4.49775637854583,-2.7535464112967863e-16,22.486548338949444,2,0.3258718804300497,0.8996406267345709,5,1.5607104090414063,0.3333333333333333,"6,10,11,10,8,5",144.0
2025-02-21,"mercury,venus,earth,mars,jupiter,saturn",4.442815146333106,-9.162637765645843e-16,22.163431092976435,2,0.34527279799369015,0.8905934438437196,5,1.5607104090414063,0.3333333333333333,"6,10,11,10,8,5",167.0
2025-02-22,"mercury,venus,earth,mars,jupiter,saturn",4.383554188911481,-2.64213289937878e-16,21.828444387309016,2,0.3663297852036801,0.8802985217900021,5,1.5607104090414063,0.3333333333333333,"6,10,11,10,8,5",182.0
2025-02-23,"mercury,venus,earth,mars,jupiter,saturn",4.320289590933287,-2.4739766691377223e-16,21.486329207853572,2,0.3888744244642486,0.8686873392363461,5,1.5607104090414063,0.3333333333333333,"6,10,11,10,8,5",189.0
2025-02-24,"mercury,venus,earth,mars,jupiter,saturn",4.25365665212709,-4.2982279060957776e-16,21.143310002845013,2,0.4125866194081522,0.8557598082679769,5,1.5607104090414063,0.3333333333333333,"6,10,11,10,8,5",169.0
2025-02-25,"mercury,venus,earth,mars,jupiter,saturn",4.184788547270854,-8.280347299935591e-16,20.807447803488362,2,0.43693434508465967,0.8416435956375844,5,1.5607104090414063,0.3333333333333333,"6,10,11,10,8,5",169.0
2025-02-26,"mercury,venus,earth,mars,jupiter,saturn",4.115566011144255,-8.225849265827774e-16,20.488975050440608,2,0.4611072374158064,0.8266828160211748,5,1.5607104090414063,0.3333333333333333,"7,10,11,10,8,5",126.0
2025-02-27,"mercury,venus,earth,mars,jupiter,saturn",4.048933439980156,-5.536336969805982e-16,20.200522723017205,2,0.4839583905869202,0.811556325852389,5,1.5607104090414063,0.3333333333333333,"7,10,11,10,8,5",135.0
2025-02-28,"mercury,venus,earth,mars,jupiter,saturn",3.989215909440484,-1.673868533134374e-16,19.957096230980333,2,0.503981953514215,0.7974027577934542,5,1.5607104090414063,0.3333333333333333,"7,10,11,10,8,5",119.0
2025-03-01,"mercury,venus,earth,mars,jupiter,saturn",3.9422320209745116,-2.752290483878721e-16,19.775602362699427,2,0.5193682007020732,0.785877113736391,5,1.5607104090414063,0.3333333333333333,"7,10,11,10,8,5",116.0
2025-03-02,"mercury,venus,earth,mars,jupiter,saturn",3.9147969020195057,-6.827768114358856e-16,19.673706743888964,2,0.5281824209982032,0.7789907099648092,5,1.5607104090414063,0.3333333333333333,"7,11,11,10,8,5",146.0
2025-03-03,"mercury,venus,earth,mars,jupiter,saturn",3.9131984483359745,-2.489833148767651e-16,19.66786281208647,2,0.5286918313492921,0.778585972576986,4,1.3296613488547582,0.3333333333333333,"8,11,11,10,8,5",123.0
2025-03-04,"mercury,venus,earth,mars,jupiter,saturn",3.9408925761811626,-4.579626011390386e-16,19.770557679825643,2,0.5198015713712447,0.7855435617199426,4,1.3296613488547582,0.3333333333333333,"8,11,11,10,8,5",153.0
2025-03-05,"mercury,venus,earth,mars,jupiter,saturn",3.9967901814992066,-6.342254209279127e-16,19.987181331866438,2,0.5014696213964865,0.799228840209694,4,1.3296613488547582,0.3333333333333333,"8,11,11,10,8,5",143.0
2025-03-06,"mercury,venus,earth,mars,jupiter,saturn",4.075486085616974,-2.4455539570240443e-16,20.313340640711456,2,0.47490990274014244,0.8176688969006443,4,1.3296613488547582,0.3333333333333333,"8,11,11,10,8,5",129.0
2025-03-07,"mercury,venus,earth,mars,jupiter,saturn",4.169115571596878,-3.2542149223325127e-16,20.7336624395006,2,0.4424388221480431,0.838323894779789,5,1.5607104090414063,0.3333333333333333,"9,11,11,10,8,5",106.0
2025-03-08,"mercury,venus,earth,mars,jupiter,saturn",4.269426185364618,-5.907462976298152e-16,21.222885680178727,2,0.4069839320093531,0.8588841417216534,5,1.5607104090414063,0.3333333333333333,"9,11,11,10,8,5",90.0
2025-03-09,"mercury,venus,earth,mars,jupiter,saturn",4.369174939285935,-2.658772075236947e-16,21.74928002873729,2,0.3714512643807172,0.8777159347280039,5,1.5607104090414063,0.3333333333333333,"9,11,11,10,8,5",101.0
2025-03-10,"mercury,venus,earth,mars,jupiter,saturn",4.4627863943777815,-2.2909342967243474e-16,22.27948807115351,2,0.3382037323539737,0.8939371649041788,5,1.5607104090414063,0.3333333333333333,"9,11,11,10,8,5",107.0
2025-03-11,"mercury,venus,earth,mars,jupiter,saturn",4.546500699679042,-3.9980644196068734e-16,22.783328828215527,2,0.30880516411616177,0.9072716620137997,4,1.3296613488547582,0.3333333333333333,"10,11,11,10,8,5",142.0
2025-03-12,"mercury,venus,earth,mars,jupiter,saturn",4.618217203787486,-4.206590300854518e-16,23.23725383726758,2,0.28402907658440296,0.9178335052291451,4,1.3296613488547582,0.3333333333333333,"10,11,11,10,8,5",157.0
2025-03-13,"mercury,venus,earth,mars,jupiter,saturn",4.677177730557595,-9.105405828280897e-16,23.62585027975665,2,0.26403021831555007,0.9259345701503878,4,1.3296613488547582,0.3333333333333333,"10,11,11,10,8,5",173.0
2025-03-14,"mercury,venus,earth,mars,jupiter,saturn",4.72359544197412,-7.345392721636346e-16,23.941562495187924,2,0.2485638329261048,0.9319506153336191,4,1.3296613488547582,0.3333333333333333,"10,11,11,10,8,5",182.0
2025-03-15,"mercury,venus,earth,mars,jupiter,saturn",4.758304176134335,-7.361516444625633e-16,24.183267151622886,2,0.23717738477991374,0.9362448212915697,4,1.3296613488547582,0.3333333333333333,"10,11,11,10,8,5",183.0
2025-03-16,"mercury,venus,earth,mars,jupiter,saturn",4.782470989505485,-6.773641955107569e-16,24.35440565685732,2,0.2293461641989126,0.939133111590495,4,1.3296613488547582,0.3333333333333333,"10,11,11,10,8,5",206.0
2025-03-17,"mercury,venus,earth,mars,jupiter,saturn",4.7973861394747725,-5.110057107134286e-16,24.461193868752055,2,0.22455446915467958,0.9408745090167107,4,1.2424533248940002,0.5,"11,11,11,10,8,5",205.0
2025-03-18,"mercury,venus,earth,mars,jupiter,saturn",4.80432538163172,-2.8207902481409775e-16,24.511180165600905,2,0.22233624246140996,0.9416740530912302,4,1.2424533248940002,0.5,"11,11,11,10,8,5",196.0
2025-03-19,"mercury,venus,earth,mars,jupiter,saturn",4.80447006871958,-1.121233525596723e-15,24.512224457809683,2,0.22229006713979305,0.9416906523907101,4,1.2424533248940002,0.5,"11,11,11,10,8,5",165.0
2025-03-20,"mercury,venus,earth,mars,jupiter,saturn",4.798868546761954,-6.684099543676936e-16,24.471856097058925,2,0.22407999920186314,0.9410458788971414,4,1.2424533248940002,0.5,"11,11,11,10,8,5",163.0
2025-03-21,"mercury,venus,earth,mars,jupiter,saturn",4.78842438087792,-9.07722576216433e-16,24.396923532237142,2,0.22742968655899978,0.9398319431992562,5,1.5607104090414063,0.3333333333333333,"11,0,0,10,8,5",151.0
2025-03-22,"mercury,venus,earth,mars,jupiter,saturn",4.77390041079169,-1.9178565571290758e-16,24.293445334813857,2,0.232114055606522,0.9381182791515187,5,1.5607104090414063,0.3333333333333333,"11,0,0,10,8,5",173.0
2025-03-23,"mercury,venus,earth,mars,jupiter,saturn",4.755931054777768,-3.6306407599603016e-16,24.166587738265928,2,0.237950768169076,0.9359567201944823,5,1.5607104090414063,0.3333333333333333,"11,0,0,10,8,5",126.0
2025-03-24,"mercury,venus,earth,mars,jupiter,saturn",4.735038038600255,-7.0851891905221855e-16,24.02071399077964,2,0.2447924342882391,0.9333854620473604,4,1.242453324894,0.5,"0,0,0,10,8,5",78.0
2025-03-25,"mercury,venus,earth,mars,jupiter,saturn",4.7116467102051445,-3.477486748174558e-16,23.859468921112192,2,0.2525199159671321,0.930432055934971,4,1.242453324894,0.5,"0,0,0,10,8,5",79.0
2025-03-26,"mercury,venus,earth,mars,jupiter,saturn",4.686101419264882,-5.484085003181647e-16,23.685875992094104,2,0.2610367408507668,0.9271156582499217,4,1.242453324894,0.5,"0,0,0,10,8,5",46.0
2025-03-27,"mercury,venus,earth,mars,jupiter,saturn",4.658679261644856,-3.8901444584328005e-16,23.502433786021445,2,0.27026451053986783,0.9234487228207123,4,1.242453324894,0.5,"0,0,0,10,8,5",82.0
2025-03-28,"mercury,venus,earth,mars,jupiter,saturn",4.629601969136933,-4.717975015631445e-16,23.311205155629942,2,0.2801391459191114,0.9194382808415282,4,1.242453324894,0.5,"0,0,0,11,8,5",78.0
2025-03-29,"mercury,venus,earth,mars,jupiter,saturn",4.599045985801879,-1.1529343154459328e-15,23.113896129418197,2,0.29060781222117704,0.9150869183235693,4,1.242453324894,0.5,"0,0,0,11,8,5",91.0
2025-03-30,"mercury,venus,earth,mars,jupiter,saturn",4.567150899253461,-1.018039661859232e-15,22.911923882061863,2,0.30162638410670417,0.9103935332502767,4,1.242453324894,0.5,"0,0,0,11,8,5",128.0
2025-03-31,"mercury,venus,earth,mars,jupiter,saturn",4.534026444355851,-4.455077836922108e-16,22.70647426396611,2,0.313157333517342,0.9053539338223716,4,1.242453324894,0.5,"0,0,0,11,8,5",141.0
2025-04-01,"mercury,venus,earth,mars,jupiter,saturn",4.499758303327516,-4.642386774643816e-16,22.498549936799655,2,0.3251679450217364,0.8999613239627794,4,1.242453324894,0.5,"0,0,0,11,8,5",160.0
2025-04-02,"mercury,venus,earth,mars,jupiter,saturn",4.464412911352716,-4.85996980332648e-16,22.289010349873074,2,0.33762878280546105,0.894206711298258,5,1.5607104090414063,0.3333333333333333,"1,0,0,11,8,5",150.0
2025-04-03,"mercury,venus,earth,mars,jupiter,saturn",4.428041452732148,-3.9574454798598547e-16,22.07860478144269,2,0.35051234993992586,0.8880792650265019,5,1.5607104090414063,0.3333333333333333,"1,0,0,11,8,5",164.0
2025-04-04,"mercury,venus,earth,mars,jupiter,saturn",4.390683206067907,-4.884962797253655e-16,21.867999559278626,2,0.363791894371254,0.8815666455355778,5,1.5607104090414063,0.3333333333333333,"1,0,0,11,8,5",191.0
2025-04-05,"mercury,venus,earth,mars,jupiter,saturn",4.352368371393997,-6.1846454977076665e-16,21.657800423893708,2,0.3774403277074554,0.87465532369631,5,1.5607104090414063,0.3333333333333333,"1,0,0,11,8,5",187.0
2025-04-06,"mercury,venus,earth,mars,jupiter,saturn",4.313120489055593,-6.561732820307446e-16,21.4485708375552,2,0.39142923289555465,0.8673309048889343,5,1.5607104090414063,0.3333333333333333,"1,0,0,11,8,5",180.0
2025-04-07,"mercury,venus,earth,mars,jupiter,saturn",4.272958539985448,-1.8182991364236486e-16,21.240846889043773,2,0.4057279457594795,0.8595784706612764,5,1.5607104090414063,0.3333333333333333,"1,0,0,11,8,5",162.0
2025-04-08,"mercury,venus,earth,mars,jupiter,saturn",4.231898799756243,-4.449889364158824e-16,21.035149305681742,2,0.4203027035129787,0.8513829491355684,5,1.5607104090414063,0.3333333333333333,"1,0,0,11,8,5",147.0
2025-04-09,"mercury,venus,earth,mars,jupiter,saturn",4.18995650408327,-7.679819112224931e-16,20.831992963220156,2,0.43511586105946776,0.8427295236276796,5,1.5607104090414063,0.3333333333333333,"1,0,0,11,8,5",141.0
2025-04-10,"mercury,venus,earth,mars,jupiter,saturn",4.147147370902866,-7.913949960163997e-16,20.631894181138712,2,0.450125183313284,0.8336040871957071,5,1.5607104090414063,0.3333333333333333,"1,0,0,11,8,5",139.0
2025-04-11,"mercury,venus,earth,mars,jupiter,saturn",4.103489013352584,-5.4772166620854955e-16,20.435376005179723,2,0.4652832289640445,0.823993748802924,5,1.5607104090414063,0.3333333333333333,"1,1,0,11,8,5",131.0
2025-04-12,"mercury,venus,earth,mars,jupiter,saturn",4.059002268576983,-4.843581325070408e-16,20.2429716097024,2,0.4805368479529798,0.8138873943001746,5,1.5607104090414063,0.3333333333333333,"1,1,0,11,8,5",122.0
2025-04-13,"mercury,venus,earth,mars,jupiter,saturn",4.013712459013151,-5.228114518854023e-16,20.055225899116977,2,0.4958268211748038,0.8032763023799551,6,1.7917594692280547,0.16666666666666666,"2,1,0,11,8,5",106.0
2025-04-14,"mercury,venus,earth,mars,jupiter,saturn",3.96765059551685,-3.736691755857108e-16,19.872695350008232,2,0.5110876761328023,0.7921548119590478,6,1.7917594692280547,0.16666666666666666,"2,1,0,11,8,5",88.0
2025-04-15,"mercury,venus,earth,mars,jupiter,saturn",3.920854525356048,-3.386547756333626e-16,19.69594611373742,2,0.5262477158682762,0.7805210331217678,6,1.7917594692280547,0.16666666666666666,"2,1,0,11,8,5",75.0
2025-04-16,"mercury,venus,earth,mars,jupiter,saturn",3.873370022876573,-5.478560530709155e-16,19.525550393718852,2,0.5412292997309014,0.7683775889331733,6,1.7917594692280547,0.16666666666666666,"2,1,0,11,8,5",92.0
2025-04-17,"mercury,venus,earth,mars,jupiter,saturn",3.8252518169173397,-9.25999138808231e-16,19.36208112265074,2,0.555949412643058,0.7557323704067902,6,1.7917594692280547,0.16666666666666666,"2,1,0,11,8,5",110.0
2025-04-18,"mercury,venus,earth,mars,jupiter,saturn",3.7765645475245635,-3.076417798921981e-16,19.20610499294406,2,0.5703205536356142,0.7425992822000685,6,1.7917594692280547,0.16666666666666666,"2,1,0,11,8,5",118.0
2025-04-19,"mercury,venus,earth,mars,jupiter,saturn",3.727383646383696,-6.136329447940914e-16,19.058173938052885,2,0.5842519639300733,0.7289989530207878,6,1.7917594692280547,0.16666666666666666,"2,1,0,11,8,5",117.0
2025-04-20,"mercury,venus,earth,mars,jupiter,saturn",3.6777961426663666,-5.359882127711898e-16,18.918815222026808,2,0.5976511993517388,0.7149593834641047,6,1.7917594692280547,0.16666666666666666,"2,1,0,11,8,5",134.0
2025-04-21,"mercury,venus,earth,mars,jupiter,saturn",3.627901412140421,-6.847137178963333e-16,18.788520366735863,2,0.6104260315074885,0.7005165068513078,6,1.7917594692280547,0.16666666666666666,"2,1,0,11,8,5",142.0
2025-04-22,"mercury,venus,earth,mars,jupiter,saturn",3.5778119186411814,-1.7315911602359278e-16,18.6677332266476,2,0.6224866377363409,0.6857146483590328,6,1.7917594692280547,0.16666666666666666,"2,1,0,11,8,5",185.0
2025-04-23,"mercury,venus,earth,mars,jupiter,saturn",3.5276540551687128,-4.946979362053784e-16,18.556837603871976,2,0.6337480129045148,0.6706068888780753,5,1.5607104090414063,0.3333333333333333,"3,1,1,11,8,5",166.0
2025-04-24,"mercury,venus,earth,mars,jupiter,saturn",3.4775693007197725,-5.706114351990731e-16,18.456144873979937,2,0.6441325090231318,0.6552553810063766,5,1.5607104090414063,0.3333333333333333,"3,1,1,11,8,5",202.0
2025-04-25,"mercury,venus,earth,mars,jupiter,saturn",3.4277161191995495,-4.813698413135487e-16,18.365882157246244,2,0.65357238442707,0.639731742435512,5,1.5607104090414063,0.3333333333333333,"3,1,1,11,8,5",203.0
2025-04-26,"mercury,venus,earth,mars,jupiter,saturn",3.378273453630334,-5.422712636282492e-16,18.28618161144285,2,0.6620122262297357,0.6241178049091308,5,1.5607104090414063,0.3333333333333333,"3,1,1,11,8,5",173.0
2025-04-27,"mercury,venus,earth,mars,jupiter,saturn",3.3294475927103897,-5.093970992246032e-16,18.217071432685344,2,0.6694111012074888,0.6085073176315123,5,1.5607104090414063,0.3333333333333333,"3,1,1,11,8,5",135.0
2025-04-28,"mercury,venus,earth,mars,jupiter,saturn",3.2814863437816553,-4.469743513472458e-16,18.15846912347113,2,0.6757442937314206,0.5930099366420093,5,1.5607104090414063,0.3333333333333333,"3,1,1,11,8,5",123.0
2025-04-29,"mercury,venus,earth,mars,jupiter,saturn",3.2347099468780023,-9.241219033355453e-16,18.110177518326942,2,0.6810045061624345,0.5777606779305671,5,1.5607104090414063,0.3333333333333333,"3,1,1,11,8,5",111.0
2025-04-30,"mercury,venus,earth,mars,jupiter,saturn",3.1895836858002196,-5.858593710526508e-16,18.071883947843176,2,0.6852024268768199,0.562943194969835,6,1.7917594692280547,0.16666666666666666,"3,2,1,11,8,5",88.0
2025-05-01,"mercury,venus,earth,mars,jupiter,saturn",3.1469060523263663,-5.069462157734033e-16,18.043162776420232,2,0.6883666115428202,0.5488515414331964,6,1.7917594692280547,0.16666666666666666,"3,2,1,11,8,5",62.0
2025-05-02,"mercury,venus,earth,mars,jupiter,saturn",3.108354459001227,-9.2926428890343e-16,18.023481377570885,2,0.6905426704665998,0.5360710974970913,6,1.7917594692280547,0.16666666666666666,"4,2,1,11,8,5",42.0
2025-05-03,"mercury,venus,earth,mars,jupiter,saturn",3.0781326655584977,-4.229464910532305e-16,18.012209426854547,2,0.6917918036173271,0.5260265679929336,6,1.7917594692280547,0.16666666666666666,"4,2,1,11,8,5",57.0
2025-05-04,"mercury,venus,earth,mars,jupiter,saturn",3.065693275055818,-2.8560929414626687e-16,18.00863121277512,2,0.6921887697606015,0.5218872631505328,6,1.7917594692280547,0.16666666666666666,"4,2,1,11,8,5",75.0
2025-05-05,"mercury,venus,earth,mars,jupiter,saturn",3.0773320995679967,-3.666190143985605e-16,18.01196050724718,2,0.6918194118863406,0.5257602495420359,6,1.7917594692280547,0.16666666666666666,"4,2,1,11,8,5",93.0
2025-05-06,"mercury,venus,earth,mars,jupiter,saturn",3.1033378321203227,-7.197322136386673e-16,18.021357415094645,2,0.6907778839987717,0.534405121569955,6,1.7917594692280547,0.16666666666666666,"4,2,1,11,8,5",88.0
2025-05-07,"mercury,venus,earth,mars,jupiter,saturn",3.1340644410738063,-6.277764397226913e-16,18.035946548720858,2,0.6891637323518935,0.5445990812996665,6,1.7917594692280547,0.16666666666666666,"4,2,1,11,8,5",75.0
2025-05-08,"mercury,venus,earth,mars,jupiter,saturn",3.1655835997780026,-6.741757898509227e-16,18.05483585703088,2,0.6870789773741905,0.5550268973107905,6,1.7917594692280547,0.16666666666666666,"4,2,1,11,8,5",81.0
2025-05-09,"mercury,venus,earth,mars,jupiter,saturn",3.196386708944617,-1.3296362297163083e-16,18.07713547890021,2,0.6846253226435499,0.5651829077147229,6,1.7917594692280547,0.16666666666666666,"4,2,1,11,8,5",72.0
2025-05-10,"mercury,venus,earth,mars,jupiter,saturn",3.225805322888493,-4.0922800802557957e-16,18.101976087689557,2,0.6819015874627071,0.5748444219994482,5,1.5607104090414063,0.3333333333333333,"5,2,1,11,8,5",70.0
2025-05-11,"mercury,venus,earth,mars,jupiter,saturn",3.2535018114770464,-6.166644169138563e-16,18.128526336844292,2,0.6790014236092887,0.5839015174537924,5,1.5607104090414063,0.3333333333333333,"5,2,1,11,8,5",66.0
2025-05-12,"mercury,venus,earth,mars,jupiter,saturn",3.2792930332497594,-4.840372111088192e-16,18.156009196843705,2,0.6760113384453166,0.5922977170440007,5,1.5607104090414063,0.3333333333333333,"5,2,1,11,8,5",60.0
2025-05-13,"mercury,venus,earth,mars,jupiter,saturn",3.3030818194446145,-3.8620823349658755e-16,18.18371717855571,2,0.6730090089945809,0.6000065552500047,5,1.5607104090414063,0.3333333333333333,"5,2,1,11,8,5",59.0
2025-05-14,"mercury,venus,earth,mars,jupiter,saturn",3.324828150686466,-5.025634443377672e-16,18.211026654956786,2,0.6700618372462082,0.6070213635423081,5,1.5607104090414063,0.3333333333333333,"5,2,1,11,8,5",46.0
2025-05-15,"mercury,venus,earth,mars,jupiter,saturn",3.344537160376316,-4.56914420362221e-16,18.237411709760345,2,0.6672256674151247,0.6133506769028829,5,1.5607104090414063,0.3333333333333333,"5,2,1,11,8,5",40.0
2025-05-16,"mercury,venus,earth,mars,jupiter,saturn",3.3622555343159837,-8.138090104834709e-16,18.26245814428511,2,0.6645435622542608,0.6190164647455234,5,1.5607104090414063,0.3333333333333333,"5,2,1,11,8,5",59.0
2025-05-17,"mercury,venus,earth,mars,jupiter,saturn",3.378073038780717,-4.3690672331717843e-16,18.285878445305762,2,0.6620445189122426,0.6240541021569923,5,1.5607104090414063,0.3333333333333333,"5,3,1,11,8,5",52.0
2025-05-18,"mercury,venus,earth,mars,jupiter,saturn",3.3921279313368657,-1.8424806773460915e-16,18.30752862906906,2,0.6597419974279307,0.628513664279373,6,1.7917594692280547,0.16666666666666666,"6,3,1,11,8,5",56.0
2025-05-19,"mercury,venus,earth,mars,jupiter,saturn",3.4046157947856464,-5.57219543006492e-16,18.327427882780036,2,0.6576321412985159,0.6324623828417777,6,1.7917594692280547,0.16666666666666666,"6,3,1,11,8,5",65.0
2025-05-20,"mercury,venus,earth,mars,jupiter,saturn",3.415801480936176,-6.434609142544931e-16,18.345781743097433,2,0.6556915984364176,0.6359881481504991,6,1.7917594692280547,0.16666666666666666,"6,3,1,11,8,5",75.0
2025-05-21,"mercury,venus,earth,mars,jupiter,saturn",3.426033476733,-2.9495121750225424e-16,18.363009046594424,2,0.6538749175388863,0.639203812071969,6,1.7917594692280547,0.16666666666666666,"6,3,1,11,9,5",90.0
2025-05-22,"mercury,venus,earth,mars,jupiter,saturn",3.4357590223318404,-4.857283840777752e-16,18.379771851087202,2,0.652111623416102,0.6422517186379757,6,1.7917594692280547,0.16666666666666666,"6,3,1,11,9,5",97.0
2025-05-23,"mercury,venus,earth,mars,jupiter,saturn",3.4455365680873205,-5.515581614228345e-16,18.397005667006052,2,0.6503032982417107,0.6453073101628808,6,1.7917594692280547,0.16666666666666666,"6,3,1,11,9,5",117.0
2025-05-24,"mercury,venus,earth,mars,jupiter,saturn",3.4560396411137537,-5.484497981195818e-16,18.41594430853432,2,0.6483213509264047,0.648579828481263,6,1.7917594692280547,0.16666666666666666,"7,3,2,11,9,5",98.0
2025-05-25,"mercury,venus,earth,mars,jupiter,saturn",3.4680433752746547,-4.444802613759007e-16,18.43812920227699,2,0.6460066662463742,0.6523072227577797,6,1.7917594692280547,0.16666666666666666,"7,3,2,11,9,5",95.0
2025-05-26,"mercury,venus,earth,mars,jupiter,saturn",3.482383246714741,-4.573793432012656e-16,18.465387193422103,2,0.6431729544863098,0.6567418787362055,6,1.7917594692280547,0.16666666666666666,"7,3,2,11,9,5",108.0
2025-05-27,"mercury,venus,earth,mars,jupiter,saturn",3.499877420524402,-7.867072946249361e-16,18.499754871100254,2,0.6396162053964849,0.66212455484109,6,1.7917594692280547,0.16666666666666666,"7,3,2,11,9,5",102.0
2025-05-28,"mercury,venus,earth,mars,jupiter,saturn",3.521212115254595,-3.7256173555704783e-16,18.543324138176338,2,0.6351327979117517,0.6686468223401895,6,1.7917594692280547,0.16666666666666666,"7,3,2,11,9,5",107.0
2025-05-29,"mercury,venus,earth,mars,jupiter,saturn",3.5468037116556097,-9.203543501269937e-16,18.597988598160697,2,0.6295478808930883,0.6764073707550358,6,1.7917594692280547,0.16666666666666666,"7,3,2,11,9,5",98.0
2025-05-30,"mercury,venus,earth,mars,jupiter,saturn",3.576667332444871,-1.6795377833821886e-16,18.665090424618167,2,0.6227528996311229,0.6853730100394092,6,1.7917594692280547,0.16666666666666666,"8,3,2,11,9,5",115.0
2025-05-31,"mercury,venus,earth,mars,jupiter,saturn",3.61033080034599,-1.0554133969953356e-15,18.74500737170195,2,0.6147464066267234,0.6953578747375789,6,1.7917594692280547,0.16666666666666666,"8,3,2,11,9,5",114.0
2025-06-01,"mercury,venus,earth,mars,jupiter,saturn",3.6468282411658626,-4.207534157397304e-16,18.836773547139455,2,0.6056668378827106,0.7060315391743155,6,1.7917594692280547,0.16666666666666666,"8,3,2,11,9,5",124.0
2025-06-02,"mercury,venus,earth,mars,jupiter,saturn",3.684788741687699,-4.704152719144773e-16,18.93787124148445,2,0.5958029892656993,0.7169585164950211,6,1.7917594692280547,0.16666666666666666,"8,3,2,11,9,5",106.0
2025-06-03,"mercury,venus,earth,mars,jupiter,saturn",3.7226084901096024,-3.561650810423097e-16,19.04432605995697,2,0.5855713766314362,0.72766103284557,5,1.5607104090414063,0.3333333333333333,"9,3,2,11,9,5",93.0
2025-06-04,"mercury,venus,earth,mars,jupiter,saturn",3.7586688934301553,-3.0783118560273253e-16,19.151156979717083,2,0.5754606212308531,0.7376886871849021,5,1.5607104090414063,0.3333333333333333,"9,4,2,11,9,5",94.0
2025-06-05,"mercury,venus,earth,mars,jupiter,saturn",3.791548028851134,-6.956209845320833e-16,19.253096563956223,2,0.5659569184696744,0.7466765882220715,5,1.5607104090414063,0.3333333333333333,"9,4,2,11,9,5",87.0
2025-06-06,"mercury,venus,earth,mars,jupiter,saturn",3.820175813594652,-2.1660395893962346e-16,19.345376730411303,2,0.5574731422123973,0.7543788601351928,5,1.5607104090414063,0.3333333333333333,"9,4,2,11,9,5",97.0
2025-06-07,"mercury,venus,earth,mars,jupiter,saturn",3.843904330253787,-3.60184080175065e-16,19.424349037242184,2,0.5503015842948032,0.7606741658016261,6,1.7917594692280547,0.16666666666666666,"10,4,2,11,9,5",86.0
2025-06-08,"mercury,venus,earth,mars,jupiter,saturn",3.8624939302386934,-5.346556132466156e-16,19.487791559397184,2,0.5445988509173085,0.7655490010583956,6,1.7917594692280547,0.16666666666666666,"10,4,2,11,9,5",60.0
2025-06-09,"mercury,venus,earth,mars,jupiter,saturn",3.876039124496081,-7.796382633733545e-16,19.534889095295714,2,0.5403987314133287,0.7690690856413547,6,1.7917594692280547,0.16666666666666666,"10,4,2,0,9,5",89.0
2025-06-10,"mercury,venus,earth,mars,jupiter,saturn",3.8848672534458397,-4.1711039596658118e-16,19.56598011244157,2,0.5376415338983913,0.7713487129274467,6,1.7917594692280547,0.16666666666666666,"10,4,2,0,9,5",113.0
2025-06-11,"mercury,venus,earth,mars,jupiter,saturn",3.8894383584037877,-4.3514816436481336e-16,19.58220118680005,2,0.5362078853039788,0.7725245287552268,6,1.7917594692280547,0.16666666666666666,"10,4,2,0,9,5",145.0
2025-06-12,"mercury,venus,earth,mars,jupiter,saturn",3.8902633812215672,-4.140808723995905e-16,19.585137775888114,2,0.5359486994490004,0.7727364161770459,6,1.7917594692280547,0.16666666666666666,"10,4,2,0,9,5",142.0
2025-06-13,"mercury,venus,earth,mars,jupiter,saturn",3.887846638314868,-3.5757989959835197e-16,19.57654330633403,2,0.5367075616060111,0.7721154468657201,6,1.7917594692280547,0.16666666666666666,"11,4,2,0,9,5",152.0
2025-06-14,"mercury,venus,earth,mars,jupiter,saturn",3.8826510035057793,-3.2253271361437094e-16,19.558145587979524,2,0.538335155748025,0.7707775129912903,6,1.7917594692280547,0.16666666666666666,"11,4,2,0,9,5",154.0
2025-06-15,"mercury,venus,earth,mars,jupiter,saturn",3.875080774032038,-4.109849909621698e-16,19.531532722161028,2,0.5406971137758949,0.7688209224990764,6,1.7917594692280547,0.16666666666666666,"11,4,2,0,9,5",151.0
2025-06-16,"mercury,venus,earth,mars,jupiter,saturn",3.865476592151263,-5.623168698556365e-16,19.498099463123527,2,0.5436771778395223,0.7663264469816022,6,1.7917594692280547,0.16666666666666666,"11,4,2,0,9,5",127.0
2025-06-17,"mercury,venus,earth,mars,jupiter,saturn",3.854117643551075,-5.351744468292501e-16,19.45903389805049,2,0.547177401055927,0.7633586995200141,6,1.7917594692280547,0.16666666666666666,"11,4,2,0,9,5",117.0
2025-06-18,"mercury,venus,earth,mars,jupiter,saturn",3.8412276473394558,-4.2937877877755803e-16,19.415327909296547,2,0.551116697164151,0.7599680987937335,6,1.7917594692280547,0.16666666666666666,"11,4,2,0,9,5",133.0
2025-06-19,"mercury,venus,earth,mars,jupiter,saturn",3.826982361221604,-7.379525252852568e-16,19.367799651543322,2,0.5554286230219646,0.7561929726970422,6,1.7917594692280547,0.16666666666666666,"11,4,2,0,9,5",131.0
2025-06-20,"mercury,venus,earth,mars,jupiter,saturn",3.8115172564127713,-7.312622109666596e-16,19.317120514911416,2,0.5600589347983281,0.7520615603509869,5,1.5607104090414063,0.3333333333333333,"0,4,2,0,9,5",113.0
2025-06-21,"mercury,venus,earth,mars,jupiter,saturn",3.7949346551880163,-2.3082872017970067e-16,19.263842212037787,2,0.5649632168966632,0.7475938018298143,5,1.5607104090414063,0.3333333333333333,"0,4,2,0,9,5",95.0
2025-06-22,"mercury,venus,earth,mars,jupiter,saturn",3.777310025271001,-3.156549989409659e-16,19.20842175077361,2,0.570104727066011,0.7428028815765756,4,1.3296613488547582,0.3333333333333333,"0,5,3,0,9,5",99.0
2025-06-23,"mercury,venus,earth,mars,jupiter,saturn",3.758697358326947,-7.157899068558234e-16,19.151243363064573,2,0.575452508582538,0.7376965329959257,4,1.3296613488547582,0.3333333333333333,"0,5,3,0,9,5",94.0
2025-06-24,"mercury,venus,earth,mars,jupiter,saturn",3.739133683488172,-2.692830662493914e-16,19.092637204133588,2,0.580979769744264,0.7322781318009274,4,1.3296613488547582,0.3333333333333333,"0,5,3,0,9,5",85.0
2025-06-25,"mercury,venus,earth,mars,jupiter,saturn",3.7186428242117064,-4.750450766897794e-16,19.03289501758196,2,0.5866625063542101,0.7265476135546949,4,1.3296613488547582,0.3333333333333333,"0,5,3,0,9,5",95.0
2025-06-26,"mercury,venus,earth,mars,jupiter,saturn",3.6972385267250756,-6.905303311246073e-16,18.9722831262995,2,0.5924783335785553,0.7205022522856702,4,1.3296613488547582,0.3333333333333333,"0,5,3,0,9,5",104.0
2025-06-27,"mercury,venus,earth,mars,jupiter,saturn",3.674927089075576,-8.432448538867611e-16,18.911053151136056,2,0.5984054927005082,0.7141373355618847,4,1.3296613488547582,0.3333333333333333,"0,5,3,0,9,5",116.0
2025-06-28,"mercury,venus,earth,mars,jupiter,saturn",3.6517096123915644,-3.5775820588632797e-16,18.849450837767133,2,0.6044220017246937,0.7074467690334358,4,1.3296613488547582,0.3333333333333333,"0,5,3,0,9,5",136.0
2025-06-29,"mercury,venus,earth,mars,jupiter,saturn",3.627583986968314,-3.606209978741427e-16,18.787723321398097,2,0.6105049241682798,0.7004236414063645,5,1.5607104090414063,0.3333333333333333,"1,5,3,0,9,5",151.0
2025-06-30,"mercury,venus,earth,mars,jupiter,saturn",3.6025467193082563,-4.883981121401096e-16,18.726125097898283,2,0.6166297364385609,0.6930607798970273,5,1.5607104090414063,0.3333333333333333,"1,5,3,0,9,5",150.0
2025-07-01,"mercury,venus,earth,mars,jupiter,saturn",3.5765947053457015,-1.5190458192947263e-15,18.664922908465392,2,0.622769780313189,0.6853513271413051,5,1.5607104090414063,0.3333333333333333,"1,5,3,0,9,5",147.0
2025-07-02,"mercury,venus,earth,mars,jupiter,saturn",3.5497270629933726,-5.561753028105877e-16,18.60439968757464,2,0.6288957929298171,0.6772893741991105,5,1.5607104090414063,0.3333333333333333,"1,5,3,0,9,5",137.0
2025-07-03,"mercury,venus,earth,mars,jupiter,saturn",3.5219471584956934,-1.479800887242948e-16,18.544857672523463,2,0.6349755122519143,0.6688706921495623,5,1.5607104090414063,0.3333333333333333,"1,5,3,0,9,5",116.0
2025-07-04,"mercury,venus,earth,mars,jupiter,saturn",3.493265003684496,-4.3176315807296206e-16,18.48662072771973,2,0.6409733611686896,0.6600936193638259,5,1.5607104090414063,0.3333333333333333,"1,5,3,0,9,5",100.0
2025-07-05,"mercury,venus,earth,mars,jupiter,saturn",3.4637002791744838,-1.816516775906178e-16,18.430035897812992,2,0.6468502181722781,0.6509601875152643,5,1.5607104090414063,0.3333333333333333,"1,5,3,0,9,5",76.0
2025-07-06,"mercury,venus,earth,mars,jupiter,saturn",3.4332863779273004,-7.644361604268913e-16,18.37547417059472,2,0.6525632868575679,0.6414776154034703,5,1.5607104090414063,0.3333333333333333,"1,5,3,0,9,5",87.0
2025-07-07,"mercury,venus,earth,mars,jupiter,saturn",3.4020761142128837,-5.434915575886501e-16,18.323330403241076,2,0.6580660801676972,0.6316603822660194,5,1.5607104090414063,0.3333333333333333,"1,5,3,0,9,5",93.0
2025-07-08,"mercury,venus,earth,mars,jupiter,saturn",3.3701502020749703,-2.6473271664753217e-16,18.2740223441923,2,0.6633085381416659,0.6215332437828414,5,1.5607104090414063,0.3333333333333333,"1,5,3,0,9,5",84.0
2025-07-09,"mercury,venus,earth,mars,jupiter,saturn",3.3376304698699144,-9.497864148505178e-16,18.227988668369154,2,0.6682372996092438,0.6111358392895432,5,1.5607104090414063,0.3333333333333333,"1,5,3,0,9,5",81.0
2025-07-10,"mercury,venus,earth,mars,jupiter,saturn",3.304701441139665,-3.9824170347809003e-16,18.185685936465177,2,0.6727961484509071,0.6005300901613033,5,1.5607104090414063,0.3333333333333333,"2,5,3,0,9,5",75.0
2025-07-11,"mercury,venus,earth,mars,jupiter,saturn",3.2716471893352694,-4.0599966140624944e-17,18.147584390947504,2,0.6769266532793403,0.5898126770428269,5,1.5607104090414063,0.3333333333333333,"2,5,3,0,9,5",93.0
2025-07-12,"mercury,venus,earth,mars,jupiter,saturn",3.2389168406809996,-4.1702545028061146e-16,18.11416251352199,2,0.6805690152840016,0.5791370312050531,6,1.7917594692280547,0.16666666666666666,"2,6,3,0,9,5",113.0
2025-07-13,"mercury,venus,earth,mars,jupiter,saturn",3.207244170619933,-3.0506672854608467e-16,18.085900292511894,2,0.6836631321529552,0.5687532831436889,6,1.7917594692280547,0.16666666666666666,"2,6,3,0,9,5",126.0
2025-07-14,"mercury,venus,earth,mars,jupiter,saturn",3.177863971823481,-5.307810736816428e-16,18.063271184945638,2,0.686149876233562,0.5590803193958749,6,1.7917594692280547,0.16666666666666666,"2,6,3,0,9,5",135.0
2025-07-15,"mercury,venus,earth,mars,jupiter,saturn",3.1528607334546286,-5.014676408451446e-16,18.04673280766457,2,0.6879725724459005,0.5508216312893073,6,1.7917594692280547,0.16666666666666666,"2,6,3,0,9,5",173.0
2025-07-16,"mercury,venus,earth,mars,jupiter,saturn",3.135492534999263,-2.1845347758256634e-16,18.03671645408106,2,0.6890786462935781,0.5450722398428363,6,1.7917594692280547,0.16666666666666666,"2,6,3,0,9,5",191.0
2025-07-17,"mercury,venus,earth,mars,jupiter,saturn",3.1296449126530326,-6.497759720165247e-16,18.03361560675362,2,0.6894213954263475,0.543134415908637,6,1.7917594692280547,0.16666666666666666,"2,6,3,0,9,5",183.0
2025-07-18,"mercury,venus,earth,mars,jupiter,saturn",3.1374294320813583,-4.470650660279657e-16,18.037773697604408,2,0.6889618208674269,0.545713878348394,6,1.7917594692280547,0.16666666666666666,"2,6,3,0,9,5",165.0
2025-07-19,"mercury,venus,earth,mars,jupiter,saturn",3.157275955898605,-2.4540348482206573e-16,18.049471452607634,2,0.6876704379391474,0.552281627075307,6,1.7917594692280547,0.16666666666666666,"2,6,3,0,9,5",153.0
2025-07-20,"mercury,venus,earth,mars,jupiter,saturn",3.185626290793477,-6.441584577011483e-16,18.06891423966748,2,0.6855289741446752,0.5616394394255183,5,1.5607104090414063,0.3333333333333333,"3,6,3,0,9,5",145.0
2025-07-21,"mercury,venus,earth,mars,jupiter,saturn",3.2193398154658883,-2.5362605438312163e-16,18.09621990929722,2,0.6825318539429055,0.5727245192306264,6,1.7917594692280547,0.16666666666666666,"3,6,4,0,9,5",137.0
2025-07-22,"mercury,venus,earth,mars,jupiter,saturn",3.256327592020021,-1.611771515058532e-16,18.131407668861556,2,0.6786873704438787,0.5848232845572933,6,1.7917594692280547,0.16666666666666666,"3,6,4,0,9,5",107.0
2025-07-23,"mercury,venus,earth,mars,jupiter,saturn",3.295286770610276,1.6565104365795408e-17,18.1743885537949,2,0.6740184529529272,0.5974844693353774,6,1.7917594692280547,0.16666666666666666,"3,6,4,0,9,5",110.0
2025-07-24,"mercury,venus,earth,mars,jupiter,saturn",3.335378924284681,-4.996058865423462e-16,18.224958045708707,2,0.6685629574980874,0.6104130687522706,6,1.7917594692280547,0.16666666666666666,"3,6,4,0,9,5",114.0
2025-07-25,"mercury,venus,earth,mars,jupiter,saturn",3.376026150916483,-4.2096330624869427e-16,18.28279133234612,2,0.662373434318255,0.623403306666159,6,1.7917594692280547,0.16666666666666666,"3,6,4,0,9,5",148.0
2025-07-26,"mercury,venus,earth,mars,jupiter,saturn",3.416798276232456,-8.347448154710134e-16,18.347441606140702,2,0.6555163598465418,0.6363018185902138,6,1.7917594692280547,0.16666666666666666,"3,6,4,0,9,5",144.0
2025-07-27,"mercury,venus,earth,mars,jupiter,saturn",3.4573519756790514,-2.743668226838919e-16,18.418341659315068,2,0.6480708579498056,0.6489879982048478,6,1.7917594692280547,0.16666666666666666,"3,6,4,0,9,5",129.0
2025-07-28,"mercury,venus,earth,mars,jupiter,saturn",3.4973976585310043,-7.471185198155578e-16,18.494808861424243,2,0.640126972277212,0.6613634384408669,6,1.7917594692280547,0.16666666666666666,"3,6,4,0,9,5",131.0
2025-07-29,"mercury,venus,earth,mars,jupiter,saturn",3.536681195827148,-5.601260352679828e-16,18.57605341190891,2,0.6317835845071281,0.6733461410537573,5,1.5607104090414063,0.3333333333333333,"4,6,4,0,9,5",123.0
2025-07-30,"mercury,venus,earth,mars,jupiter,saturn",3.574973721549836,-8.693732147199158e-16,18.661189560945736,2,0.6231460984501108,0.6848672249982857,5,1.5607104090414063,0.3333333333333333,"4,6,4,0,9,5",141.0
2025-07-31,"mercury,venus,earth,mars,jupiter,saturn",3.612065888538739,-3.0216524403858367e-16,18.749249303825437,2,0.6143240247385874,0.6958689263619289,5,1.5607104090414063,0.3333333333333333,"4,6,4,0,9,5",146.0
2025-08-01,"mercury,venus,earth,mars,jupiter,saturn",3.647764576889937,-6.406261587329267e-16,18.8391978941468,2,0.6054286039731066,0.7063032345207838,5,1.5607104090414063,0.3333333333333333,"4,6,4,0,9,5",133.0
2025-08-02,"mercury,venus,earth,mars,jupiter,saturn",3.6818909017525643,-1.8080395215486783e-16,18.92995040378585,2,0.5965705979995243,0.7161308045316984,5,1.5607104090414063,0.3333333333333333,"4,7,4,0,9,5",129.0
2025-08-03,"mercury,venus,earth,mars,jupiter,saturn",3.714278829731495,-4.310527777167851e-16,19.02038849320519,2,0.5878583611620232,0.7253199496908265,5,1.5607104090414063,0.3333333333333333,"4,7,4,0,9,5",129.0
2025-08-04,"mercury,venus,earth,mars,jupiter,saturn",3.7447739755332092,-2.167393770505436e-16,19.109376549263093,2,0.5793962786416369,0.7338456119528176,5,1.5607104090414063,0.3333333333333333,"4,7,4,0,9,5",107.0
2025-08-05,"mercury,venus,earth,mars,jupiter,saturn",3.773232306254335,-3.694095968221219e-16,19.195776398870798,2,0.5712836305813309,0.741688262101184,5,1.5607104090414063,0.3333333333333333,"4,7,4,0,9,5",116.0
2025-08-06,"mercury,venus,earth,mars,jupiter,saturn",3.7995185772120594,-3.8298534699890726e-16,19.278459910614387,2,0.5636139117930432,0.7488327120275386,5,1.5607104090414063,0.3333333333333333,"5,7,4,0,9,5",140.0
2025-08-07,"mercury,venus,earth,mars,jupiter,saturn",3.823504385200176,-7.30285622565898e-16,19.356318944887835,2,0.5564746100638728,0.755266836905786,5,1.5607104090414063,0.3333333333333333,"5,7,4,0,9,5",154.0
2025-08-08,"mercury,venus,earth,mars,jupiter,saturn",3.845065766020259,-2.382518054239794e-16,19.42827229779882,2,0.5499474231319702,0.7609802106127582,5,1.5607104090414063,0.3333333333333333,"5,7,4,0,9,5",181.0
2025-08-09,"mercury,venus,earth,mars,jupiter,saturn",3.864080291160148,-5.669631756359981e-16,19.493269499142812,2,0.5441088758477646,0.7659626568641483,5,1.5607104090414063,0.3333333333333333,"5,7,4,0,9,5",155.0
2025-08-10,"mercury,venus,earth,mars,jupiter,saturn",3.8804236394075873,-2.7620908066459054e-16,19.550291569655403,2,0.5390312841786903,0.7702027137357232,5,1.5607104090414063,0.3333333333333333,"5,7,4,0,9,5",167.0
2025-08-11,"mercury,venus,earth,mars,jupiter,saturn",3.893965638538515,-3.735273821275884e-16,19.598349125775158,2,0.5347839995475208,0.7736860026733979,5,1.5607104090414063,0.3333333333333333,"5,7,4,0,9,5",166.0
2025-08-12,"mercury,venus,earth,mars,jupiter,saturn",3.9045657967296497,-4.656152975459839e-16,19.63647856122629,2,0.5314348521048549,0.7763934869205469,5,1.5607104090414063,0.3333333333333333,"5,7,4,0,9,5",162.0
2025-08-13,"mercury,venus,earth,mars,jupiter,saturn",3.912068382346277,-4.2773308414062547e-16,19.663737468151506,2,0.5290516899231967,0.7782996011282741,5,1.5607104090414063,0.3333333333333333,"5,7,4,0,9,5",167.0
2025-08-14,"mercury,venus,earth,mars,jupiter,saturn",3.9162971778776083,-2.3163200260731813e-16,19.679201036372937,2,0.5277038758493329,0.7793702374961329,6,1.7917594692280547,0.16666666666666666,"6,7,4,0,9,5",165.0
2025-08-15,"mercury,venus,earth,mars,jupiter,saturn",3.917050149054167,-2.6626210229546836e-16,19.68196195176055,2,0.527463545651637,0.7795605899356398,6,1.7917594692280547,0.16666666666666666,"6,7,4,0,9,5",138.0
2025-08-16,"mercury,venus,earth,mars,jupiter,saturn",3.9140944624492415,-4.1106385856168052e-16,19.671137372560736,2,0.5284063384661175,0.7788128958087532,6,1.7917594692280547,0.16666666666666666,"6,7,4,0,9,5",120.0
2025-08-17,"mercury,venus,earth,mars,jupiter,saturn",3.9071625941316857,-2.428117978836026e-16,19.64588794438346,2,0.5306111699735174,0.7770541896705768,6,1.7917594692280547,0.16666666666666666,"6,7,4,0,9,5",74.0
2025-08-18,"mercury,venus,earth,mars,jupiter,saturn",3.8959507499279287,-1.7483726296268753e-16,19.60545549259283,2,0.5341584183051454,0.7741943180865437,6,1.7917594692280547,0.16666666666666666,"6,7,4,0,9,5",64.0
2025-08-19,"mercury,venus,earth,mars,jupiter,saturn",3.8801215236767646,-3.799332486738276e-16,19.54922779287822,2,0.5391256305034716,0.7701246922901146,6,1.7917594692280547,0.16666666666666666,"6,7,4,0,9,5",36.0
2025-08-20,"mercury,venus,earth,mars,jupiter,saturn",3.8593137046368216,-2.332433649616041e-16,19.476840085953317,2,0.5455795603294482,0.7647186199130601,5,1.5607104090414063,0.3333333333333333,"7,7,4,1,9,5",60.0
2025-08-21,"mercury,venus,earth,mars,jupiter,saturn",3.833163416628845,-2.722551502506489e-16,19.388322557617307,2,0.5535631067283474,0.7578346055940286,5,1.5607104090414063,0.3333333333333333,"7,8,5,1,9,5",67.0
2025-08-22,"mercury,venus,earth,mars,jupiter,saturn",3.801342229425708,-5.192170845990088e-16,19.284298737321922,2,0.5630757438334708,0.7493247715173056,5,1.5607104090414063,0.3333333333333333,"7,8,5,1,9,5",56.0
2025-08-23,"mercury,venus,earth,mars,jupiter,saturn",3.7636192285898993,-4.943559074345484e-16,19.16622865254447,2,0.5740467004877763,0.7390514824068498,5,1.5607104090414063,0.3333333333333333,"7,8,5,1,9,5",72.0
2025-08-24,"mercury,venus,earth,mars,jupiter,saturn",3.7199546874527614,-3.3838332664256754e-16,19.036669503970412,2,0.5863020201593196,0.7269161695440274,5,1.5607104090414063,0.3333333333333333,"7,8,5,1,9,5",100.0
2025-08-25,"mercury,venus,earth,mars,jupiter,saturn",3.6706321339814116,-4.988678931096594e-16,18.89949491825692,2,0.5995302584579135,0.7129047797992467,5,1.5607104090414063,0.3333333333333333,"7,8,5,1,9,5",137.0
2025-08-26,"mercury,venus,earth,mars,jupiter,saturn",3.6164324278483733,-3.0454154065138437e-16,18.759977876206072,2,0.613256910742869,0.6971534610273341,4,1.3296613488547582,0.3333333333333333,"8,8,5,1,9,5",183.0
2025-08-27,"mercury,venus,earth,mars,jupiter,saturn",3.558847305209662,-1.929474699645672e-16,18.6246206210802,2,0.6268430623109917,0.6800350138387677,4,1.3296613488547582,0.3333333333333333,"8,8,5,1,9,5",198.0
2025-08-28,"mercury,venus,earth,mars,jupiter,saturn",3.5003183100829203,-4.807450315397328e-16,18.50063682280845,2,0.6395251664041777,0.6622598124188154,4,1.3296613488547582,0.3333333333333333,"8,8,5,1,9,5",204.0
2025-08-29,"mercury,venus,earth,mars,jupiter,saturn",3.4444560076205084,-2.9628754145033535e-16,18.39508228541993,2,0.650504890018542,0.6449700525578361,4,1.3296613488547582,0.3333333333333333,"8,8,5,1,9,5",197.0
2025-08-30,"mercury,venus,earth,mars,jupiter,saturn",3.396093968188568,-5.163402025591849e-16,18.31378086327073,2,0.6590784276698961,0.6297691518138527,4,1.3296613488547582,0.3333333333333333,"9,8,5,1,9,5",181.0
2025-08-31,"mercury,venus,earth,mars,jupiter,saturn",3.3607872073785434,-4.139432979229903e-16,18.26033481801602,2,0.6647705559589214,0.6185478396669649,4,1.3296613488547582,0.3333333333333333,"9,8,5,1,9,5",187.0
2025-09-01,"mercury,venus,earth,mars,jupiter,saturn",3.34317908906808,-2.894747076265659e-16,18.235543774347203,2,0.6674260923729858,0.6129154446880314,4,1.3296613488547582,0.3333333333333333,"9,8,5,1,9,5",176.0
2025-09-02,"mercury,venus,earth,mars,jupiter,saturn",3.344550022423755,-2.789147601123027e-16,18.237429435904424,2,0.6672237657066936,0.6133547982629938,4,1.3296613488547582,0.3333333333333333,"9,8,5,1,9,5",162.0
2025-09-03,"mercury,venus,earth,mars,jupiter,saturn",3.361821905690602,-7.461629330831813e-16,18.26183018287516,2,0.664610686938548,0.6188780868294012,5,1.5607104090414063,0.3333333333333333,"10,8,5,1,9,5",146.0
2025-09-04,"mercury,venus,earth,mars,jupiter,saturn",3.389439566165713,-7.403261504985508e-16,18.303326351390673,2,0.6601883414507346,0.6276618988338556,5,1.5607104090414063,0.3333333333333333,"10,8,5,1,9,5",157.0
2025-09-05,"mercury,venus,earth,mars,jupiter,saturn",3.4220134759689484,-9.532867375287997e-16,18.356190747798777,2,0.6545933823110448,0.637941520144496,5,1.5607104090414063,0.3333333333333333,"10,8,5,1,9,5",138.0
2025-09-06,"mercury,venus,earth,mars,jupiter,saturn",3.4555945831508468,-5.224796876160039e-16,18.415132848392787,2,0.6484061582364324,0.6484413672934028,5,1.5607104090414063,0.3333333333333333,"10,8,5,1,9,5",111.0
2025-09-07,"mercury,venus,earth,mars,jupiter,saturn",3.4877199408619597,-3.6980360332418467e-16,18.475741481428784,2,0.6420994942253944,0.6583871287717031,4,1.3296613488547582,0.3333333333333333,"10,9,5,1,9,5",92.0
2025-09-08,"mercury,venus,earth,mars,jupiter,saturn",3.517033586501658,-2.095263221780175e-16,18.534647459141535,2,0.6360233783944299,0.6673731062783123,4,1.3296613488547582,0.3333333333333333,"10,9,5,1,9,5",113.0
2025-09-09,"mercury,venus,earth,mars,jupiter,saturn",3.5429029785661745,-5.361528722829191e-16,18.589487288272043,2,0.6304135118519859,0.6752290324570774,4,1.3296613488547582,0.3333333333333333,"11,9,5,1,9,5",101.0
2025-09-10,"mercury,venus,earth,mars,jupiter,saturn",3.565136051664141,-5.356474463988819e-16,18.638757513781073,2,0.6254115453690475,0.6819228726741978,4,1.3296613488547582,0.3333333333333333,"11,9,5,1,9,5",86.0
2025-09-11,"mercury,venus,earth,mars,jupiter,saturn",3.5837935706929085,-2.457443170243022e-16,18.681629866364762,2,0.6210882389793195,0.6874976353355535,4,1.3296613488547582,0.3333333333333333,"11,9,5,1,9,5",83.0
2025-09-12,"mercury,venus,earth,mars,jupiter,saturn",3.599070510022124,-4.945105784945748e-16,18.717770951956343,2,0.617464636547598,0.6920326447715751,4,1.3296613488547582,0.3333333333333333,"11,9,5,1,9,5",65.0
2025-09-13,"mercury,venus,earth,mars,jupiter,saturn",3.6112233500399458,-3.365135256851549e-16,18.74718796726811,2,0.6145292456482683,0.6956208102592619,4,1.3296613488547582,0.3333333333333333,"11,9,5,1,9,5",53.0
2025-09-14,"mercury,venus,earth,mars,jupiter,saturn",3.62052685607209,-5.491020154308777e-16,18.770107158213417,2,0.6122509314841533,0.6983558807123467,4,1.3296613488547582,0.3333333333333333,"11,9,5,1,9,5",69.0
2025-09-15,"mercury,venus,earth,mars,jupiter,saturn",3.6272494088339213,-3.2273073728295625e-16,18.786883641765005,2,0.6105880467145444,0.7003257445336449,4,1.3296613488547582,0.3333333333333333,"11,9,5,1,9,5",79.0
2025-09-16,"mercury,venus,earth,mars,jupiter,saturn",3.631639812704923,-7.406991861084768e-16,18.79793770598782,2,0.6094945814491027,0.7016092900990059,4,1.3296613488547582,0.3333333333333333,"0,9,5,1,9,5",117.0
2025-09-17,"mercury,venus,earth,mars,jupiter,saturn",3.633921072714457,-2.891761140452647e-16,18.803711852862904,2,0.6089241020764409,0.7022752989435777,4,1.3296613488547582,0.3333333333333333,"0,9,5,1,9,5",126.0
2025-09-18,"mercury,venus,earth,mars,jupiter,saturn",3.6342882996605566,-4.597159034161003e-16,18.804643294172557,2,0.6088321215060672,0.7023824508887501,4,1.3296613488547582,0.3333333333333333,"0,9,5,1,9,5",127.0
2025-09-19,"mercury,venus,earth,mars,jupiter,saturn",3.6329089752650843,-4.948034425548906e-16,18.801147541942193,2,0.6091773941186278,0.701979897403551,4,1.3296613488547582,0.3333333333333333,"0,9,5,1,9,5",138.0
2025-09-20,"mercury,venus,earth,mars,jupiter,saturn",3.629924492332289,-4.853899090072938e-16,18.793609732080178,2,0.6099224943781499,0.7011080898174742,4,1.3296613488547582,0.3333333333333333,"0,9,5,1,9,5",153.0
2025-09-21,"mercury,venus,earth,mars,jupiter,saturn",3.6254523162280003,-3.0157332716458954e-16,18.782381199749935,2,0.6110339307417155,0.6997996876678219,4,1.3296613488547582,0.3333333333333333,"0,9,5,1,9,5",164.0
2025-09-22,"mercury,venus,earth,mars,jupiter,saturn",3.6195883839873013,-8.263393210385838e-16,18.767779531143994,2,0.612481966310903,0.6980804547365228,4,1.3296613488547582,0.3333333333333333,"0,9,5,1,9,5",161.0
2025-09-23,"mercury,venus,earth,mars,jupiter,saturn",3.612409524687632,-2.3095824445570316e-16,18.750090851856267,2,0.6142402602504624,0.6959700983401911,4,1.3296613488547582,0.3333333333333333,"0,9,5,1,9,5",186.0
2025-09-24,"mercury,venus,earth,mars,jupiter,saturn",3.603975787230931,-4.692320226553956e-16,18.729573503122438,2,0.6162854041011095,0.6934830348796489,6,1.7917594692280547,0.16666666666666666,"0,10,6,1,9,5",144.0
2025-09-25,"mercury,venus,earth,mars,jupiter,saturn",3.5943326235983086,-2.1507945273901207e-16,18.706462534946503,2,0.6185964000333544,0.6906290799197351,5,1.5607104090414063,0.3333333333333333,"1,10,6,1,9,5",152.0
2025-09-26,"mercury,venus,earth,mars,jupiter,saturn",3.583512912416695,-6.892298715476441e-16,18.680974637914023,2,0.6211541101014018,0.6874140692528189,5,1.5607104090414063,0.3333333333333333,"1,10,6,1,9,5",142.0
2025-09-27,"mercury,venus,earth,mars,jupiter,saturn",3.5715388291140955,-1.3161908028717582e-15,18.65331326637022,2,0.6239406938968562,0.6838404215763152,5,1.5607104090414063,0.3333333333333333,"1,10,6,1,9,5",138.0
2025-09-28,"mercury,venus,earth,mars,jupiter,saturn",3.558423581265501,-6.695867896211372e-16,18.623673792226768,2,0.6269390447062306,0.6799076554375364,5,1.5607104090414063,0.3333333333333333,"1,10,6,1,9,5",155.0
2025-09-29,"mercury,venus,earth,mars,jupiter,saturn",3.544173034936049,-7.916740368725361e-16,18.592248583903018,2,0.6301322299880894,0.6756128740900728,5,1.5607104090414063,0.3333333333333333,"1,10,6,1,9,5",178.0
2025-09-30,"mercury,venus,earth,mars,jupiter,saturn",3.528787262554598,-7.051389432454344e-16,18.559231938079968,2,0.6335029397900698,0.6709512325678614,5,1.5607104090414063,0.3333333333333333,"1,10,6,1,9,5",179.0
2025-10-01,"mercury,venus,earth,mars,jupiter,saturn",3.5122620470064145,-3.818162388883836e-16,18.5248248096064,2,0.6370329460165463,0.6659164021051702,5,1.5607104090414063,0.3333333333333333,"1,10,6,1,9,5",167.0
2025-10-02,"mercury,venus,earth,mars,jupiter,saturn",3.494590381860403,-4.3427458012245997e-16,18.489239291657647,2,0.640702575835579,0.6605010484396386,5,1.5607104090414063,0.3333333333333333,"1,10,6,1,9,5",169.0
2025-10-03,"mercury,venus,earth,mars,jupiter,saturn",3.4757640157675382,-1.0684752763152445e-15,18.4527027973985,2,0.6444902037135294,0.6546973430367977,5,1.5607104090414063,0.3333333333333333,"1,10,6,1,9,5",175.0
2025-10-04,"mercury,venus,earth,mars,jupiter,saturn",3.455775102638928,-5.431331643776561e-16,18.415461888371052,2,0.6483717683993756,0.6484975306299777,5,1.5607104090414063,0.3333333333333333,"1,10,6,1,9,5",153.0
2025-10-05,"mercury,venus,earth,mars,jupiter,saturn",3.4346180423844137,-1.085472629255201e-15,18.377785685532125,2,0.6523203234953601,0.6418945839791458,5,1.5607104090414063,0.3333333333333333,"1,10,6,1,9,5",147.0
2025-10-06,"mercury,venus,earth,mars,jupiter,saturn",3.4122916370541003,-1.0586739236030278e-16,18.339968787969507,2,0.6563056328947563,0.6348829897653537,6,1.7917594692280547,0.16666666666666666,"2,10,6,1,9,5",147.0
2025-10-07,"mercury,venus,earth,mars,jupiter,saturn",3.388801757592293,-3.4366204730851257e-16,18.30233361341372,2,0.660293825164736,0.6274597324487652,6,1.7917594692280547,0.16666666666666666,"2,10,6,1,9,5",123.0
2025-10-08,"mercury,venus,earth,mars,jupiter,saturn",3.364164842733506,-5.246959180840338e-16,18.265232065366234,2,0.6642471236804175,0.6196255842018082,6,1.7917594692280547,0.16666666666666666,"2,10,6,1,9,5",78.0
2025-10-09,"mercury,venus,earth,mars,jupiter,saturn",3.3384127847080522,-7.358168251187425e-16,18.229046425707715,2,0.6681236716938367,0.6113868855687817,6,1.7917594692280547,0.16666666666666666,"2,10,6,1,9,5",61.0
2025-10-10,"mercury,venus,earth,mars,jupiter,saturn",3.3116002012575905,-8.820888912335891e-16,18.194189370847536,2,0.6718774732039103,0.6027581481888498,6,1.7917594692280547,0.16666666666666666,"2,10,6,1,9,5",79.0
2025-10-11,"mercury,venus,earth,mars,jupiter,saturn",3.283815975291888,-4.996404191489254e-16,18.161103015661773,2,0.6754584710799747,0.5937661027682505,6,1.7917594692280547,0.16666666666666666,"2,10,6,1,9,5",105.0
2025-10-12,"mercury,venus,earth,mars,jupiter,saturn",3.2552027667856795,-2.7744354095440207e-16,18.13025690435011,2,0.6788127829500332,0.5844564204904728,6,1.7917594692280547,0.16666666666666666,"2,11,6,1,9,5",129.0
2025-10-13,"mercury,venus,earth,mars,jupiter,saturn",3.2259921373737646,-3.6578344355984633e-16,18.102144892309532,2,0.6818831124740304,0.574905644182455,6,1.7917594692280547,0.16666666666666666,"2,11,6,1,9,5",128.0
2025-10-14,"mercury,venus,earth,mars,jupiter,saturn",3.1965717413205996,-7.078077765620986e-16,18.077280898971626,2,0.6846093484334046,0.5652437971459907,6,1.7917594692280547,0.16666666666666666,"2,11,6,1,9,5",125.0
2025-10-15,"mercury,venus,earth,mars,jupiter,saturn",3.167620938756562,-6.916133859567723e-16,18.05619355821926,2,0.6869293563827751,0.555699759160012,6,1.7917594692280547,0.16666666666666666,"2,11,6,1,9,5",123.0
2025-10-16,"mercury,venus,earth,mars,jupiter,saturn",3.1403920390817737,-1.5870441581380367e-16,18.039419849275077,2,0.6887799574664568,0.5466950845165064,6,1.7917594692280547,0.16666666666666666,"3,11,6,1,9,5",132.0
2025-10-17,"mercury,venus,earth,mars,jupiter,saturn",3.1172558192548365,-3.314118284868252e-16,18.027497854298247,2,0.6900980767575626,0.5390256552082339,6,1.7917594692280547,0.16666666666666666,"3,11,6,1,9,5",120.0
2025-10-18,"mercury,venus,earth,mars,jupiter,saturn",3.1023690757995945,-8.453939927834226e-16,18.020958855360124,2,0.6908220298590915,0.5340833392788574,5,1.5607104090414063,0.3333333333333333,"3,11,6,1,9,6",114.0
2025-10-19,"mercury,venus,earth,mars,jupiter,saturn",3.1007944634193665,-3.347247557379473e-16,18.020319047712,2,0.6908929026241457,0.5335602704322254,5,1.5607104090414063,0.3333333333333333,"3,11,6,2,9,6",107.0
2025-10-20,"mercury,venus,earth,mars,jupiter,saturn",3.114173556561722,-4.3282502620607995e-16,18.0260712020359,2,0.6902559661395651,0.5380028089145107,5,1.5607104090414063,0.3333333333333333,"3,11,6,2,9,6",112.0
2025-10-21,"mercury,venus,earth,mars,jupiter,saturn",3.1390623043583323,-7.23809488222521e-16,18.03867664898689,2,0.6888620591971228,0.5462547138233037,5,1.5607104090414063,0.3333333333333333,"3,11,6,2,9,6",124.0
2025-10-22,"mercury,venus,earth,mars,jupiter,saturn",3.171111043508576,-3.1410017597752955e-16,18.05855797842119,2,0.6866688649569597,0.5568520621789544,5,1.5607104090414063,0.3333333333333333,"3,11,6,2,9,6",110.0
2025-10-23,"mercury,venus,earth,mars,jupiter,saturn",3.2074763095690013,-8.5339070488472565e-16,18.08609283806474,2,0.6836420087289916,0.56882956250197,5,1.5607104090414063,0.3333333333333333,"3,11,6,2,9,6",100.0
2025-10-24,"mercury,venus,earth,mars,jupiter,saturn",3.246585866178452,-5.915087061128952e-16,18.121609178797954,2,0.6797559105742271,0.5816436985519876,5,1.5607104090414063,0.3333333333333333,"3,11,6,2,9,6",101.0
2025-10-25,"mercury,venus,earth,mars,jupiter,saturn",3.287560624558235,-3.694645068476874e-16,18.165382225592648,2,0.6749943398421965,0.5949808666794029,5,1.5607104090414063,0.3333333333333333,"4,11,6,2,9,6",102.0
2025-10-26,"mercury,venus,earth,mars,jupiter,saturn",3.3298737308872317,-5.446222580921126e-16,18.21763335665892,2,0.6693506380629596,0.6086443198506868,6,1.7917594692280547,0.16666666666666666,"4,11,7,2,9,6",103.0
2025-10-27,"mercury,venus,earth,mars,jupiter,saturn",3.3731828997915603,-7.220694890081446e-16,18.278530953393673,2,0.662827600261167,0.6224987612220358,6,1.7917594692280547,0.16666666666666666,"4,11,7,2,9,6",99.0
2025-10-28,"mercury,venus,earth,mars,jupiter,saturn",3.4172488148868023,-4.424036285604684e-16,18.348193147048875,2,0.655437030616756,0.6364435652740815,6,1.7917594692280547,0.16666666666666666,"4,11,7,2,9,6",113.0
2025-10-29,"mercury,venus,earth,mars,jupiter,saturn",3.461894058319074,-1.7427147974095516e-16,18.426692242220927,2,0.6471990140439287,0.6503994484460125,6,1.7917594692280547,0.16666666666666666,"4,11,7,2,9,6",100.0
2025-10-30,"mercury,venus,earth,mars,jupiter,saturn",3.5069814834973587,-6.202476681977517e-16,18.514060449218363,2,0.6381409683824153,0.6643015539096707,6,1.7917594692280547,0.16666666666666666,"4,11,7,2,9,6",70.0
2025-10-31,"mercury,venus,earth,mars,jupiter,saturn",3.552402213899577,-6.310566582871341e-16,18.610296411842313,2,0.6282965606515456,0.6780956740317363,6,1.7917594692280547,0.16666666666666666,"4,11,7,2,9,6",44.0
2025-11-01,"mercury,venus,earth,mars,jupiter,saturn",3.5980685058074915,-5.454468847632346e-16,18.71537187527761,2,0.6177045841236812,0.6917360263402044,6,1.7917594692280547,0.16666666666666666,"4,0,7,2,9,6",21.0
2025-11-02,"mercury,venus,earth,mars,jupiter,saturn",3.6439090374931506,-1.9230556111552182e-16,18.82923769713071,2,0.6064079006412433,0.7051837831728915,6,1.7917594692280547,0.16666666666666666,"5,0,7,2,9,6",42.0
2025-11-03,"mercury,venus,earth,mars,jupiter,saturn",3.689865296374511,-9.107457953339174e-16,18.951828254283786,2,0.5944525553185874,0.7184059354437986,6,1.7917594692280547,0.16666666666666666,"5,0,7,2,9,6",74.0
2025-11-04,"mercury,venus,earth,mars,jupiter,saturn",3.7358882811846286,-3.0597497034827895e-16,19.083063124769737,2,0.5818871699272863,0.7313742640916326,6,1.7917594692280547,0.16666666666666666,"5,0,7,2,9,6",84.0
2025-11-05,"mercury,venus,earth,mars,jupiter,saturn",3.781935006203444,-4.1050231807987937e-16,19.22284470785276,2,0.5687627186708651,0.7440642947765209,6,1.7917594692280547,0.16666666666666666,"5,0,7,2,9,6",79.0
2025-11-06,"mercury,venus,earth,mars,jupiter,saturn",3.8279644206548005,-2.6569101060021803e-16,19.37105016374048,2,0.5551327875864953,0.7564541664977826,6,1.7917594692280547,0.16666666666666666,"5,0,7,2,9,6",109.0
2025-11-07,"mercury,venus,earth,mars,jupiter,saturn",3.8739324009085028,-7.262502705411395e-16,19.527515682715396,2,0.5410544180107029,0.7685233744347899,6,1.7917594692280547,0.16666666666666666,"5,0,7,2,9,6",130.0
2025-11-08,"mercury,venus,earth,mars,jupiter,saturn",3.9197854674593744,-3.6206734262238474e-16,19.69201061229892,2,0.526589636198299,0.7802513625149815,6,1.7917594692280547,0.16666666666666666,"5,0,7,2,9,6",142.0
2025-11-09,"mercury,venus,earth,mars,jupiter,saturn",3.965452840787407,-6.833566270255829e-16,19.864198375568943,2,0.511807774813219,0.7916159482100686,6,1.7917594692280547,0.16666666666666666,"5,0,7,2,9,6",154.0
2025-11-10,"mercury,venus,earth,mars,jupiter,saturn",4.0108363946079955,-5.395453318092477e-16,20.043580433328177,2,0.4967886952387734,0.8025915648066125,5,1.5607104090414063,0.3333333333333333,"6,0,7,2,9,6",151.0
2025-11-11,"mercury,venus,earth,mars,jupiter,saturn",4.055798009891824,-2.0540155575512765e-16,20.22941887538307,2,0.4816270173195425,0.8131473078082171,5,1.5607104090414063,0.3333333333333333,"6,0,7,2,9,6",149.0
2025-11-12,"mercury,venus,earth,mars,jupiter,saturn",4.100143807934365,-5.614479911851029e-16,20.42063279627265,2,0.4664374460812798,0.8232447747070325,5,1.5607104090414063,0.3333333333333333,"6,0,7,2,9,6",137.0
2025-11-13,"mercury,venus,earth,mars,jupiter,saturn",4.143604796413957,-2.2234622317769605e-16,20.615663860762016,2,0.4513612384330594,0.832835693520573,5,1.5607104090414063,0.3333333333333333,"6,0,7,2,9,6",127.0
2025-11-14,"mercury,venus,earth,mars,jupiter,saturn",4.185813683295695,-2.241884797255643e-16,20.812308182982605,2,0.4365737547366282,0.8418593477100116,5,1.5607104090414063,0.3333333333333333,"6,0,7,2,9,6",103.0
2025-11-15,"mercury,venus,earth,mars,jupiter,saturn",4.226278131672375,-6.712931220068471e-16,21.007516112435777,2,0.42229285954381146,0.8502398261010375,5,1.5607104090414063,0.3333333333333333,"6,0,7,2,9,6",100.0
2025-11-16,"mercury,venus,earth,mars,jupiter,saturn",4.2643517318141395,-7.160153841341526e-16,21.197170603482828,2,0.4087876331972443,0.8578831596344462,5,1.5607104090414063,0.3333333333333333,"7,0,7,2,9,6",67.0
2025-11-17,"mercury,venus,earth,mars,jupiter,saturn",4.299205682719248,-9.506090012201393e-16,21.37587081201997,2,0.39638638701293455,0.8646744577035951,5,1.5607104090414063,0.3333333333333333,"7,0,7,2,9,6",57.0
2025-11-18,"mercury,venus,earth,mars,jupiter,saturn",4.329806799166635,-5.370927146029039e-16,21.53677224621962,2,0.38548230149041773,0.8704752366687791,5,1.5607104090414063,0.3333333333333333,"7,0,7,2,9,6",62.0
2025-11-19,"mercury,venus,earth,mars,jupiter,saturn",4.354910969738339,-3.6620386618194034e-16,21.67156747183457,2,0.376534121974352,0.8751212656396675,5,1.5607104090414063,0.3333333333333333,"7,0,7,2,9,6",54.0
2025-11-20,"mercury,venus,earth,mars,jupiter,saturn",4.373085007789683,-9.800262738531317e-16,21.770724877233587,2,0.37005831785263243,0.8784214854211585,5,1.5607104090414063,0.3333333333333333,"7,0,7,2,9,6",59.0
2025-11-21,"mercury,venus,earth,mars,jupiter,saturn",4.382772372477893,-1.4434187997398455e-16,21.82411886817628,2,0.3666081637465951,0.8801589555565257,5,1.5607104090414063,0.3333333333333333,"7,1,7,2,9,6",66.0
2025-11-22,"mercury,venus,earth,mars,jupiter,saturn",4.382416618061939,-7.697754137792925e-16,21.82215141178762,2,0.36673483939891094,0.8800954155185272,6,1.7917594692280547,0.16666666666666666,"8,1,7,2,9,6",61.0
2025-11-23,"mercury,venus,earth,mars,jupiter,saturn",4.370647078022385,-5.166933149754093e-16,21.75734682498261,2,0.3709267981212353,0.8779818621400719,6,1.7917594692280547,0.16666666666666666,"8,1,7,2,9,6",81.0
2025-11-24,"mercury,venus,earth,mars,jupiter,saturn",4.346512164385275,-4.834879964678606e-16,21.62619001767503,2,0.37952765865904947,0.8735781929090906,6,1.7917594692280547,0.16666666666666666,"8,1,7,2,9,6",102.0
2025-11-25,"mercury,venus,earth,mars,jupiter,saturn",4.309720018129097,-3.5953328766196423e-16,21.430733051776166,2,0.3926408691856204,0.8666846154907094,5,1.5607104090414063,0.3333333333333333,"8,1,8,2,9,6",99.0
2025-11-26,"mercury,venus,earth,mars,jupiter,saturn",4.260825236553747,-3.996371338593057e-16,21.179360554261624,2,0.41004067257797416,0.8571850717561108,5,1.5607104090414063,0.3333333333333333,"9,1,8,2,9,6",82.0
2025-11-27,"mercury,venus,earth,mars,jupiter,saturn",4.201299707933226,-5.865955254307598e-16,20.88624197656091,2,0.43111886920006837,0.8450979001243085,5,1.5607104090414063,0.3333333333333333,"9,1,8,2,9,6",91.0
2025-11-28,"mercury,venus,earth,mars,jupiter,saturn",4.133454273415904,-2.73991937818256e-16,20.569437179849555,2,0.4548972524492904,0.8306228352790137,5,1.5607104090414063,0.3333333333333333,"9,1,8,2,9,6",83.0
2025-11-29,"mercury,venus,earth,mars,jupiter,saturn",4.060227080210563,-8.051125272976944e-16,20.248162923223624,2,0.480119816940787,0.8141698585389797,5,1.5607104090414063,0.3333333333333333,"9,1,8,2,9,6",83.0
2025-11-30,"mercury,venus,earth,mars,jupiter,saturn",3.9848986334056358,-3.398410040931714e-16,19.94005063616858,2,0.5054101619905526,0.7963579134405492,6,1.7917594692280547,0.16666666666666666,"10,1,8,2,9,6",103.0
2025-12-01,"mercury,venus,earth,mars,jupiter,saturn",3.9108079914449574,-6.738471530950785e-16,19.65914239455999,2,0.5294527731892587,0.7779799768977695,6,1.7917594692280547,0.16666666666666666,"10,1,8,2,9,6",156.0
2025-12-02,"mercury,venus,earth,mars,jupiter,saturn",3.841123393786516,-3.2754252753341633e-16,19.414977127149896,2,0.5511484137355279,0.759940577301105,6,1.7917594692280547,0.16666666666666666,"10,1,8,2,9,6",180.0
2025-12-03,"mercury,venus,earth,mars,jupiter,saturn",3.778679001793618,-2.3631387934757084e-16,19.212681975668616,2,0.5697080371743948,0.7431765651811928,6,1.7917594692280547,0.16666666666666666,"10,1,8,2,9,6",185.0
2025-12-04,"mercury,venus,earth,mars,jupiter,saturn",3.7258515368616223,-3.343321360981214e-16,19.053720907128756,2,0.584675956598695,0.7285700122510094,6,1.7917594692280547,0.16666666666666666,"10,1,8,2,9,6",184.0
2025-12-05,"mercury,venus,earth,mars,jupiter,saturn",3.684437791984429,-3.4435190603114214e-16,18.936910182193046,2,0.5958960786311448,0.7168583318184695,6,1.7917594692280547,0.16666666666666666,"10,1,8,2,9,6",175.0
2025-12-06,"mercury,venus,earth,mars,jupiter,saturn",3.6555183639167526,-2.895982998742545e-16,18.859408650864196,2,0.6034458069276611,0.7085489665297796,6,1.7917594692280547,0.16666666666666666,"11,1,8,2,9,6",167.0
2025-12-07,"mercury,venus,earth,mars,jupiter,saturn",3.6393462191583303,-3.6449675289083857e-16,18.81752717590411,2,0.6075611034949162,0.7038566108655384,6,1.7917594692280547,0.16666666666666666,"11,1,8,2,9,6",161.0
2025-12-08,"mercury,venus,earth,mars,jupiter,saturn",3.63533906640209,-2.411671567564338e-16,18.807311458593354,2,0.608568707013314,0.7026889599188705,6,1.7917594692280547,0.16666666666666666,"11,1,8,2,9,6",166.0
2025-12-09,"mercury,venus,earth,mars,jupiter,saturn",3.64222937337482,-6.163908553854639e-16,18.82491713605083,2,0.6068331430899665,0.7046955220254051,6,1.7917594692280547,0.16666666666666666,"11,1,8,3,9,6",155.0
2025-12-10,"mercury,venus,earth,mars,jupiter,saturn",3.658339761079408,-7.364535199000338e-16,18.866822482036184,2,0.6027199217079655,0.7093642726663396,6,1.7917594692280547,0.16666666666666666,"11,2,8,3,9,6",132.0
2025-12-11,"mercury,venus,earth,mars,jupiter,saturn",3.6818823865360955,-4.745388417282642e-16,18.929927178136317,2,0.5965728500933849,0.7161283707388973,6,1.7917594692280547,0.16666666666666666,"11,2,8,3,9,6",120.0
2025-12-12,"mercury,venus,earth,mars,jupiter,saturn",3.711188447138351,-4.554265258311983e-16,19.011578014686123,2,0.5887021046916763,0.7244490530735439,6,1.7917594692280547,0.16666666666666666,"11,2,8,3,9,6",98.0
2025-12-13,"mercury,venus,earth,mars,jupiter,saturn",3.744832809471348,-1.1508061043471685e-15,19.10955182812996,2,0.5793797180230933,0.733861939674041,6,1.7917594692280547,0.16666666666666666,"0,2,8,3,9,6",87.0
2025-12-14,"mercury,venus,earth,mars,jupiter,saturn",3.7816700920749695,-6.230271835012936e-16,19.22201626568898,2,0.5688397270540342,0.7439921227629714,6,1.7917594692280547,0.16666666666666666,"0,2,8,3,9,6",72.0
2025-12-15,"mercury,venus,earth,mars,jupiter,saturn",3.8208170907246815,-6.968511630285406e-16,19.34748139285147,2,0.5572809592744395,0.7545500597389251,6,1.7917594692280547,0.16666666666666666,"0,2,8,3,9,6",77.0
2025-12-16,"mercury,venus,earth,mars,jupiter,saturn",3.8616118029124866,-4.5960973510567e-16,19.48474979783621,2,0.5448710877462004,0.7653188196467894,6,1.7917594692280547,0.16666666666666666,"0,2,8,3,9,6",77.0
2025-12-17,"mercury,venus,earth,mars,jupiter,saturn",3.9035677347420754,-4.2297139599475473e-16,19.632869302533848,2,0.5317510946501915,0.7761392807597797,6,1.7917594692280547,0.16666666666666666,"0,2,8,3,9,6",82.0
2025-12-18,"mercury,venus,earth,mars,jupiter,saturn",3.9463324399228874,-1.3449777396192636e-15,19.79109017370081,2,0.518039643041049,0.7868965069484889,6,1.7917594692280547,0.16666666666666666,"0,2,8,3,9,6",71.0
2025-12-19,"mercury,venus,earth,mars,jupiter,saturn",3.98965332742034,-3.0285789929348334e-16,19.958827416948296,2,0.5038370951187898,0.7975084578104914,6,1.7917594692280547,0.16666666666666666,"0,2,8,3,9,6",50.0
2025-12-20,"mercury,venus,earth,mars,jupiter,saturn",4.03335086223578,-1.0849425853836173e-15,20.135628008966854,2,0.48922906430414526,0.8079171491772512,6,1.7917594692280547,0.16666666666666666,"0,2,8,3,9,6",58.0
2025-12-21,"mercury,venus,earth,mars,jupiter,saturn",4.07729813826164,-5.333616431880753e-16,20.321142557403995,2,0.47428947579560543,0.81808195879295,6,1.7917594692280547,0.16666666666666666,"0,2,8,3,9,6",69.0
2025-12-22,"mercury,venus,earth,mars,jupiter,saturn",4.121405530086052,-6.698867113995962e-16,20.515100725815152,2,0.4590831575434495,0.8279746597612165,5,1.5607104090414063,0.3333333333333333,"1,2,9,3,9,6",82.0
2025-12-23,"mercury,venus,earth,mars,jupiter,saturn",4.165609224876328,-4.992465105094323e-16,20.71728973023359,2,0.4436680058643091,0.8375757852655719,5,1.5607104090414063,0.3333333333333333,"1,2,9,3,9,6",114.0
2025-12-24,"mercury,venus,earth,mars,jupiter,saturn",4.209862646686239,-5.876652774559769e-16,20.927535247693257,2,0.4280967773973235,0.8468719939639132,5,1.5607104090414063,0.3333333333333333,"1,2,9,3,9,6",131.0
2025-12-25,"mercury,venus,earth,mars,jupiter,saturn",4.254130005744968,-5.227222221432569e-16,21.145684142619743,2,0.4124185583005646,0.8558541773213852,5,1.5607104090414063,0.3333333333333333,"1,2,9,3,9,6",127.0
2025-12-26,"mercury,venus,earth,mars,jupiter,saturn",4.29838139548618,-6.95308839919943e-16,21.371588496289274,2,0.3966799565606449,0.8645161132626945,5,1.5607104090414063,0.3333333333333333,"1,2,9,3,9,6",127.0
2025-12-27,"mercury,venus,earth,mars,jupiter,saturn",4.342589011664414,-4.893433594371244e-16,21.605090508484057,2,0.3809260564804747,0.8728535211099056,5,1.5607104090414063,0.3333333333333333,"1,2,9,3,9,6",147.0
2025-12-28,"mercury,venus,earth,mars,jupiter,saturn",4.3867241840568685,-4.314200798352386e-16,21.84600792529637,2,0.3652011672449414,0.8808634114202052,4,1.3296613488547582,0.3333333333333333,"1,3,9,3,9,6",161.0
2025-12-29,"mercury,venus,earth,mars,jupiter,saturn",4.430754998593436,-2.2860689105685135e-16,22.094119732000205,2,0.349549390749162,0.8885436530484234,4,1.3296613488547582,0.3333333333333333,"1,3,9,3,9,6",147.0
2025-12-30,"mercury,venus,earth,mars,jupiter,saturn",4.474644353016239,-1.5971947752407488e-16,22.349151935765367,2,0.3340150280539778,0.8958927006951967,4,1.3296613488547582,0.3333333333333333,"1,3,9,3,9,6",146.0
2025-12-31,"mercury,venus,earth,mars,jupiter,saturn",4.51834833800468,-9.809020820084241e-16,22.610763351043147,2,0.31864283914840275,0.9029094412510308,4,1.3296613488547582,0.3333333333333333,"1,3,9,3,9,6",145.0
2026-01-01,"mercury,venus,earth,mars,jupiter,saturn",4.56181487249483,-2.644304124212222e-16,22.878531391892082,2,0.3034781672754158,0.9095931279177267,4,1.3296613488547582,0.3333333333333333,"1,3,9,3,9,6",123.0
2026-01-02,"mercury,venus,earth,mars,jupiter,saturn",4.604982549895874,-7.741961392212534e-16,23.15193797094052,2,0.288566936977074,0.9159433785397294,4,1.3296613488547582,0.3333333333333333,"2,3,9,3,9,6",117.0
2026-01-03,"mercury,venus,earth,mars,jupiter,saturn",4.647779673333611,-4.449946590119792e-16,23.43035570370284,2,0.2739555342537237,0.9219602196836993,4,1.3296613488547582,0.3333333333333333,"2,3,9,3,9,6",117.0
2026-01-04,"mercury,venus,earth,mars,jupiter,saturn",4.690123474462761,-3.4918500450402577e-16,23.713034717860154,2,0.25969057778350313,0.9276441614256473,4,1.3296613488547582,0.3333333333333333,"2,3,9,3,9,6",118.0
2026-01-05,"mercury,venus,earth,mars,jupiter,saturn",4.731919522752976,-1.370582486010506e-16,23.99909046658579,2,0.2458185919339438,0.9329962900463282,4,1.3296613488547582,0.3333333333333333,"2,3,9,3,9,6",106.0
2026-01-06,"mercury,venus,earth,mars,jupiter,saturn",4.773061341013018,-4.0472758899579275e-16,24.287493037989766,2,0.23238559517371699,0.938018367290436,4,1.3296613488547582,0.3333333333333333,"2,3,9,3,9,6",111.0
2026-01-07,"mercury,venus,earth,mars,jupiter,saturn",4.813430248517015,-3.7689560985063064e-16,24.577058532472968,2,0.2194366212365269,0.942712925825761,4,1.3296613488547582,0.3333333333333333,"2,3,9,3,9,6",118.0
2026-01-08,"mercury,venus,earth,mars,jupiter,saturn",4.852895455478648,-4.77473917996092e-16,24.866443137866852,2,0.20701519468955534,0.9470833512953144,4,1.3296613488547582,0.3333333333333333,"2,3,9,3,9,6",82.0
2026-01-09,"mercury,venus,earth,mars,jupiter,saturn",4.891314431720823,-1.7628095719148168e-16,25.15414055927092,2,0.19516278701542353,0.9511339420874194,4,1.3296613488547582,0.3333333333333333,"2,3,9,3,9,6",65.0
2026-01-10,"mercury,venus,earth,mars,jupiter,saturn",4.928533568131591,-1.2333919692702904e-15,25.43848344682073,2,0.1839182834519298,0.9548699388066588,4,1.3296613488547582,0.3333333333333333,"2,3,9,3,9,6",65.0
2026-01-11,"mercury,venus,earth,mars,jupiter,saturn",4.96438914187697,-2.9467591129037344e-16,25.717649401448284,2,0.1733174941199475,0.9582975165140122,4,1.3296613488547582,0.3333333333333333,"2,3,9,3,9,6",64.0
2026-01-12,"mercury,venus,earth,mars,jupiter,saturn",4.998708585509708,-2.819971024028661e-16,25.989672019580436,2,0.16339274487021455,0.961423734167302,3,1.0114042647073518,0.5,"3,3,9,3,9,6",57.0
2026-01-13,"mercury,venus,earth,mars,jupiter,saturn",5.0313120464492,-1.4283439769935964e-16,26.252457260099273,2,0.1541725833044569,0.9642564373286064,3,1.0114042647073518,0.5,"3,3,9,3,9,6",48.0
2026-01-14,"mercury,venus,earth,mars,jupiter,saturn",5.062014207468385,-7.862059815472017e-16,26.503805183602942,2,0.14568163319593047,0.9668041120549937,4,1.3296613488547582,0.3333333333333333,"3,4,9,3,9,6",64.0
2026-01-15,"mercury,venus,earth,mars,jupiter,saturn",5.090626321761066,-2.232146677214378e-16,26.74143683448041,2,0.13794062584553787,0.9690756898444767,4,1.3296613488547582,0.3333333333333333,"3,4,9,3,9,6",95.0
2026-01-16,"mercury,venus,earth,mars,jupiter,saturn",5.116958399099839,-2.736167412193813e-16,26.963025727038705,2,0.13096662979156926,0.9710803054221632,4,1.3296613488547582,0.3333333333333333,"3,4,9,3,9,6",136.0
2026-01-17,"mercury,venus,earth,mars,jupiter,saturn",5.140821463953767,-7.405811250117928e-16,27.166233081050297,2,0.12477349104478998,0.9728270108483511,4,1.3296613488547582,0.3333333333333333,"3,4,9,3,9,6",134.0
2026-01-18,"mercury,venus,earth,mars,jupiter,saturn",5.1620297937206345,-4.929519525121693e-16,27.348745657871376,2,0.1193724852283679,0.9743244507299815,4,1.3296613488547582,0.3333333333333333,"3,4,9,3,9,6",139.0
2026-01-19,"mercury,venus,earth,mars,jupiter,saturn",5.180403036878392,-1.2699956405971824e-15,27.50831480645703,2,0.11477317150049722,0.9755805040517973,5,1.5607104090414063,0.3333333333333333,"3,4,10,3,9,6",164.0
2026-01-20,"mercury,venus,earth,mars,jupiter,saturn",5.1957681080774805,-1.872306495548434e-16,27.642795168900314,2,0.11098442694799335,0.9766018981787722,5,1.5607104090414063,0.3333333333333333,"3,4,10,3,9,6",168.0
2026-01-21,"mercury,venus,earth,mars,jupiter,saturn",5.207960760798798,-1.5798262384180845e-16,27.750181442454412,2,0.10801563035645871,0.9773937998302712,5,1.5607104090414063,0.3333333333333333,"4,4,10,3,9,6",164.0
2026-01-22,"mercury,venus,earth,mars,jupiter,saturn",5.216826748520258,-4.808345735468812e-16,27.828641665909803,2,0.10587795690622535,0.9779593862612158,5,1.5607104090414063,0.3333333333333333,"4,4,10,3,9,6",189.0
2026-01-23,"mercury,venus,earth,mars,jupiter,saturn",5.222222502175845,-9.383971616905703e-16,27.87654569835335,2,0.10458574118351936,0.9782993975413052,5,1.5607104090414063,0.3333333333333333,"4,4,10,3,9,6",170.0
2026-01-24,"mercury,venus,earth,mars,jupiter,saturn",5.224015274408042,-5.537984492900693e-16,27.892487881600555,2,0.10415786527392945,0.9784116677971476,4,1.242453324894,0.5,"4,4,10,4,9,6",158.0
2026-01-25,"mercury,venus,earth,mars,jupiter,saturn",5.2220827287779645,-6.973947530375974e-16,27.875303307066652,2,0.10461913136759399,0.9782906297305786,4,1.242453324894,0.5,"4,4,10,4,9,6",153.0
2026-01-26,"mercury,venus,earth,mars,jupiter,saturn",5.216311983771893,-9.907969525213004e-16,27.824077618821807,2,0.1060015832805078,0.9779267828679401,4,1.242453324894,0.5,"4,4,10,4,9,6",138.0
2026-01-27,"mercury,venus,earth,mars,jupiter,saturn",5.206598156557812,-2.3664663042904767e-16,27.738150849048665,2,0.10834574681650386,0.9773061121268273,4,1.242453324894,0.5,"4,4,10,4,9,6",97.0
2026-01-28,"mercury,venus,earth,mars,jupiter,saturn",5.192842490250989,-5.933757623857374e-16,27.61711637410032,2,0.1117017623614289,0.9764094398300318,4,1.242453324894,0.5,"4,4,10,4,9,6",117.0
2026-01-29,"mercury,venus,earth,mars,jupiter,saturn",5.174950192556936,-1.483263193291084e-16,27.460816680206904,2,0.1161303810513327,0.9752116918921615,5,1.5607104090414063,0.3333333333333333,"5,4,10,4,9,6",96.0
2026-01-30,"mercury,venus,earth,mars,jupiter,saturn",5.152828166705653,-3.870395795460066e-16,27.269338230722447,2,0.12170378386002255,0.9736810585920739,5,1.5607104090414063,0.3333333333333333,"5,4,10,4,9,6",83.0
2026-01-31,"mercury,venus,earth,mars,jupiter,saturn",5.1263828840646415,-6.664908768595191e-16,27.043008339286125,2,0.12850615535415927,0.9717780338755255,5,1.5607104090414063,0.3333333333333333,"5,4,10,4,9,6",109.0
2026-02-01,"mercury,venus,earth,mars,jupiter,saturn",5.09551874220613,-7.73161412166817e-16,26.78239759787432,2,0.1366338932947092,0.9694543275033259,5,1.5607104090414063,0.3333333333333333,"5,4,10,4,9,6",103.0
2026-02-02,"mercury,venus,earth,mars,jupiter,saturn",5.060137388602806,-4.498371817723994e-16,26.488332119838375,2,0.14619525186946294,0.966651666692114,5,1.5607104090414063,0.3333333333333333,"5,5,10,4,9,6",131.0
2026-02-03,"mercury,venus,earth,mars,jupiter,saturn",5.020138692559705,-1.2535796760067104e-15,26.161920674353663,2,0.15730908684190653,0.9633005468608501,5,1.5607104090414063,0.3333333333333333,"5,5,10,4,9,6",165.0
2026-02-04,"mercury,venus,earth,mars,jupiter,saturn",4.9754243516694725,-8.152095312040416e-16,25.80460273833751,2,0.17010217779949613,0.959319069167753,5,1.5607104090414063,0.3333333333333333,"5,5,10,4,9,6",148.0
2026-02-05,"mercury,venus,earth,mars,jupiter,saturn",4.925905574700947,-1.1333732123672555e-15,25.418224565328362,2,0.18470432450544363,0.9546121393532666,5,1.5607104090414063,0.3333333333333333,"5,5,10,4,9,6",138.0
2026-02-06,"mercury,venus,earth,mars,jupiter,saturn",4.871516961427926,-1.0994543686550625e-15,25.00515147382483,2,0.20124002886496123,0.9490715355322715,5,1.5607104090414063,0.3333333333333333,"6,5,10,4,9,6",139.0
2026-02-07,"mercury,venus,earth,mars,jupiter,saturn",4.81223969600104,-3.020587992566682e-16,24.568425431523885,2,0.21981506837628656,0.9425777389076986,5,1.5607104090414063,0.3333333333333333,"6,5,10,4,9,6",141.0
2026-02-08,"mercury,venus,earth,mars,jupiter,saturn",4.748138596528634,-1.4911155474883641e-16,24.1119771053462,2,0.24049566235629544,0.935005040579861,5,1.5607104090414063,0.3333333333333333,"6,5,10,4,9,6",141.0
2026-02-09,"mercury,venus,earth,mars,jupiter,saturn",4.679419516313185,-2.647876972024344e-16,23.64089982354723,2,0.26327733570575795,0.9262323842615551,5,1.5607104090414063,0.3333333333333333,"6,5,10,4,9,6",117.0
2026-02-10,"mercury,venus,earth,mars,jupiter,saturn",4.606516040969756,-3.452032895656736e-16,23.161787579786278,2,0.28804028549289795,0.9161637443834754,5,1.5607104090414063,0.3333333333333333,"6,5,10,4,9,6",112.0
2026-02-11,"mercury,venus,earth,mars,jupiter,saturn",4.530216900985809,-1.2353392466704044e-16,22.683127528125222,2,0.314488677739556,0.9047634698756065,5,1.5607104090414063,0.3333333333333333,"6,5,10,4,9,6",92.0
2026-02-12,"mercury,venus,earth,mars,jupiter,saturn",4.451846332223378,-2.70031058201918e-16,22.215715544780952,2,0.34207399163331986,0.8921133206707235,6,1.7917594692280547,0.16666666666666666,"7,5,10,4,9,6",80.0
2026-02-13,"mercury,venus,earth,mars,jupiter,saturn",4.373504111755903,-9.886647893142344e-17,21.773027090020744,2,0.36990902547883614,0.878496964912726,6,1.7917594692280547,0.16666666666666666,"7,5,10,4,9,6",65.0
2026-02-14,"mercury,venus,earth,mars,jupiter,saturn",4.2983493785169955,-9.784890565933766e-16,21.371422217390936,2,0.39669135917629655,0.8645099606315767,6,1.7917594692280547,0.16666666666666666,"7,5,10,4,9,6",77.0
2026-02-15,"mercury,venus,earth,mars,jupiter,saturn",4.230852787274802,-6.104257211478196e-16,21.0299971678843,2,0.4206731784921329,0.8511706000097281,6,1.7917594692280547,0.16666666666666666,"7,5,10,4,9,6",72.0
2026-02-16,"mercury,venus,earth,mars,jupiter,saturn",4.176825058176805,-9.623419200778699e-16,20.76983443510568,2,0.4397332143900325,0.8399618023495766,6,1.7917594692280547,0.16666666666666666,"7,5,10,4,9,6",75.0
2026-02-17,"mercury,venus,earth,mars,jupiter,saturn",4.142889199919388,-5.282367982315524e-16,20.612391446584756,2,0.45161079855245756,0.8326802335035469,6,1.7917594692280547,0.16666666666666666,"7,5,11,4,9,6",66.0
2026-02-18,"mercury,venus,earth,mars,jupiter,saturn",4.1350931009155,-7.856949301892478e-16,20.576872695491932,2,0.45432693317349626,0.8309812285996738,6,1.7917594692280547,0.16666666666666666,"8,5,11,4,9,6",43.0
2026-02-19,"mercury,venus,earth,mars,jupiter,saturn",4.156874530690718,-3.7251005916815387e-16,20.67671735952175,2,0.44672620903841853,0.8357035385961699,6,1.7917594692280547,0.16666666666666666,"8,5,11,4,9,6",43.0
2026-02-20,"mercury,venus,earth,mars,jupiter,saturn",4.207435508099842,-3.382591489381129e-16,20.915801012440646,2,0.428953779218858,0.8463703371575384,6,1.7917594692280547,0.16666666666666666,"8,5,11,4,9,6",33.0
2026-02-21,"mercury,venus,earth,mars,jupiter,saturn",4.281685990416278,-1.8552674555449553e-16,21.28543795605872,2,0.4026234057603464,0.8612853049287972,6,1.7917594692280547,0.16666666666666666,"8,5,11,4,9,6",15.0
2026-02-22,"mercury,venus,earth,mars,jupiter,saturn",4.371761088406412,-6.026308079996676e-16,21.763456967331887,2,0.3705299371016528,0.8781828660213769,4,1.3296613488547582,0.3333333333333333,"9,6,11,4,9,6",4.0
2026-02-23,"mercury,venus,earth,mars,jupiter,saturn",4.469046636761993,-4.3732422143668246e-16,22.31619604196345,2,0.335991515495429,0.8949723243153785,4,1.3296613488547582,0.3333333333333333,"9,6,11,4,9,6",8.0
2026-02-24,"mercury,venus,earth,mars,jupiter,saturn",4.5657644549781375,-5.763390343819185e-16,22.903236656945968,2,0.3021073061471456,0.9101859868360433,4,1.3296613488547582,0.3333333333333333,"9,6,11,4,9,6",5.0
2026-02-25,"mercury,venus,earth,mars,jupiter,saturn",4.655833846420663,-4.1323617593014376e-16,23.4835714539045,2,0.2712268377801264,0.923061845512946,4,1.3296613488547582,0.3333333333333333,"9,6,11,4,9,6",15.0
2026-02-26,"mercury,venus,earth,mars,jupiter,saturn",4.7351302190243265,-3.9257048493748494e-16,24.021353753942815,2,0.24476212136561787,0.9333969442682702,5,1.5607104090414063,0.3333333333333333,"10,6,11,4,9,6",34.0
2026-02-27,"mercury,venus,earth,mars,jupiter,saturn",4.801350533426497,-2.994234444914122e-16,24.489727488551853,2,0.22328632230371043,0.9413321138673926,5,1.5607104090414063,0.3333333333333333,"10,6,11,4,9,6",47.0
2026-02-28,"mercury,venus,earth,mars,jupiter,saturn",4.853669316506801,-3.3353742468438835e-16,24.872179869917584,2,0.20677407630881234,0.9471669132826056,5,1.5607104090414063,0.3333333333333333,"10,6,11,4,9,6",59.0
2026-03-01,"mercury,venus,earth,mars,jupiter,saturn",4.892324811986459,-3.111908617376118e-16,25.161786388119175,2,0.19485439214855024,0.9512377895903222,5,1.5607104090414063,0.3333333333333333,"10,6,11,4,9,6",76.0
2026-03-02,"mercury,venus,earth,mars,jupiter,saturn",4.918228785602615,-8.398859957938535e-16,25.35920334782897,2,0.1870074425273686,0.9538538752874908,5,1.5607104090414063,0.3333333333333333,"10,6,11,4,9,6",76.0
2026-03-03,"mercury,venus,earth,mars,jupiter,saturn",4.932649602912056,-3.8423638073364426e-16,25.470268975272255,2,0.1826896231134735,0.9552718948013538,4,1.3296613488547582,0.3333333333333333,"11,6,11,4,9,6",79.0
2026-03-04,"mercury,venus,earth,mars,jupiter,saturn",4.936983211627902,-1.6085304469419759e-16,25.503807924256687,2,0.18139927298092845,0.9556927069198093,4,1.3296613488547582,0.3333333333333333,"11,6,11,4,9,6",66.0
2026-03-05,"mercury,venus,earth,mars,jupiter,saturn",4.932604712647688,-3.818574022930274e-17,25.469921950696108,2,0.18270300688962618,0.9552675229367639,4,1.3296613488547582,0.3333333333333333,"11,6,11,4,9,6",85.0
2026-03-06,"mercury,venus,earth,mars,jupiter,saturn",4.920783378169639,-3.124546211030529e-16,25.37881757170554,2,0.18623988897291943,0.9541070613891227,4,1.3296613488547582,0.3333333333333333,"11,6,11,4,9,6",83.0
2026-03-07,"mercury,venus,earth,mars,jupiter,saturn",4.902642428422028,-4.720738703324965e-16,25.24009642086334,2,0.19171511234081928,0.9522904500909862,4,1.3296613488547582,0.3333333333333333,"11,6,11,4,9,6",81.0
2026-03-08,"mercury,venus,earth,mars,jupiter,saturn",4.879147558796968,-1.014603640285789e-16,25.062391095465216,2,0.19888992319912716,0.949872692108052,4,1.3296613488547582,0.3333333333333333,"11,6,11,4,9,6",75.0
2026-03-09,"mercury,venus,earth,mars,jupiter,saturn",4.8511122362049806,-7.256631400632321e-16,24.85323302205561,2,0.2075711727021185,0.9468904873411617,4,1.3296613488547582,0.3333333333333333,"11,6,11,4,9,6",77.0
2026-03-10,"mercury,venus,earth,mars,jupiter,saturn",4.819211606503384,-1.6708050769902648e-16,24.61906173847325,2,0.2176019211524124,0.943366597597119,4,1.3296613488547582,0.3333333333333333,"11,6,11,4,9,6",80.0
2026-03-11,"mercury,venus,earth,mars,jupiter,saturn",4.783999876172964,-4.253245742370242e-16,24.365311116370304,2,0.22885350795559484,0.9393130547734355,5,1.5607104090414063,0.3333333333333333,"0,6,11,4,9,6",108.0
2026-03-12,"mercury,venus,earth,mars,jupiter,saturn",4.745928175651921,-2.397685082006059e-16,24.09653038907049,2,0.24121904280391626,0.9347335024905887,5,1.5607104090414063,0.3333333333333333,"0,6,11,4,9,6",96.0
2026-03-13,"mercury,venus,earth,mars,jupiter,saturn",4.705361321780554,-3.968908638762081e-16,23.816514475650237,2,0.25460810480712165,0.9296249117873477,5,1.5607104090414063,0.3333333333333333,"0,6,11,5,9,6",79.0
2026-03-14,"mercury,venus,earth,mars,jupiter,saturn",4.662592767312279,-9.57495730349459e-16,23.528429419838197,2,0.26894240341329584,0.9239788566364187,5,1.5607104090414063,0.3333333333333333,"0,6,11,5,9,6",57.0
2026-03-15,"mercury,venus,earth,mars,jupiter,saturn",4.617857530520594,-3.4256393826849633e-16,23.23492597812439,2,0.2841521776514062,0.9177824879779176,6,1.7917594692280547,0.16666666666666666,"0,7,11,5,9,6",64.0
2026-03-16,"mercury,venus,earth,mars,jupiter,saturn",4.571343169900886,-4.873050547954543e-16,22.93823871518833,2,0.300173150152332,0.9110193086953366,6,1.7917594692280547,0.16666666666666666,"0,7,11,5,9,6",69.0
2026-03-17,"mercury,venus,earth,mars,jupiter,saturn",4.523198999641145,-3.5215228108559197e-16,22.64027038501557,2,0.3169438932414032,0.9036698255995931,6,1.7917594692280547,0.16666666666666666,"0,7,11,5,9,6",63.0
2026-03-18,"mercury,venus,earth,mars,jupiter,saturn",4.47354379088102,-3.557613951984994e-16,22.342662607288013,2,0.33440350045151906,0.8957121360460486,6,1.7917594692280547,0.16666666666666666,"0,7,11,5,9,6",61.0
2026-03-19,"mercury,venus,earth,mars,jupiter,saturn",4.422472209216606,-2.871116616882468e-16,22.046854371987145,2,0.3524894870871895,0.8871224942703863,6,1.7917594692280547,0.16666666666666666,"0,7,11,5,9,6",34.0
2026-03-20,"mercury,venus,earth,mars,jupiter,saturn",4.370060222920948,-4.79805251674231e-16,21.754130028860395,2,0.3711358687868393,0.8778758942150313,6,1.7917594692280547,0.16666666666666666,"1,7,11,5,9,6",29.0
2026-03-21,"mercury,venus,earth,mars,jupiter,saturn",4.316369691993512,-3.2927156951002714e-16,21.465658331998192,2,0.3902713886840104,0.8679467002503921,6,1.7917594692280547,0.16666666666666666,"1,7,0,5,9,6",41.0
2026-03-22,"mercury,venus,earth,mars,jupiter,saturn",4.261452322801912,-3.1421656633879816e-16,21.182523925404674,2,0.40981788299585015,0.8573093538553327,6,1.7917594692280547,0.16666666666666666,"1,7,0,5,9,6",99.0
2026-03-23,"mercury,venus,earth,mars,jupiter,saturn",4.205353150904712,-2.51887828915349e-16,20.905752436791836,2,0.4296887926326477,0.8459391823994117,6,1.7917594692280547,0.16666666666666666,"1,7,0,5,9,6",112.0
2026-03-24,"mercury,venus,earth,mars,jupiter,saturn",4.148113698247061,-4.033055459742149e-16,20.636330128205085,2,0.44978784533748567,0.833813335350123,6,1.7917594692280547,0.16666666666666666,"1,7,0,5,9,6",110.0
2026-03-25,"mercury,venus,earth,mars,jupiter,saturn",4.089774942517489,-1.0587820307068924e-16,20.375218850677992,2,0.4700079491589956,0.8209118735373662,6,1.7917594692280547,0.16666666666666666,"1,7,0,5,9,6",107.0
2026-03-26,"mercury,venus,earth,mars,jupiter,saturn",4.030380238923421,-4.330844475507545e-16,20.12336687352778,2,0.4902303535506783,0.8072190390601729,6,1.7917594692280547,0.16666666666666666,"1,7,0,5,9,6",113.0
2026-03-27,"mercury,venus,earth,mars,jupiter,saturn",3.969978352788024,-5.135457708841979e-16,19.881716009754733,2,0.510324148457804,0.7927247383411318,6,1.7917594692280547,0.16666666666666666,"1,7,0,5,9,6",135.0
2026-03-28,"mercury,venus,earth,mars,jupiter,saturn",3.908626803918596,-6.217950175448597e-16,19.651205337598647,2,0.5301461833196077,0.777426281485173,6,1.7917594692280547,0.16666666666666666,"1,7,0,5,9,6",128.0
2026-03-29,"mercury,venus,earth,mars,jupiter,saturn",3.8463958069755053,-3.9907472274631376e-16,19.43277172413144,2,0.5495414954498927,0.7613304429211581,6,1.7917594692280547,0.16666666666666666,"1,7,0,5,9,6",134.0
2026-03-30,"mercury,venus,earth,mars,jupiter,saturn",3.7833732473437083,-8.060884271072226e-16,19.22734728930765,2,0.5683443388371482,0.7444559518970181,6,1.7917594692280547,0.16666666666666666,"1,7,0,5,9,6",132.0
2026-03-31,"mercury,venus,earth,mars,jupiter,saturn",3.7196714208361232,-3.283622268681874e-16,19.03585390793657,2,0.5863798978414636,0.7268366076930457,6,1.7917594692280547,0.16666666666666666,"2,7,0,5,9,6",137.0
2026-04-01,"mercury,venus,earth,mars,jupiter,saturn",3.655436813391077,-5.204038940293473e-16,18.85919483269649,2,0.6034667533623685,0.708525385905045,6,1.7917594692280547,0.16666666666666666,"2,7,0,5,9,6",129.0
2026-04-02,"mercury,venus,earth,mars,jupiter,saturn",3.59086526968416,-6.301938652191986e-16,18.698243533837868,2,0.6194201399658408,0.6896002483703505,6,1.7917594692280547,0.16666666666666666,"2,7,0,5,9,6",133.0
2026-04-03,"mercury,venus,earth,mars,jupiter,saturn",3.526227085325111,-5.683376193134317e-16,18.55382989065952,2,0.6340559901843346,0.6701730872039613,6,1.7917594692280547,0.16666666666666666,"2,8,0,5,9,6",120.0
2026-04-04,"mercury,venus,earth,mars,jupiter,saturn",3.46191121201216,-4.77757892147113e-16,18.426723935565082,2,0.6471957071273161,0.6504047752473137,6,1.7917594692280547,0.16666666666666666,"2,8,0,5,9,6",106.0
2026-04-05,"mercury,venus,earth,mars,jupiter,saturn",3.398508118903334,-9.161349725405946e-16,18.31761744166373,2,0.6586715409783163,0.6305327355500683,6,1.7917594692280547,0.16666666666666666,"2,8,0,5,9,6",89.0
2026-04-06,"mercury,venus,earth,mars,jupiter,saturn",3.3369745953721655,-2.0530412543987094e-16,18.227103755852482,2,0.6683323735407495,0.6109253340143959,6,1.7917594692280547,0.16666666666666666,"2,8,0,5,9,6",97.0
2026-04-07,"mercury,venus,earth,mars,jupiter,saturn",3.278977064658165,-4.566726144248329e-16,18.15565640521057,2,0.6760496447463951,0.5921950906423081,6,1.7917594692280547,0.16666666666666666,"2,8,0,5,9,6",89.0
2026-04-08,"mercury,venus,earth,mars,jupiter,saturn",3.22760397279322,-4.855344679853882e-16,18.103607136862518,2,0.6817230949532517,0.5754337976092421,6,1.7917594692280547,0.16666666666666666,"2,8,0,5,9,6",70.0
2026-04-09,"mercury,venus,earth,mars,jupiter,saturn",3.1885791333652937,-7.335967800990617e-16,18.071124179081615,2,0.6852859569284693,0.5626123083975876,6,1.7917594692280547,0.16666666666666666,"2,8,0,5,9,6",59.0
2026-04-10,"mercury,venus,earth,mars,jupiter,saturn",3.170574940844377,-2.9683149529820787e-16,18.058191620888124,2,0.686709221105932,0.556675090537993,6,1.7917594692280547,0.16666666666666666,"3,8,0,5,9,6",28.0
2026-04-11,"mercury,venus,earth,mars,jupiter,saturn",3.17970932621719,-7.598439531188576e-16,18.064590883858873,2,0.6860046240915907,0.5596889220594853,6,1.7917594692280547,0.16666666666666666,"3,8,0,5,9,6",39.0
2026-04-12,"mercury,venus,earth,mars,jupiter,saturn",3.2119968022628336,-5.065999727423371e-16,18.089885288339342,2,0.6832260762596191,0.5703144764769134,6,1.7917594692280547,0.16666666666666666,"3,8,0,5,9,6",38.0
2026-04-13,"mercury,venus,earth,mars,jupiter,saturn",3.2582718369037584,-2.2128471910119746e-16,18.133408683475288,2,0.6784693467927834,0.5854572379893861,6,1.7917594692280547,0.16666666666666666,"3,8,0,5,9,6",53.0
2026-04-14,"mercury,venus,earth,mars,jupiter,saturn",3.3116560660409924,-6.334948500478459e-16,18.19425900700029,2,0.6718699547597085,0.6027761776682685,6,1.7917594692280547,0.16666666666666666,"3,8,0,5,9,6",53.0
2026-04-15,"mercury,venus,earth,mars,jupiter,saturn",3.3683052150955666,-3.637663556956957e-16,18.271297462933177,2,0.6635993586366902,0.6209455045574332,6,1.7917594692280547,0.16666666666666666,"3,8,0,5,9,6",49.0
2026-04-16,"mercury,venus,earth,mars,jupiter,saturn",3.4261183856606587,-3.34316659833426e-16,18.363153757196088,2,0.6538596767355407,0.6392304583281093,6,1.7917594692280547,0.16666666666666666,"3,8,0,5,9,6",50.0
2026-04-17,"mercury,venus,earth,mars,jupiter,saturn",3.4838582049624303,-1.5687818051658818e-16,18.468237525018928,2,0.6428772897000381,0.6571968752211296,6,1.7917594692280547,0.16666666666666666,"3,8,0,5,9,6",48.0
2026-04-18,"mercury,venus,earth,mars,jupiter,saturn",3.540719770488365,-4.159611783125684e-16,18.58475574039398,2,0.6308957588849575,0.6745688061898312,6,1.7917594692280547,0.16666666666666666,"3,8,0,5,9,6",41.0
2026-04-19,"mercury,venus,earth,mars,jupiter,saturn",3.5961273119085146,-7.499473910989044e-16,18.710735544006543,2,0.6181685318480381,0.691161050993359,6,1.7917594692280547,0.16666666666666666,"4,8,0,5,9,6",36.0
2026-04-20,"mercury,venus,earth,mars,jupiter,saturn",3.649635125736605,-4.949712514858799e-16,18.844051593181632,2,0.6049518961496203,0.706845684705617,6,1.7917594692280547,0.16666666666666666,"4,9,0,5,10,6",37.0
2026-04-21,"mercury,venus,earth,mars,jupiter,saturn",3.700876864023595,-7.402799065287593e-16,18.982456757047093,2,0.5914985899063034,0.7215340847585706,6,1.7917594692280547,0.16666666666666666,"4,9,0,5,10,6",50.0
2026-04-22,"mercury,venus,earth,mars,jupiter,saturn",3.749538117938181,-4.2758582224961104e-16,19.123614780484623,2,0.5780523923899847,0.7351662465099664,6,1.7917594692280547,0.16666666666666666,"4,9,0,5,10,6",71.0
2026-04-23,"mercury,venus,earth,mars,jupiter,saturn",3.79534063231987,-3.3394298263170715e-16,19.265133442837936,2,0.5648439139457738,0.747703645971541,6,1.7917594692280547,0.16666666666666666,"4,9,1,5,10,6",68.0
2026-04-24,"mercury,venus,earth,mars,jupiter,saturn",3.83803244386194,-7.44983175737071e-16,19.404596753930434,2,0.5520876957526775,0.7591238935255468,6,1.7917594692280547,0.16666666666666666,"4,9,1,5,10,6",94.0
2026-04-25,"mercury,venus,earth,mars,jupiter,saturn",3.877381007032638,-4.827675038191495e-16,19.539594863003217,2,0.5399806288195077,0.7694163353490694,6,1.7917594692280547,0.16666666666666666,"4,9,1,5,10,6",114.0
2026-04-26,"mercury,venus,earth,mars,jupiter,saturn",3.913167728097227,-3.264564839626428e-16,19.6677505992765,2,0.5287016169998365,0.7785781902677227,6,1.7917594692280547,0.16666666666666666,"4,9,1,5,10,6",115.0
2026-04-27,"mercury,venus,earth,mars,jupiter,saturn",3.9451830255668274,-2.7074076837864723e-16,19.786741903639324,2,0.5184123453868889,0.7866110136281655,5,1.5607104090414063,0.3333333333333333,"5,9,1,5,10,6",117.0
2026-04-28,"mercury,venus,earth,mars,jupiter,saturn",3.973221412503883,-2.9986640212413454e-16,19.894319835512107,2,0.5092589736206325,0.7935173719585968,5,1.5607104090414063,0.3333333333333333,"5,9,1,5,10,6",128.0
2026-04-29,"mercury,venus,earth,mars,jupiter,saturn",3.997076310164475,-3.3386481165921507e-16,19.988322336582414,2,0.5013745500745459,0.7992976479090401,5,1.5607104090414063,0.3333333333333333,"5,9,1,5,10,6",123.0
2026-04-30,"mercury,venus,earth,mars,jupiter,saturn",4.016534431729983,-5.726490375919428e-16,20.066684501785197,2,0.4948819312313818,0.8039469021321033,5,1.5607104090414063,0.3333333333333333,"5,9,1,5,10,6",135.0
2026-05-01,"mercury,venus,earth,mars,jupiter,saturn",4.031369661824197,-3.410959031860763e-16,20.127446758662714,2,0.4898969820135569,0.8074517123381194,5,1.5607104090414063,0.3333333333333333,"5,9,1,5,10,6",157.0
2026-05-02,"mercury,venus,earth,mars,jupiter,saturn",4.0413364290053835,-4.550169191108242e-16,20.168763116747375,2,0.48653181640049215,0.8097868985750635,5,1.5607104090414063,0.3333333333333333,"5,9,1,5,10,6",139.0
2026-05-03,"mercury,venus,earth,mars,jupiter,saturn",4.046162646084564,-3.414542977399871e-16,20.188912564125317,2,0.4848977998383869,0.8109120343441012,5,1.5607104090414063,0.3333333333333333,"5,9,1,6,10,6",124.0
2026-05-04,"mercury,venus,earth,mars,jupiter,saturn",4.045542399499519,-1.3780205843375905e-15,20.186317818302413,2,0.48510795892928155,0.81076764239337,5,1.5607104090414063,0.3333333333333333,"5,9,1,6,10,6",124.0
2026-05-05,"mercury,venus,earth,mars,jupiter,saturn",4.039128732309461,-9.429220591529428e-16,20.15957704462214,2,0.48727830853715126,0.8092709921471283,4,1.242453324894,0.5,"6,9,1,6,10,6",132.0
2026-05-06,"mercury,venus,earth,mars,jupiter,saturn",4.0265271242682,-3.3321197192652513e-16,20.10751587371669,2,0.4915273857577529,0.8063114700140596,4,1.242453324894,0.5,"6,9,1,6,10,6",104.0
2026-05-07,"mercury,venus,earth,mars,jupiter,saturn",4.0072906811423294,-9.636192825291955e-16,20.02926903263235,2,0.4979729450927019,0.8017456142312189,3,1.0114042647073518,0.5,"6,10,1,6,10,6",70.0
2026-05-08,"mercury,venus,earth,mars,jupiter,saturn",3.9809186803329046,-2.0936699332820257e-16,19.924402914852088,2,0.5067242956212723,0.7953921433505162,3,1.0114042647073518,0.5,"6,10,1,6,10,6",75.0
2026-05-09,"mercury,venus,earth,mars,jupiter,saturn",3.9468610882831965,-2.187440545373326e-16,19.793091841009677,2,0.5178681521515625,0.7870277456060839,3,1.0114042647073518,0.5,"6,10,1,6,10,6",90.0
2026-05-10,"mercury,venus,earth,mars,jupiter,saturn",3.9045331221011828,-2.1742097425140375e-16,19.63636033795623,2,0.5314452082220139,0.7763851670676747,3,1.0114042647073518,0.5,"6,10,1,6,10,6",87.0
2026-05-11,"mercury,venus,earth,mars,jupiter,saturn",3.853346122043677,-5.089836997135386e-16,19.456399208013973,2,0.5474141717802191,0.7631564390472174,4,1.3296613488547582,0.3333333333333333,"7,10,1,6,10,6",79.0
2026-05-12,"mercury,venus,earth,mars,jupiter,saturn",3.792764431031729,-2.3063801807623124e-16,19.256950886218114,2,0.5656003141209819,0.747006216835428,4,1.3296613488547582,0.3333333333333333,"7,10,1,6,10,6",58.0
2026-05-13,"mercury,venus,earth,mars,jupiter,saturn",3.722403937564577,-9.180505070455632e-16,19.043734898017608,2,0.5856277607536166,0.7276036527812968,4,1.3296613488547582,0.3333333333333333,"7,10,1,6,10,6",63.0
2026-05-14,"mercury,venus,earth,mars,jupiter,saturn",3.642200473503869,-4.324402000177503e-16,18.824842896337188,2,0.6068404523141994,0.7046871180939812,4,1.3296613488547582,0.3333333333333333,"7,10,1,6,10,6",50.0
2026-05-15,"mercury,venus,earth,mars,jupiter,saturn",3.552709323974631,-3.6501762285464755e-16,18.61097519361699,2,0.6282276151053054,0.6781881878487033,4,1.3296613488547582,0.3333333333333333,"7,10,1,6,10,6",47.0
2026-05-16,"mercury,venus,earth,mars,jupiter,saturn",3.4557025240136787,-7.028257596332264e-16,18.41532958078487,2,0.6483855964173295,0.6484749502900584,4,1.3296613488547582,0.3333333333333333,"7,10,1,6,10,6",57.0
2026-05-17,"mercury,venus,earth,mars,jupiter,saturn",3.3556136146913196,-6.3039183768991485e-16,18.25292208590765,2,0.6655635686073327,0.6168953484875307,4,1.3296613488547582,0.3333333333333333,"8,10,1,6,10,6",84.0
2026-05-18,"mercury,venus,earth,mars,jupiter,saturn",3.263792476377471,-7.562646883313566e-16,18.139172941186708,2,0.6778416530070426,0.5872561755376969,4,1.3296613488547582,0.3333333333333333,"8,10,1,6,10,6",80.0
2026-05-19,"mercury,venus,earth,mars,jupiter,saturn",3.2095011212085844,-1.7110896392937319e-16,18.087781439575302,2,0.6834567845745851,0.5694947985440177,4,1.3296613488547582,0.3333333333333333,"8,10,1,6,10,6",73.0
2026-05-20,"mercury,venus,earth,mars,jupiter,saturn",3.2326302251722767,-3.1051249022110305e-16,18.108233643327406,2,0.6812170310335731,0.5770799283091858,4,1.3296613488547582,0.3333333333333333,"8,10,1,6,10,6",66.0
2026-05-21,"mercury,venus,earth,mars,jupiter,saturn",3.3190715495494603,-5.488657145469683e-16,18.203613307463783,2,0.6708606949872645,0.6051675436607861,4,1.3296613488547582,0.3333333333333333,"9,10,1,6,10,6",86.0
2026-05-22,"mercury,venus,earth,mars,jupiter,saturn",3.4298240969316103,-8.506113133618619e-16,18.369497508606145,2,0.6531918759770055,0.6403927668887743,4,1.3296613488547582,0.3333333333333333,"9,10,1,6,10,6",107.0
2026-05-23,"mercury,venus,earth,mars,jupiter,saturn",3.5451811613021986,-3.890983712376378e-16,18.594444997277616,2,0.6299085712986422,0.6759174295490998,4,1.3296613488547582,0.3333333333333333,"9,10,1,6,10,6",118.0
2026-05-24,"mercury,venus,earth,mars,jupiter,saturn",3.656504928913077,-1.8419449520856008e-16,18.861997443374328,2,0.6031922505899133,0.7088341696208919,4,1.3296613488547582,0.3333333333333333,"9,10,2,6,10,6",111.0
2026-05-25,"mercury,venus,earth,mars,jupiter,saturn",3.759451754490952,-5.435692122473939e-16,19.153533934798777,2,0.5752374275539247,0.7379044275827827,4,1.3296613488547582,0.3333333333333333,"10,11,2,6,10,6",110.0
2026-05-26,"mercury,venus,earth,mars,jupiter,saturn",3.85178748347302,-9.031096460289896e-16,19.451083834002603,2,0.5478921187693971,0.7627475643235889,4,1.3296613488547582,0.3333333333333333,"10,11,2,6,10,6",146.0
2026-05-27,"mercury,venus,earth,mars,jupiter,saturn",3.932575881846892,-5.363166135995469e-16,19.739395550805014,2,0.5224855176489149,0.7834663947373585,4,1.3296613488547582,0.3333333333333333,"10,11,2,6,10,6",174.0
2026-05-28,"mercury,venus,earth,mars,jupiter,saturn",4.00174440682505,-3.7429257364577954e-16,20.006983713210545,2,0.49982182251731355,0.8004184202430077,4,1.3296613488547582,0.3333333333333333,"10,11,2,6,10,6",154.0
2026-05-29,"mercury,venus,earth,mars,jupiter,saturn",4.059779354418769,-6.30069681738626e-16,20.246264560104525,2,0.4802722816071142,0.8140666322736122,4,1.3296613488547582,0.3333333333333333,"10,11,2,6,10,6",138.0
2026-05-30,"mercury,venus,earth,mars,jupiter,saturn",4.107494650378563,-8.206853875375691e-16,20.45308880123428,2,0.4638997005000943,0.8248882340876736,4,1.3296613488547582,0.3333333333333333,"11,11,2,6,10,6",129.0
2026-05-31,"mercury,venus,earth,mars,jupiter,saturn",4.145861561534065,-7.138184732914185e-16,20.625997436402564,2,0.4505739360144481,0.8333254253716957,4,1.3296613488547582,0.3333333333333333,"11,11,2,6,10,6",113.0
2026-06-01,"mercury,venus,earth,mars,jupiter,saturn",4.17589148124867,-3.558631344755648e-16,20.76544155134638,2,0.4400610616315881,0.8397639713100428,4,1.3296613488547582,0.3333333333333333,"11,11,2,6,10,6",100.0
2026-06-02,"mercury,venus,earth,mars,jupiter,saturn",4.19856191749269,-3.414658605441297e-16,20.8731013401275,2,0.4320842605565852,0.8445281746958745,4,1.3296613488547582,0.3333333333333333,"11,11,2,6,10,6",109.0
2026-06-03,"mercury,venus,earth,mars,jupiter,saturn",4.214774817914198,-5.41642442734273e-16,20.951355716476947,2,0.4263613994727547,0.8478843567985967,4,1.3296613488547582,0.3333333333333333,"11,11,2,6,10,6",127.0
2026-06-04,"mercury,venus,earth,mars,jupiter,saturn",4.2253372641080125,-2.0822370317585844e-16,21.00290282162342,2,0.4226258627131088,0.8500479741818755,4,1.3296613488547582,0.3333333333333333,"11,11,2,6,10,6",127.0
2026-06-05,"mercury,venus,earth,mars,jupiter,saturn",4.230956510667904,-4.949851332211495e-16,21.030507862311403,2,0.42063644401958833,0.8511916646218206,4,1.3296613488547582,0.3333333333333333,"11,11,2,6,10,6",127.0
2026-06-06,"mercury,venus,earth,mars,jupiter,saturn",4.232243490985015,-7.724709331598472e-16,21.036848042149863,2,0.4201806110441224,0.8514528854843845,4,1.3296613488547582,0.3333333333333333,"11,11,2,6,10,6",131.0
2026-06-07,"mercury,venus,earth,mars,jupiter,saturn",4.229720789625191,-3.7267294360784037e-16,21.0244264408728,2,0.4210740541666049,0.8509405956210642,5,1.5607104090414063,0.3333333333333333,"0,11,2,6,10,6",133.0
2026-06-08,"mercury,venus,earth,mars,jupiter,saturn",4.2238325280267235,-7.677560809342388e-16,20.995532113312557,2,0.42315835297493676,0.8497408462205346,5,1.5607104090414063,0.3333333333333333,"0,11,2,6,10,6",132.0
2026-06-09,"mercury,venus,earth,mars,jupiter,saturn",4.214954636127479,-5.268040825519567e-16,20.952229535695313,2,0.42629784987341646,0.847921341943382,5,1.5607104090414063,0.3333333333333333,"0,11,2,6,10,6",116.0
2026-06-10,"mercury,venus,earth,mars,jupiter,saturn",4.203404666358787,-3.4856225555039863e-16,20.896365582028206,2,0.43037634090781896,0.8455351108693564,5,1.5607104090414063,0.3333333333333333,"0,11,2,6,10,6",96.0
2026-06-11,"mercury,venus,earth,mars,jupiter,saturn",4.189450739287382,-2.233205207439164e-16,20.8295861223826,2,0.43529390019783376,0.8426234392653386,5,1.5607104090414063,0.3333333333333333,"0,11,2,6,10,6",83.0
2026-06-12,"mercury,venus,earth,mars,jupiter,saturn",4.173319470756816,-9.743828388643556e-16,20.753357160914106,2,0.440963982231867,0.8392182175614239,5,1.5607104090414063,0.3333333333333333,"0,11,2,6,10,6",69.0
2026-06-13,"mercury,venus,earth,mars,jupiter,saturn",4.155202878423333,-6.903109227332785e-16,20.668987380635112,2,0.44731085007253835,0.8353438241988523,5,1.5607104090414063,0.3333333333333333,"0,11,2,6,10,6",48.0
2026-06-14,"mercury,venus,earth,mars,jupiter,saturn",4.135264343122193,-1.1081591346875292e-15,20.577650257529324,2,0.45426732706759043,0.831018652445063,4,1.3296613488547582,0.3333333333333333,"0,0,2,6,10,6",59.0
2026-06-15,"mercury,venus,earth,mars,jupiter,saturn",4.113643735611385,-3.0689011019464795e-16,20.48040473973296,2,0.4617728459238686,0.8262563654665075,4,1.3296613488547582,0.3333333333333333,"0,0,2,6,10,6",66.0
2026-06-16,"mercury,venus,earth,mars,jupiter,saturn",4.090461829961036,-4.183840998408703e-16,20.378214005203944,2,0.46977176037320234,0.8210669481680486,5,1.5607104090414063,0.3333333333333333,"1,0,2,6,10,6",70.0
2026-06-17,"mercury,venus,earth,mars,jupiter,saturn",4.065824122410001,-8.012360535238938e-16,20.2719621198221,2,0.4782118842539287,0.8154576106970413,5,1.5607104090414063,0.3333333333333333,"1,0,2,6,10,6",53.0
2026-06-18,"mercury,venus,earth,mars,jupiter,saturn",4.039824165663501,-6.488287577072661e-16,20.162468590995587,2,0.48704322667191147,0.8094335877486388,5,1.5607104090414063,0.3333333333333333,"1,0,2,6,10,6",51.0
2026-06-19,"mercury,venus,earth,mars,jupiter,saturn",4.012546517307612,-9.459453584771592e-16,20.050500899423547,2,0.49621689775196803,0.8029988694207804,5,1.5607104090414063,0.3333333333333333,"1,0,2,6,10,6",61.0
2026-06-20,"mercury,venus,earth,mars,jupiter,saturn",3.984069389487457,-4.22450232125291e-16,19.936785126652435,2,0.5056841661198404,0.7961568928699261,5,1.5607104090414063,0.3333333333333333,"1,0,2,6,10,6",88.0
2026-06-21,"mercury,venus,earth,mars,jupiter,saturn",3.9544670764275525,-3.812908851781955e-16,19.822014799968322,2,0.5153956560105737,0.7889112189833732,5,1.5607104090414063,0.3333333333333333,"1,0,2,6,10,6",65.0
2026-06-22,"mercury,venus,earth,mars,jupiter,saturn",3.923812227375887,-3.7321549381732583e-16,19.706858062898394,2,0.5253006784243363,0.781266214358683,5,1.5607104090414063,0.3333333333333333,"1,0,3,6,10,6",70.0
2026-06-23,"mercury,venus,earth,mars,jupiter,saturn",3.8921780254376666,-6.925153871774447e-16,19.591963258147707,2,0.5353466968243167,0.7732277557941938,5,1.5607104090414063,0.3333333333333333,"1,0,3,6,10,6",76.0
2026-06-24,"mercury,venus,earth,mars,jupiter,saturn",3.859640327716576,-4.881916534926146e-16,19.477962986073322,2,0.5454789333094292,0.7648039720574116,5,1.5607104090414063,0.3333333333333333,"1,0,3,6,10,6",90.0
2026-06-25,"mercury,venus,earth,mars,jupiter,saturn",3.8262798193709457,-5.1574386140589555e-16,19.365476679799364,2,0.5556401257928674,0.7560060358027313,6,1.7917594692280547,0.16666666666666666,"1,0,3,7,10,6",87.0
2026-06-26,"mercury,venus,earth,mars,jupiter,saturn",3.792184233835923,-8.923853258297684e-16,19.25511172067641,2,0.565770450220273,0.7468490171319853,6,1.7917594692280547,0.16666666666666666,"1,0,3,7,10,6",104.0
2026-06-27,"mercury,venus,earth,mars,jupiter,saturn",3.7574506938398127,-1.5975154408070592e-16,19.147463107196835,2,0.575807623951682,0.7373528094868445,6,1.7917594692280547,0.16666666666666666,"2,0,3,7,10,6",112.0
2026-06-28,"mercury,venus,earth,mars,jupiter,saturn",3.7221882332511576,-4.50448696559006e-16,19.043111688492857,2,0.585687206740796,0.7275431384528042,6,1.7917594692280547,0.16666666666666666,"2,0,3,7,10,6",130.0
2026-06-29,"mercury,venus,earth,mars,jupiter,saturn",3.686520568387427,-6.386116943435585e-16,18.942620981637994,2,0.595343113883103,0.717452664777352,6,1.7917594692280547,0.16666666666666666,"2,0,3,7,10,6",125.0
2026-06-30,"mercury,venus,earth,mars,jupiter,saturn",3.650589198826337,-5.752626308040888e-16,18.84653261125899,2,0.6047083517078046,0.7071221944892948,6,1.7917594692280547,0.16666666666666666,"2,0,3,7,10,6",126.0
